Price,Close,High,Low,Open,Volume
Ticker,BNP.PA,BNP.PA,BNP.PA,BNP.PA,BNP.PA
Date,,,,,
2019-01-02,25.744094848632812,25.757268539146946,25.118358368646483,25.510267495412172,4275030
2019-01-03,25.59260368347168,26.060258435720087,25.424642253745215,25.54320296736098,4011198
2019-01-04,26.834197998046875,26.89347835678271,25.8033785662863,25.95158071943832,5325079
2019-01-07,26.794675827026367,27.084489506440327,26.52132737776248,27.084489506440327,4195675
2019-01-08,26.92970085144043,27.235982263184326,26.656354924123047,26.81114265547879,4372775
2019-01-09,26.857250213623047,27.245865324135597,26.74527509061531,27.114130919913165,3619123
2019-01-10,27.147064208984375,27.23598348811088,26.580608023067953,26.61024945785999,3393318
2019-01-11,27.249155044555664,27.338076829338576,26.90994067233662,27.091075780135434,4219405
2019-01-14,27.413822174072266,27.608130970999714,27.07131375395194,27.11083482602818,4549021
2019-01-15,27.463224411010742,27.917705458313648,27.166822635541575,27.74974654606839,4260039
2019-01-16,28.37548065185547,28.37548065185547,27.598250512450917,27.66411645133286,5752135
2019-01-17,27.28209114074707,27.907827706272208,27.275505550902018,27.50603888485212,6948081
2019-01-18,27.973695755004883,28.000040626621168,27.529091811966424,27.591666221382916,6133060
2019-01-21,27.861717224121094,27.993451616606503,27.723397242692457,27.953930545073515,2545457
2019-01-22,27.34466552734375,27.5817869635579,27.00545111655818,27.5817869635579,5480516
2019-01-23,27.38418197631836,27.72010227910117,27.170113909656777,27.170113909656777,3582775
2019-01-24,27.25574493408203,27.815613010616588,27.11413088941156,27.40723861934874,4585018
2019-01-25,28.316205978393555,28.454525985349502,27.581788300770278,27.822203799872295,6014996
2019-01-28,27.963815689086914,28.316203781925918,27.818907590587756,28.316203781925918,3724488
2019-01-29,27.91441535949707,28.07908274184701,27.69375915755326,27.868308693449073,3030043
2019-01-30,27.874893188476562,28.0132131811884,27.66411914835621,27.8979465205952,3403567
2019-01-31,26.982391357421875,28.151530516530606,26.886883995434534,27.865008430568583,6691369
2019-02-01,26.92970085144043,27.114130016255096,26.44887242778463,27.00874299891444,5016903
2019-02-04,26.419235229492188,27.06143701568596,26.165646053572186,26.929702607264844,4894321
2019-02-05,27.094369888305664,27.140479066811736,26.297380363644574,26.37312846480651,5241665
2019-02-06,27.575197219848633,27.65753089987459,26.136003588450063,26.16564250719964,6311587
2019-02-07,26.86712646484375,28.612598934562698,26.80784611605333,27.535675529598564,7174371
2019-02-08,26.24797821044922,26.909941752417676,26.086604888694367,26.702461767304296,5490179
2019-02-11,26.67940902709961,26.824314609742622,26.317141301554926,26.51144759964148,3427547
2019-02-12,27.002153396606445,27.2590340800617,26.71233974317928,27.02191518868923,3865468
2019-02-13,27.262331008911133,27.57520053823505,26.998864708697365,27.16023803743297,6511949
2019-02-14,26.620126724243164,27.479690567172796,26.577311601431802,27.466516876509655,4959220
2019-02-15,27.736568450927734,27.888062109309484,26.462042275078378,26.570723327599303,6601640
2019-02-18,27.944053649902344,28.07908210643361,27.68387889016206,27.756332938776417,3189041
2019-02-19,27.82219886779785,27.993451820438665,27.397356768066835,27.795851486584013,4127008
2019-02-20,28.036264419555664,28.112012512359893,27.54555637960517,27.94075704716101,3440229
2019-02-21,27.39735984802246,28.01980235158186,27.252451747680645,27.986869377674584,5788642
2019-02-22,27.61471939086914,27.86172046326086,27.285384627680184,27.295264268555876,3362525
2019-02-25,28.230575561523438,28.365601504321553,27.851840091272994,27.917706037131865,4052117
2019-02-26,28.424882888793945,28.52697837498027,27.848547047495607,28.1778818139518,3947542
2019-02-27,29.11319351196289,29.337141251002024,28.329375169013513,28.382069937081468,6044690
2019-02-28,29.676353454589844,29.946407839357697,28.7739769756277,29.067084691560197,6138130
2019-03-01,29.570972442626953,29.992520591009235,29.570972442626953,29.90360129921382,4772152
2019-03-04,29.60060691833496,29.95958310837714,29.498513948174924,29.837728344303226,3166569
2019-03-05,29.320669174194336,29.844312675818934,29.09013587953223,29.610485330483236,4567642
2019-03-06,29.435937881469727,29.6697652431688,28.90570875401666,29.261390872921446,4197575
2019-03-07,28.441349029541016,29.547913983490595,28.158120945338162,29.314086613997492,6908751
2019-03-08,27.8913631439209,28.32279089892264,27.64436206050006,28.197644587867735,6079628
2019-03-11,28.540151596069336,28.553322775400297,28.00004027638139,28.00004027638139,4426716
2019-03-12,28.3524227142334,28.915587254343862,28.24374417437154,28.810200252345712,4613595
2019-03-13,28.688350677490234,28.826670671408074,28.250334850792296,28.388654844710135,3391159
2019-03-14,28.876070022583008,29.15600404827165,28.65212229950716,28.68505527088971,4424543
2019-03-15,29.16918182373047,29.175767413879257,28.79374036962442,28.981461096677446,13182683
2019-03-18,29.705991744995117,29.95628684420666,28.981456341507275,29.366777373926958,4447520
2019-03-19,29.71257781982422,29.985926231064873,29.403002389617967,29.738925199549097,4209756
2019-03-20,29.10660171508789,29.794912588014174,29.10660171508789,29.771859258066854,4743619
2019-03-21,28.34913444519043,28.971576890110796,28.256921121887352,28.89253725765453,5930463
2019-03-22,27.4171142578125,28.622480487098564,27.245861316351473,28.622480487098564,7642535
2019-03-25,27.35125160217285,27.641065273491513,27.044970188539335,27.318316117543137,3648529
2019-03-26,27.285385131835938,27.525800618960997,27.061437388224537,27.440172875414756,3734534
2019-03-27,27.878189086914062,28.362311606111273,27.186586564900157,27.436879183738576,6223200
2019-03-28,27.65423583984375,27.894648769675484,27.443461827679865,27.749743206703076,4395584
2019-03-29,28.06590461730957,28.217398283631212,27.818903582793407,28.049436876625375,4389447
2019-04-01,28.638948440551758,28.87277580240924,28.174587767743137,28.41500071878866,4797946
2019-04-02,28.918882369995117,29.188936753064997,28.61260096494791,28.754215001961665,3550029
2019-04-03,29.320669174194336,29.54132282946014,29.139536589138242,29.208696577536877,3968292
2019-04-04,29.557790756225586,29.666471815517905,29.004508332929976,29.310789719265482,3574062
2019-04-05,29.3140869140625,29.72575535314979,29.235044764667922,29.610488692730296,4120347
2019-04-08,29.27785873413086,29.538033478873814,29.228458020866437,29.40300503012603,3121894
2019-04-09,29.36348533630371,29.804792662484022,29.175762130619326,29.19222987194676,4612086
2019-04-10,29.11319351196289,29.567674579737233,28.9649913612404,29.5083942219732,3923649
2019-04-11,29.511688232421875,29.732341919996156,28.935352398754084,29.271272750536955,4518538
2019-04-12,30.506275177001953,31.02991870498161,29.22187173834817,29.547912417958393,7568906
2019-04-15,30.858659744262695,31.379009162489044,30.786208222371393,31.14847588232512,5243601
2019-04-16,31.392187118530273,31.537095207257273,30.825730967278894,30.87513168049261,6014531
2019-04-17,31.905948638916016,32.18588517742142,31.48769462555886,31.602961281789206,6891163
2019-04-18,32.264923095703125,32.33078903501114,31.520625920924775,31.971815394320743,6633598
2019-04-23,31.68859100341797,32.248459090265534,31.50416434189168,32.199058373749615,5489928
2019-04-24,31.056264877319336,31.695172520931955,30.710462418760706,31.5568525425583,6260614
2019-04-25,30.802675247192383,31.273623986405514,30.407474597382176,31.145183649585974,4859454
2019-04-26,30.891599655151367,31.092494047809122,30.50627609928137,30.70058490268585,4207055
2019-04-29,31.395479202270508,31.550266921416654,31.029917465068824,31.201170412504766,4311659
2019-04-30,31.25386619567871,31.451466529991436,31.062851450372424,31.342785466700835,4476162
2019-05-02,31.616130828857422,32.4822801751449,31.444877892422483,31.721517831115303,5626874
2019-05-03,31.784099578857422,32.16612660816827,31.599670397780713,31.813738502305068,3504809
2019-05-06,31.540388107299805,31.63260394850499,30.99039967424885,31.029920749051072,4070456
2019-05-07,30.875139236450195,31.747877008058907,30.64131181681451,31.74458295633861,5132652
2019-05-08,30.838903427124023,30.996985200571864,30.433823122717854,30.690703806024118,3321406
2019-05-09,29.916767120361328,30.568851022991435,29.887128199281406,30.476637696132062,4955409
2019-05-10,29.962875366210938,30.387714964248836,29.643420270490882,30.196702727095033,3976555
2019-05-13,29.495220184326172,29.890423402330256,29.366779829446664,29.867370069726878,3760748
2019-05-14,29.95628547668457,29.95628547668457,29.541323030839564,29.732337769218557,3353309
2019-05-15,29.808090209960938,29.920062823724063,29.333847345493922,29.88054426010171,3981261
2019-05-16,30.2658634185791,30.265863418579098,29.488633223206907,29.70599284726879,3946104
2019-05-17,29.887128829956055,30.153889175803343,29.57096776864174,29.850901806121886,5488732
2019-05-20,29.393125534057617,30.002394300305866,29.264685186515404,29.804793958904362,4178524
2019-05-21,29.6368350982666,29.893715815542155,29.41288735529883,29.64671473929645,4132945
2019-05-22,29.3173770904541,29.712580281192334,29.15600377336392,29.64342028815369,4312371
2019-05-23,28.750926971435547,29.202114006814327,28.675178867343703,29.11319472278254,5412749
2019-05-24,28.918882369995117,29.1362445018591,28.741041311004032,28.89582903897542,4328427
2019-05-27,29.11319351196289,29.37665981442815,28.96169982270478,29.26798125238146,2497380
2019-05-28,29.16918182373047,29.26139516156353,28.65212631148793,29.235047775718368,5841362
2019-05-29,29.211589813232422,29.211589813232425,28.58953948625355,28.974787498344153,7450354
2019-05-30,29.22926139831543,29.674593117316167,29.20452089706608,29.63924992931886,3018877
2019-05-31,28.89349365234375,28.98185296014908,28.593072545108033,28.90763146517405,5158866
2019-06-03,28.851083755493164,28.999529460177886,28.56833555371434,28.6991056195513,4228688
2019-06-04,29.68519401550293,29.777088455969107,28.734449642050453,28.737982073078673,5615538
2019-06-05,29.497875213623047,29.74528292877523,29.23279725228943,29.688731669364742,4488129
2019-06-06,28.985393524169922,29.851313824474882,28.582475220724646,29.420119890065443,6411744
2019-06-07,28.851083755493164,29.158575155146448,28.639021930030946,28.967718703276727,4324562
2019-06-10,29.321157455444336,29.526151732209986,28.95358234774775,29.02427142413895,2632832
2019-06-11,29.37417221069336,29.678128483635824,29.12323206842922,29.14797256987745,3331645
2019-06-12,29.080812454223633,29.250463497095257,28.83693992275563,29.13382857365301,3874173
2019-06-13,29.05254364013672,29.31762160289896,28.83341425002125,29.05607876799704,3047184
2019-06-14,28.88289451599121,29.034872651952004,28.67790024953016,29.020734837384442,3301270
2019-06-17,28.80867576599121,29.16564550602678,28.80867576599121,29.003064667725766,2464571
2019-06-18,29.331756591796875,29.50494278560453,28.34920146926654,28.70263871889686,6116652
2019-06-19,29.847776412963867,29.92906817163844,29.289347574963614,29.33529344938084,4941433
2019-06-20,29.278743743896484,30.098720843517558,29.215127620490563,29.819505061459523,5026599
2019-06-21,29.017196655273438,29.755881883728485,28.904096847150193,29.388306833199906,11582145
2019-06-24,28.812206268310547,29.179781368057,28.684971326583398,28.981857351467557,3396974
2019-06-25,28.600143432617188,28.677900063979482,28.218430531299955,28.487043613320864,3073195
2019-06-26,29.098491668701172,29.278742738520183,28.540060123760583,28.68143557389284,4226710
2019-06-27,29.29641342163086,29.706401925744736,29.2858107355783,29.342359293362705,3837909
2019-06-28,29.522615432739258,29.607439624530134,29.25753747394438,29.352967049157503,3743258
2019-07-01,29.74881362915039,30.20474801969687,29.660454313847097,29.967945701846993,3577651
2019-07-02,29.59330177307129,29.929066077928443,29.33529139720879,29.918463391997907,2896316
2019-07-03,30.09164810180664,30.187077672057107,29.36003308143972,29.54735439780477,3392086
2019-07-04,30.42740821838379,30.6041268239867,29.94320096479944,29.96794146172337,4421553
2019-07-05,30.681888580322266,31.003517790709925,30.310781064312327,30.63594270591505,4689974
2019-07-08,30.3743953704834,31.074199551908034,29.99621765517502,30.738435273493746,3939380
2019-07-09,30.095184326171875,30.29310833610819,29.724074111028894,30.257765148121333,3372644
2019-07-10,30.180007934570312,30.667750391011744,30.126991805356337,30.289572624170145,3198971
2019-07-11,30.09164810180664,30.264831604189688,29.801829656456274,30.264831604189688,3253301
2019-07-12,30.063373565673828,30.544048472469807,30.045703319938802,30.211819269619934,3180625
2019-07-15,30.282503128051758,30.420343437282636,29.9573415112257,30.15173037722485,3044777
2019-07-16,30.540510177612305,30.741969276596794,30.158797349058997,30.180002718474665,3437757
2019-07-17,30.056304931640625,30.46982587892063,29.939669988609147,30.413277319473803,3822487
2019-07-18,29.950271606445312,30.204746856157946,29.632177544304522,29.932601361972726,3300089
2019-07-19,29.68519401550293,30.240090392815986,29.536751016950646,30.06337176696454,4264946
2019-07-22,29.68519401550293,29.893723396193998,29.501407831082805,29.582696888927618,2467456
2019-07-23,30.342592239379883,30.558189212177147,29.83010922329549,29.893728046358827,4655604
2019-07-24,30.34612464904785,30.50870547197615,30.04216837680856,30.42034615322083,3236532
2019-07-25,30.388540267944336,31.526606109902843,30.031567839598015,30.515775215267794,6937725
2019-07-26,30.34965705871582,30.58999449206624,30.148197937856803,30.39560292960922,3031918
2019-07-29,30.151735305786133,30.39207277848893,30.038635477250267,30.26837026235792,2325130
2019-07-30,29.34943199157715,29.98915260411552,29.130299907704572,29.971482358061042,5814489
2019-07-31,29.81596565246582,30.52990768769589,29.81596565246582,30.321381011328498,6971094
2019-08-01,30.286041259765625,30.63240828267401,29.830106846885766,29.833641974694505,5001753
2019-08-02,29.087886810302734,29.51907799107294,28.822808872286046,29.420115992322,7322716
2019-08-05,28.568334579467773,28.932374528457252,28.419891576357713,28.628418266939136,5035113
2019-08-06,28.46584129333496,28.93237843504081,28.3810170938919,28.62842213248111,3965535
2019-08-07,28.243175506591797,28.64962623818297,27.928613833597556,28.543596667707583,5194184
2019-08-08,28.80160140991211,29.02780103939371,28.253775277719466,28.702639409077943,4488858
2019-08-09,28.419893264770508,28.720314416487508,28.21136386528813,28.451701325964226,4683483
2019-08-12,28.038179397583008,28.75919175508428,27.956887638665815,28.61074605169256,3702719
2019-08-13,28.53652572631836,28.8475522638721,27.80137822053792,27.92861316274968,5868317
2019-08-14,27.79430389404297,28.345665116754617,27.614050149497967,28.289116561443933,6213252
2019-08-15,27.992231369018555,28.32446327357887,27.48328352178113,28.055850186987286,6567800
2019-08-16,28.706174850463867,28.76979366548299,27.582244249467575,28.013438140540263,11162513
2019-08-19,28.836946487426758,29.250470155904193,28.808673554271753,28.960651693093812,4790490
2019-08-20,28.649625778198242,28.858155180856485,28.416358569687564,28.681436536388915,3143537
2019-08-21,28.702640533447266,29.109093935520132,28.64962440334865,28.64962440334865,3217232
2019-08-22,28.93944549560547,29.21866128949007,28.596613575620395,28.688505333218387,4737444
2019-08-23,28.3209228515625,29.20098345170009,28.320922851562504,29.123226833550238,4349421
2019-08-26,28.663761138916016,28.858152709789984,28.352737322029956,28.395148067302614,3182399
2019-08-27,28.504714965820312,28.836944149686428,28.363339525456396,28.610744523709062,3523908
2019-08-28,28.416358947753906,28.58247490720552,28.25731054770952,28.451702137815143,2631387
2019-08-29,28.858154296875,29.109094440750663,28.253776874890676,28.310325437201595,3868947
2019-08-30,29.006595611572266,29.292878927227882,28.83341211044215,28.99245779769254,3462891
2019-09-02,29.013662338256836,29.321153714170517,28.875822027522613,28.921770595442155,1754434
2019-09-03,28.872291564941406,29.14443707746707,28.631954112517327,28.98185625619672,2764850
2019-09-04,29.162111282348633,29.363570427918933,29.031338515517472,29.22573010181886,3034914
2019-09-05,30.013891220092773,30.18354228993409,29.17271151909828,29.285811333488397,5527222
2019-09-06,30.00682258605957,30.26129783344575,29.84070664976514,30.11285214146236,3808500
2019-09-09,30.897483825683594,30.92222432538544,30.088112197562907,30.088112197562907,4594619
2019-09-10,31.491260528564453,31.646773791783566,30.604132217083674,30.67835641744727,6611286
2019-09-11,31.314542770385742,32.0532280948888,31.190840260496465,31.745736687581907,5662797
2019-09-12,31.26859474182129,31.986071946301895,30.381466466519196,31.257992055491,6068374
2019-09-13,32.0602912902832,32.229942349691484,31.498327380485495,31.61495961878457,5860313
2019-09-16,31.51953887939453,31.925992318307554,31.39583636229386,31.798754673143257,4044256
2019-09-17,31.014116287231445,31.459447942789414,30.837397675908186,31.279194204216328,3859422
2019-09-18,30.96463966369629,31.208512244638726,30.819729087625447,31.00705310714657,2945941
2019-09-19,31.632633209228516,31.63616833667753,31.056531474598117,31.272128408281432,4468022
2019-09-20,32.01788330078125,32.039091372136994,31.473592238714353,31.540743491221917,9208874
2019-09-23,31.109546661376953,31.92245344379962,30.86214165621126,31.834094128167255,4312905
2019-09-24,30.915159225463867,31.47712320474593,30.75964595982043,31.22971818805177,2733297
2019-09-25,30.75611114501953,30.848005593517925,30.01389339087088,30.688959894954813,4003795
2019-09-26,30.9929141998291,31.01411957255033,30.473360996060652,30.554650055833555,3078495
2019-09-27,31.23678207397461,31.41350069269332,30.8939502187305,31.035322956495765,3159342
2019-09-30,31.576082229614258,31.731595480572185,31.222644983991465,31.24385305235712,4395120
2019-10-01,31.13075828552246,31.858838266587334,31.07774215078676,31.738670877931536,3785352
2019-10-02,30.04216766357422,31.116617277711764,30.04216766357422,31.00705258794033,4696838
2019-10-03,29.770017623901367,30.222416824893486,29.42364796885381,30.08104140045546,4142726
2019-10-04,29.890186309814453,29.890186309814453,29.405976335969548,29.745278448299096,3336824
2019-10-07,30.123458862304688,30.218885736058407,29.519078774652698,29.752348660625366,2967087
2019-10-08,29.918468475341797,30.254232837247514,29.39538007629102,30.16233838271576,3386045
2019-10-09,30.03510093688965,30.26836813714235,29.77709053863541,29.886655231442557,3136562
2019-10-10,30.88334846496582,31.01765635673939,30.042168711780448,30.042168711780448,4577627
2019-10-11,32.33951187133789,32.33951187133789,31.070673300985177,31.13782455211682,6085966
2019-10-14,32.08503341674805,32.244081798608754,31.742198849673304,31.975468731130768,3088598
2019-10-15,33.251380920410156,33.251380920410156,32.000212589098055,32.37485525395258,6398827
2019-10-16,33.39982223510742,33.78860269536704,32.901474386797325,33.22310359894283,5422214
2019-10-17,33.208961486816406,33.97591962135385,33.02870774623213,33.16654804888127,5597116
2019-10-18,33.21603775024414,33.495250836829875,32.979232716241164,33.081729854075654,3820387
2019-10-21,33.79566955566406,34.13496897943173,33.25490831825622,33.3680108226909,4443601
2019-10-22,33.802738189697266,34.025402685237,33.505852195644295,33.8946326292189,3140470
2019-10-23,33.898170471191406,33.990062221559256,33.36447942884578,33.49878462312278,3137790
2019-10-24,33.806270599365234,34.24099686949497,33.647222232613,34.011264833928394,3648215
2019-10-25,33.71084976196289,33.90170623353835,33.19836673947312,33.841622537814416,2926910
2019-10-28,33.95118713378906,34.00066814146524,33.65076595960865,33.78860629477981,3076269
2019-10-29,33.92997360229492,34.02186803582451,33.61894981501822,33.88402773378615,3115183
2019-10-30,33.173622131347656,33.92997766780481,32.82725242285671,33.79920490813237,4571784
2019-10-31,33.08879470825195,33.47050487035874,32.618722541425676,33.47050487035874,4663137
2019-11-01,33.34326934814453,33.541196044607126,32.936818662034,33.22310197574962,2703128
2019-11-04,34.248077392578125,34.45307168860497,33.71438627585747,33.72852409246409,4439139
2019-11-05,34.70753860473633,34.77822767617397,34.371774279072696,34.53081997091076,4266511
2019-11-06,35.251834869384766,35.85267988574321,35.08218647869271,35.16347554608316,6269566
2019-11-07,36.29093933105469,36.29093933105469,35.3189868294596,35.48510277935601,5337906
2019-11-08,35.84560775756836,36.28387191974224,35.70423230836751,36.085945212256085,4274211
2019-11-11,35.7113037109375,35.85267916467925,35.449760874248376,35.6547524508358,3619626
2019-11-12,35.958702087402344,36.01525333705332,35.61940267903245,35.845602284612376,3043497
2019-11-13,35.44976043701172,35.66888982592182,35.23769591075843,35.4638955553503,4460860
2019-11-14,35.58406448364258,35.654750859101554,35.19528402559344,35.44268903621224,3555313
2019-11-15,35.789058685302734,35.94456925034431,35.40734578685888,35.85267750171004,3512580
2019-11-18,35.76078414916992,36.10008361487146,35.29424704676625,35.83854078232261,3075990
2019-11-19,35.87388229370117,36.290938373054935,35.76785003590303,35.81733103713888,4169351
2019-11-20,36.12128829956055,36.12128829956055,35.308384187822384,35.55578920084869,4252294
2019-11-21,36.4040412902832,36.52420867594452,35.74664770757262,35.8880231645073,4602055
2019-11-22,36.43938446044922,36.92712965178134,36.33335489019064,36.510073537134154,3545780
2019-11-25,36.38283157348633,36.799887638589006,36.31921276028381,36.61609875755407,2484885
2019-11-26,36.07180404663086,36.46765472831641,36.00111767685337,36.382830545280996,3650049
2019-11-27,36.305076599121094,36.38990078841464,36.022325706126125,36.21318215442088,3352844
2019-11-28,36.07887268066406,36.248521039113406,36.02939168474033,36.24145348105804,2080929
2019-11-29,36.02939987182617,36.23439146015741,35.90216222582049,35.9799188646587,2845466
2019-12-02,35.59113693237305,36.559557127586956,35.49924517095404,36.17784417603605,4110104
2019-12-03,34.99028778076172,35.93749971945495,34.80296646953899,35.73250546711179,5119837
2019-12-04,35.54872131347656,35.71130213432244,34.91960340343874,34.954946591185696,3298077
2019-12-05,35.52751159667969,36.05059991922799,35.506306224317,35.56992503791731,2271755
2019-12-06,36.00818634033203,36.10715103617481,35.47803046119369,35.66181934267517,2711269
2019-12-09,35.88801574707031,36.17076390598792,35.86681037669229,35.979910179561735,1993418
2019-12-10,35.53458023071289,35.774917660403986,35.177607865323445,35.774917660403986,3136032
2019-12-11,35.6264762878418,35.81733003210336,35.386138847220586,35.40734421958025,2340610
2019-12-12,36.510074615478516,36.71506620263798,35.57700034777895,35.66182454579364,4256173
2019-12-13,36.792816162109375,37.78244151318256,36.792816162109375,37.59865263824879,5879618
2019-12-16,37.6057243347168,37.64813507939491,37.01901719922186,37.05436038529104,3792646
2019-12-17,37.520896911621094,37.5845130231496,37.146251621377125,37.464345661579735,3446801
2019-12-18,37.65520095825195,37.72588732217519,37.34417718187301,37.39365817592166,3057803
2019-12-19,37.82485580444336,37.92382050604391,37.54917516269427,37.74710186938296,2821488
2019-12-20,37.860198974609375,38.036917598600525,37.71882353611401,37.74709916311552,8333270
2019-12-23,37.5421028137207,37.655202618892886,37.3795220123177,37.655202618892886,1851055
2019-12-24,37.45021057128906,37.58451575513178,37.35831613154814,37.35831613154814,388283
2019-12-25,37.45021057128906,37.45021057128906,37.45021057128906,37.45021057128906,0
2019-12-27,37.443145751953125,37.71882639483127,37.38659449366407,37.45728356652539,2271522
2019-12-30,37.273494720458984,37.59865636649264,37.273494720458984,37.358318911486805,1669313
2019-12-31,37.344181060791016,37.344181060791016,37.11091118189325,37.11091118189325,575796
2020-01-02,37.87434387207031,38.171229921578714,37.591592942194275,37.60573075833935,2783637
2020-01-03,37.42193603515625,37.584516850814616,37.17453103230924,37.51383047757613,2535225
2020-01-06,37.23815155029297,37.25228936488986,36.503001370329024,36.78575226924205,2494787
2020-01-07,37.2240104675293,37.56330989852792,37.082635030485164,37.414866903062055,2022813
2020-01-08,37.308837890625,37.47848896911096,36.76454416347773,36.94833305654689,2893097
2020-01-09,37.040225982666016,37.7400302484783,36.91298835315246,37.669343874976235,3207565
2020-01-10,36.87057876586914,37.188672872908974,36.76454649801834,37.08971086105493,2495036
2020-01-13,36.70799255371094,36.976605615463335,36.47472267722571,36.84229773633104,2858479
2020-01-14,36.87764358520508,36.96953803074683,36.23438785943757,36.821095023995646,3294787
2020-01-15,36.0223274230957,36.95540163933588,35.91629785555306,36.83523425681839,3230881
2020-01-16,35.76078414916992,36.29094006992466,35.499241316621074,36.05060261132201,3309337
2020-01-17,35.87388229370117,36.09301436811157,35.647682660476654,35.99404966912755,2954093
2020-01-20,35.69009017944336,35.89508170917858,35.612333562831566,35.83146290436092,1776051
2020-01-21,35.49216842651367,35.78905712228587,35.251830985750374,35.47803061276145,2847578
2020-01-22,35.40027618408203,35.75371343338071,35.27303855861353,35.52044355451772,2939696
2020-01-23,35.311912536621094,35.68301998491765,35.036229250942654,35.50630138196351,4186551
2020-01-24,35.28010559082031,35.87388026864458,35.2376921507928,35.81732901527456,3186013
2020-01-27,34.54496383666992,35.188219668617904,34.4212613106247,34.9973631870712,4716090
2020-01-28,34.933738708496094,35.1352005424091,34.31522348181723,34.71460932538351,3074687
2020-01-29,34.99382400512695,35.27303976520557,34.838310747231944,35.1210616349479,2413393
2020-01-30,34.5590934753418,34.7746904110785,34.25160479715274,34.49547466321437,3404856
2020-01-31,33.961788177490234,34.84891653761583,33.90877474076987,34.84891653761583,4461448
2020-02-03,34.17031478881836,34.4495305509389,33.86635852608016,34.00773397097203,3293745
2020-02-04,34.84184265136719,34.84184265136719,34.33996243379109,34.43538929907193,3725725
2020-02-05,35.068050384521484,35.48510651883466,34.50608365855545,34.884261472986765,3809870
2020-02-06,35.633548736572266,35.83147276312368,35.40028151906704,35.45683008529061,3883717
2020-02-07,36.637306213378906,36.637306213378906,35.52751078018728,35.661818659430295,4629252
2020-02-10,36.50300216674805,36.63023980438373,36.34042134010523,36.46765897774091,3595939
2020-02-11,37.273494720458984,37.30883790867787,36.68679024579064,36.88471425702636,3683036
2020-02-12,37.87434387207031,37.95209781609915,37.2805690765408,37.30884201231824,4311939
2020-02-13,37.86726760864258,37.874337863849874,37.315906349013844,37.690548979632105,3528208
2020-02-14,37.94502639770508,38.1641584809014,37.775375317728496,37.867269765070496,2896124
2020-02-17,38.298465728759766,38.32674135969026,37.95209599114272,38.02278506846894,2154079
2020-02-18,37.93795394897461,38.19242920597253,37.902610762505404,38.04398620489451,3238319
2020-02-19,37.9945068359375,38.22777673037246,37.86020164298284,38.121744469899774,2736048
2020-02-20,37.64813995361328,38.08640414645137,37.527972566117825,37.89554768115335,3453029
2020-02-21,37.61986541748047,37.77537598900063,37.26642813305172,37.464352149447826,4704745
2020-02-24,36.19197463989258,36.77161150937636,36.02232357483069,36.51006870156348,8375558
2020-02-25,34.4247932434082,36.40404156594339,34.4247932434082,36.39697400647378,9064145
2020-02-26,34.08195114135742,34.2763426904426,33.29732008361287,34.07134845622768,9987467
2020-02-27,32.08150100708008,33.4033583876333,31.7563393537246,33.4033583876333,12715472
2020-02-28,30.95050048828125,31.272129686483915,30.0775100320309,30.85507361535464,11414189
2020-03-02,30.71723747253418,31.565484847342237,29.589771606675978,31.561952415781263,9760643
2020-03-03,30.26129913330078,31.73513185845575,29.95380774674902,31.73513185845575,10183476
2020-03-04,29.865449905395508,30.445086823933075,29.688731266902042,30.324919444083484,8378905
2020-03-05,28.639022827148438,30.225955484824816,28.317396299366806,30.098720542771776,9912621
2020-03-06,27.22527503967285,28.221968127042047,26.779943282525405,27.925082086618836,10830096
2020-03-09,23.881755828857422,25.25662657057069,23.88175582885742,24.210452592351295,15285280
2020-03-10,24.479066848754883,26.355817948875714,23.846413791881744,24.40484534329099,15219866
2020-03-11,25.20714569091797,26.097806414336464,24.645181732579033,24.952670428080587,9873471
2020-03-12,21.913110733032227,24.178644927337785,21.542001869301465,23.40815157112229,19034340
2020-03-13,22.42913055419922,24.730008113735074,21.9661285578035,22.874462303644485,11707060
2020-03-16,19.396636962890625,21.520794275600476,18.714502951790678,20.895210171460604,12726489
2020-03-17,20.640735626220703,20.796247528489676,18.428217719757082,20.347382066007402,9688197
2020-03-18,18.661487579345703,20.31910923790761,18.59786876290908,19.983343561882375,9362461
2020-03-19,19.21638298034668,19.803088763717245,17.742550289229875,19.481460918886203,8956394
2020-03-20,19.396636962890625,20.425139322653028,19.216383207529304,19.79248631161113,12822483
2020-03-23,17.9722843170166,19.01492451441889,17.7778940916634,18.308049987130037,10576950
2020-03-24,19.63697624206543,19.63697624206543,18.47416723886693,19.439050875056243,10496527
2020-03-25,21.20623779296875,21.31580384027135,19.79248860677083,20.428675470908637,10369508
2020-03-26,21.898975372314453,21.962594195882858,20.361523615342822,20.644273193282206,7408851
2020-03-27,21.117876052856445,21.729322344144233,20.449879854520546,21.333472994807426,6383577
2020-03-30,19.969205856323242,20.849265256321363,19.106819398519743,20.77504240457006,6719180
2020-03-31,19.446117401123047,20.38626041983228,19.053801843060032,20.145922985131623,8373353
2020-04-01,18.286846160888672,19.014926122692927,18.251501622581106,18.873552014231496,8110217
2020-04-02,18.410545349121094,18.85587566531329,17.813236916296443,18.414079128185463,5921150
2020-04-03,17.484542846679688,18.166676911714408,17.321960671590364,18.092454057502575,6957628
2020-04-06,18.127798080444336,18.255035714618643,17.682466360834255,18.237362772339612,8638999
2020-04-07,18.908891677856445,19.576887822343867,18.336323746618085,18.668554255211994,12757415
2020-04-08,19.053802490234375,19.053802490234375,18.12426212587137,18.449425103733834,5222838
2020-04-09,20.078771591186523,20.354452227558934,19.463790154367874,19.502668469396017,9750490
2020-04-14,19.658180236816406,20.418070893357374,19.49559941903523,20.418070893357374,5415721
2020-04-15,18.251501083374023,19.534478798525488,18.251501083374023,19.509738296569243,6459828
2020-04-16,17.60117530822754,18.6685559970302,17.541091621088494,18.378737551198714,7852591
2020-04-17,18.004093170166016,18.799326988873535,17.848581264324306,18.095987610906757,9194930
2020-04-20,18.16314125061035,18.265638383400557,17.57997055889377,18.2373627543869,4940639
2020-04-21,17.438594818115234,17.912200810108065,17.438594818115234,17.60117563745076,6244704
2020-04-22,18.05004119873047,18.1419356435858,17.51988529585429,17.6824661158215,4322856
2020-04-23,19.17750358581543,19.74653774418784,18.35399553760555,18.417614347128925,8228825
2020-04-24,18.59079933166504,18.9619095331695,18.449425236657,18.66502218091962,5119969
2020-04-27,19.64404296875,19.68291993364874,19.2411233719002,19.651110527272603,4930291
2020-04-28,20.923484802246094,21.474846031775183,19.68998824585876,19.79248536867083,8449905
2020-04-29,21.7010498046875,21.98026423473025,20.69375273504406,20.828059280647768,7277456
2020-04-30,20.26962661743164,21.810613309235638,19.933862294137754,21.69397971282715,9216621
2020-05-04,19.16337013244629,19.774816477161206,18.91596376189679,19.08914727750206,7545564
2020-05-05,19.94093132019043,20.464019697575534,19.294141778457444,20.14592559622733,6416452
2020-05-06,19.7924861907959,20.032823630973194,19.424911123671077,19.933861631461177,4673027
2020-05-07,20.14238739013672,20.26962365445879,19.73240027641634,19.933859380246254,4240859
2020-05-08,20.368589401245117,20.474620308188026,20.011617018354762,20.38626099435958,3107443
2020-05-11,19.863174438476562,20.782110782429363,19.68645580708132,20.782110782429363,4070204
2020-05-12,19.665246963500977,20.156524490035917,19.6192997467855,19.827827763256018,3992813
2020-05-13,18.732175827026367,19.375431568320362,18.732175827026367,19.311812750103925,5924054
2020-05-14,18.541318893432617,18.665022747105258,17.62591630858231,18.57666342944888,6821270
2020-05-15,18.760448455810547,19.20577876383819,18.311583020527312,18.813463230340307,5429807
2020-05-18,20.227216720581055,20.34385167791677,19.230523632420443,19.368363965085333,5404582
2020-05-19,20.039894104003906,20.84926580114215,19.615769097117685,20.73616463081709,7790931
2020-05-20,20.37212562561035,20.45341604229819,19.198713904997224,19.810160268284594,5230325
2020-05-21,19.99394416809082,20.333243588276616,19.78541614663696,20.043425165002578,3916377
2020-05-22,20.057565689086914,20.65487420837647,19.435516667997312,19.65818118419776,5170362
2020-05-25,20.432207107543945,20.485221884013693,20.054029372717633,20.45694760621437,2976462
2020-05-26,21.913110733032227,22.259479095731347,20.65133978739393,20.676080288425567,9030109
2020-05-27,23.846412658691406,24.309414612136152,22.308959749714955,22.358440751006196,13521764
2020-05-28,23.818138122558594,24.334156228623755,23.16074456495898,24.03373507943333,7563506
2020-05-29,22.80023956298828,23.782794764566635,22.747223431976064,23.39754672928946,7522308
2020-06-01,23.669694900512695,23.70150296115487,23.097125540341693,23.6025409549182,3908571
2020-06-02,24.37303352355957,24.797159860384745,23.627280677074843,23.95951256977771,7772221
2020-06-03,25.553516387939453,25.74437014594959,24.684058307387993,24.93146602095983,8550835
2020-06-04,25.46162223815918,26.030656480566325,24.694663979788672,25.21774964955255,7762229
2020-06-05,27.64940071105957,27.64940071105957,26.168497585513542,26.295735227143453,11020796
2020-06-08,27.886201858520508,28.748586985841246,27.175792172551162,27.380786441579126,8809774
2020-06-09,26.974334716796875,27.730690325561802,26.012984826195158,27.331307145993676,7719288
2020-06-10,26.401763916015625,27.815513045580314,26.299269477053155,27.327770566624984,6480806
2020-06-11,24.563888549804688,25.677216411868056,24.45785629760353,25.3485196658591,8593919
2020-06-12,24.719402313232422,25.585322503620286,23.92416849476968,24.15036812074477,8776701
2020-06-15,24.24226188659668,24.52147766305657,23.32332549237535,23.485906318571146,6479389
2020-06-16,25.454551696777344,26.253320703899256,24.98801459544761,25.376797760316094,7327702
2020-06-17,25.41567611694336,26.020053542585558,25.101114456731384,25.323781669055453,5658405
2020-06-18,25.31671142578125,26.065999431017353,24.82190139040241,25.203611603907166,5732739
2020-06-19,24.952672958374023,25.730236639948565,24.772419179500417,25.71609882430038,12752348
2020-06-22,24.811294555664062,25.03042662745189,24.26346842096294,24.609835425468525,3900106
2020-06-23,25.666616439819336,26.129618417261536,24.892587927840413,25.115252445191725,5014774
2020-06-24,24.39423942565918,25.75497508557382,24.39423942565918,25.482826874985932,4663959
2020-06-25,24.86431121826172,24.910259788784185,23.85701554563728,24.17510962554825,5312112
2020-06-26,24.376569747924805,25.320246642809213,24.36596706091683,25.24956026508106,3979547
2020-06-29,24.988014221191406,25.235421931176045,24.107956162968872,24.29527748695676,4506897
2020-06-30,25.002151489257812,25.214213309957728,24.479065844632178,25.058702746251043,4882651
2020-07-01,24.54268455505371,25.207145642795435,24.320017352239923,25.072840452782035,4959740
2020-07-02,25.875141143798828,26.288662085446635,24.77241593622575,24.94913456392265,7004183
2020-07-03,25.64540672302246,26.04125742497162,25.341450463697846,25.875141481327663,3411030
2020-07-06,26.426504135131836,27.260616328370148,26.281596253088605,26.514863454784095,5201162
2020-07-07,26.324007034301758,26.50425808666902,25.846864599237843,26.16142352965777,3632997
2020-07-08,25.694889068603516,26.073066848741824,25.578256816046796,25.99177778473297,4555513
2020-07-09,25.101112365722656,25.988240620267227,25.097579934703408,25.935224493343995,3908527
2020-07-10,25.928159713745117,26.00238122078773,24.825434402299475,24.91379372447104,4223656
2020-07-13,26.67391014099121,26.716320885942135,25.811522373492206,26.50072664057965,5212840
2020-07-14,26.511327743530273,26.917781102947117,26.080133885532163,26.44770893339101,4572378
2020-07-15,27.23587417602539,27.589311433213418,26.302800032769984,26.89657473270636,5719396
2020-07-16,27.257083892822266,27.47621327975773,26.896576358650307,27.03441668156534,3779803
2020-07-17,26.84356117248535,27.25001459643241,26.444178004405213,27.182863344771835,5571889
2020-07-20,26.868297576904297,27.00614058015946,26.348747103456283,26.69511408575496,2912476
2020-07-21,27.242944717407227,27.999300240014247,27.098034146111935,27.299493276964977,5245808
2020-07-22,26.71985626220703,27.419663222045305,26.673910389245155,27.193463591827584,3444107
2020-07-23,26.553741455078125,26.93191923082777,26.377022817877123,26.921316544037698,3238763
2020-07-24,26.253320693969727,26.504260838872916,26.11901549848297,26.22504506444227,3543160
2020-07-27,25.670146942138672,26.25331895405929,25.54997956937961,26.087203012235182,3659072
2020-07-28,25.56764793395996,26.02711741174604,25.405067131677278,25.638336997895088,3808597
2020-07-29,25.306106567382812,25.81152194287682,25.097579884153593,25.716095071816987,3554642
2020-07-30,24.30234718322754,25.214213280835203,23.88529110117739,25.214213280835203,6533565
2020-07-31,24.115026473999023,25.836264278500586,24.107956218447885,25.48989725884238,6780122
2020-08-03,25.065771102905273,25.203611425572976,24.02666733944968,24.164507662117384,4340054
2020-08-04,25.578256607055664,25.84333456376747,25.189473446668412,25.415675783853914,4155675
2020-08-05,25.408605575561523,25.832729228484432,25.341451630185635,25.726699663509915,2871445
2020-08-06,25.330846786499023,25.751437972336152,25.04102835249258,25.323779228040802,3138798
2020-08-07,25.07990837097168,25.355589010298466,24.765349416200106,25.231886505025212,2604704
2020-08-10,25.31671142578125,25.680754089684903,25.083444222890147,25.429811247655337,2896664
2020-08-11,26.5007266998291,26.582015758841624,25.465155429603236,25.521703988501653,5038193
2020-08-12,26.737525939941406,27.348970813808858,26.069529817166558,26.4194319061172,5222641
2020-08-13,26.14729118347168,26.787011797940778,26.126083113024876,26.40529888804777,3096277
2020-08-14,25.914016723632812,26.11547583009245,25.214209845318702,26.055392150177397,3610360
2020-08-17,25.656007766723633,26.186163622786093,25.61006189660925,25.8963451959991,2314950
2020-08-18,25.369726181030273,25.84686594441432,25.224818306104474,25.412139623124617,2886912
2020-08-19,26.037721633911133,26.037721633911133,25.178869006123808,25.217747319454645,2585321
2020-08-20,25.41567611694336,25.59592718838076,25.182406217653853,25.496965181353374,2804170
2020-08-21,24.995084762573242,25.624202686750788,24.684058231779893,25.613599999839643,3872526
2020-08-24,25.648941040039062,25.67721666710873,25.175336420927067,25.253090350600335,2801975
2020-08-25,25.701955795288086,26.313400693099602,25.69842066796495,25.892812223056513,3337718
2020-08-26,26.083669662475586,26.154356032607495,25.51816791537163,25.592392109475963,2236630
2020-08-27,25.793851852416992,26.080135163819467,25.55704684409006,26.03772172281041,3129399
2020-08-28,26.723390579223633,26.871833576455245,25.811521830779963,26.08367002221679,5621171
2020-08-31,25.846866607666016,27.221737373484977,25.818593675389923,26.808216414375007,4202205
2020-09-01,25.507568359375,26.40529939206841,25.108185195750817,26.15435924184304,4783355
2020-09-02,25.362659454345703,25.903418050355825,25.28843795062984,25.659545469209142,3876857
2020-09-03,25.553516387939453,26.493658149277596,25.330849176073553,25.793853845873915,4491580
2020-09-04,26.313400268554688,26.783472424001285,25.44748014768951,25.588855576701302,6706818
2020-09-07,26.43710708618164,26.9283846425266,26.377020704996973,26.631495953624157,3050225
2020-09-08,25.747901916503906,26.81528387152714,25.65954260814493,26.483052009213512,4068642
2020-09-09,26.00591468811035,26.11547937772292,25.482826347790585,25.716096237754254,3647639
2020-09-10,26.157894134521484,26.659774430459247,25.733767775965465,26.048326742892126,4257996
2020-09-11,25.525238037109375,26.1826315226523,25.45454897083413,26.10487489800561,4532226
2020-09-14,25.850400924682617,25.906952180486023,25.422742164590478,25.832727983115984,2784955
2020-09-15,25.330846786499023,25.889278282625057,25.267227974326282,25.825659470452315,4303472
2020-09-16,25.242488861083984,25.429810180403294,24.4649279553968,25.330848177480817,4581410
2020-09-17,25.041030883789062,25.16120096182383,24.66638822785192,24.81836636693231,3376597
2020-09-18,24.454326629638672,25.065771623081858,24.3447592375813,24.95620692753698,10536125
2020-09-21,22.895668029785156,24.175112035874598,22.761362825548744,24.171576907825248,7493481
2020-09-22,22.77549934387207,23.326860641607905,22.697742710291383,23.192555445021924,4131860
2020-09-23,22.234737396240234,23.153675057370712,22.195859082927157,23.040575244963286,5279813
2020-09-24,22.02621078491211,22.386716965807924,21.5667425988412,21.775270644214576,5292452
2020-09-25,21.38295555114746,22.26654875574033,21.25571791396509,22.181723214866675,5076141
2020-09-28,22.492746353149414,22.496281480669516,21.81414748094982,21.93431619976718,4492970
2020-09-29,21.909574508666992,22.280683330985553,21.82474898012696,22.125170086704834,3169235
2020-09-30,21.89543914794922,22.270081791296022,21.481916840922043,21.5879491005357,4422170
2020-10-01,21.669239044189453,22.326631219750837,21.59148241501563,22.284219125772463,3887376
2020-10-02,21.55260467529297,21.65510180770939,21.18149580950738,21.347611758716322,3802029
2020-10-05,22.234737396240234,22.280684616360784,21.810612425584328,21.994399957810423,4120950
2020-10-06,23.351600646972656,23.609611044139317,22.111036405190035,22.25594563398238,6290067
2020-10-07,23.401081085205078,23.538921403382695,23.104195075749388,23.217294893139034,4933207
2020-10-08,23.8358097076416,24.132695712093817,23.496510261190938,23.567196634676048,4040001
2020-10-09,23.62374496459961,24.051406418519342,23.538920777939293,23.821671662156717,3182920
2020-10-12,23.708572387695312,23.987788150677815,23.4646998119168,23.63435088561323,3125922
2020-10-13,22.743688583374023,23.67323036186367,22.630588760865347,23.67323036186367,4281376
2020-10-14,23.00876808166504,23.35160269993254,22.581109264979723,22.747225230244403,3327464
2020-10-15,22.383182525634766,22.902735733981103,22.00500341361483,22.637657786580917,4311046
2020-10-16,22.764896392822266,22.88506377313515,22.029746206692156,22.634123629088442,5188171
2020-10-19,23.04410743713379,23.227896315711053,22.552831227539134,22.87092394104199,1940209
2020-10-20,23.40814971923828,23.779257205353506,22.902734355423313,22.902734355423313,4564142
2020-10-21,23.06884765625,23.793395082756913,22.934542474700343,23.62727914716181,3046079
2020-10-22,23.033506393432617,23.082987395843947,22.471542424684344,22.8744606994694,2952934
2020-10-23,23.680295944213867,23.966579256177905,23.00169706581127,23.04057537935111,4452562
2020-10-26,23.29151725769043,23.747451671813963,22.948682665143185,23.114798617945453,3781415
2020-10-27,22.178186416625977,23.609608291841734,22.178186416625977,23.397543794393403,5499192
2020-10-28,21.029518127441406,21.665704960805197,20.70435647750782,21.478383634137206,9539478
2020-10-29,20.714956283569336,21.276921533675637,20.350916367802878,20.987103112690605,6138415
2020-10-30,21.10373878479004,21.177960286912093,20.442811476275057,20.4993613847856,5246970
2020-11-02,22.001468658447266,22.075690156846107,21.12140931887669,21.34761028982798,5053240
2020-11-03,23.348066329956055,23.57426597804701,22.800240152693984,23.326860955607685,7105234
2020-11-04,23.41168212890625,23.758051812144714,22.361974438152885,22.619983462733966,6095662
2020-11-05,23.94890785217285,24.01605909334477,23.05824450793456,23.609608429395635,5692324
2020-11-06,23.48944091796875,24.139766904633873,23.323324967665368,23.82167281857552,6069268
2020-11-09,27.713016510009766,30.042166730431443,23.71563931495578,23.913566011749317,15161714
2020-11-10,29.830102920532227,30.031562034914646,27.829646893057603,27.932144013920528,17980334
2020-11-11,29.045475006103516,29.929068182613705,28.727380923257368,29.695798289689073,6997306
2020-11-12,27.95335578918457,28.692041175497327,27.447943020276767,28.324466046417623,7471758
2020-11-13,28.21489715576172,28.363340158023938,27.451471378677788,27.592846822194698,5457079
2020-11-16,28.699106216430664,29.497875228680513,28.398685066068374,28.822811422326133,7415521
2020-11-17,28.928842544555664,29.027804557383412,28.359808274283505,28.78393465334721,5016260
2020-11-18,29.07375144958496,29.14443782708151,28.561265774941354,28.628419721121798,4020714
2020-11-19,28.844011306762695,28.974784046943164,28.36333647906016,28.59307120791257,4098623
2020-11-20,28.946516036987305,29.16918057007109,28.734454191691416,28.844018894183215,4965831
2020-11-23,29.328224182128906,29.75941536192137,29.204518987458506,29.47313205239642,4514209
2020-11-24,30.915159225463867,31.17670205689947,29.74528269486194,29.826571758984688,6661655
2020-11-25,30.92929458618164,31.77400940024547,30.141128330084417,31.614961019407936,5384559
2020-11-26,30.65361213684082,31.07773573413188,30.250691213948617,31.07773573413188,3008686
2020-11-27,30.978776931762695,31.19437387993549,30.374399529946494,30.4556885911519,4362254
2020-11-30,30.370861053466797,30.876276396428143,30.278966619334177,30.635938973974245,6062477
2020-12-01,31.247390747070312,31.27566367969373,30.356727304878632,30.533445942208935,4790854
2020-12-02,31.774009704589844,31.858833890608338,30.618268372846767,31.049462254585173,4994809
2020-12-03,31.720991134643555,31.911847560873554,31.102475987171395,31.660907453194866,3647522
2020-12-04,32.33243942260742,32.42433116215715,31.583151514164975,31.646770324282844,5762143
2020-12-07,31.459453582763672,32.053228331120785,31.328680816195515,32.053228331120785,4021015
2020-12-08,31.30394172668457,31.625570965793692,31.127223075704865,31.314544414301334,2887032
2020-12-09,31.48772430419922,32.01434776484626,31.462983803777114,31.480656745441035,3126636
2020-12-10,30.72076416015625,31.653838255196007,30.441548417824425,31.572549200290165,4836934
2020-12-11,30.47689437866211,30.752574994302545,30.081043699286628,30.650077871164818,4087189
2020-12-14,31.20850944519043,31.950727111661838,30.90455320234303,30.929293701341674,4022975
2020-12-15,31.975473403930664,32.06029760207831,31.03179644706424,31.155498964469697,4143444
2020-12-16,31.226181030273438,32.039087797729785,31.063600216084623,31.837628669657526,4048651
2020-12-17,31.13429069519043,31.519538757254086,30.890420789997737,31.353422793571486,3015518
2020-12-18,30.79498863220215,31.60082787988152,30.787921073206125,30.975242396493414,7713150
2020-12-21,29.48727035522461,29.94320473872577,28.8616875990095,29.4342542275594,5402160
2020-12-22,30.031566619873047,30.218887949992403,29.6180456424572,29.6180456424572,2705483
2020-12-23,30.98584747314453,31.102482429417876,29.971484146953177,30.006827337684086,2729707
2020-12-24,30.957569122314453,31.445314279695154,30.784385615388448,31.28626589060965,555198
2020-12-28,30.8409366607666,31.491259937453364,30.6712855862109,31.42057356268736,1566503
2020-12-29,30.851539611816406,31.13782293753905,30.551118471716894,30.968174558041326,1623551
2020-12-30,30.6112003326416,31.077737393172004,30.55464907851078,30.830332397630205,1374724
2020-12-31,30.469823837280273,30.918690637714423,30.16940272553604,30.271899847709886,827264
2021-01-04,30.402673721313477,31.042397033471126,30.141130888430006,31.00351871684504,3025708
2021-01-05,30.339054107666016,30.73136969496449,29.911395332500877,30.197681356199357,2852830
2021-01-06,32.01435089111328,32.5232987632839,30.94696874807077,31.081276646202483,5959237
2021-01-07,32.7353630065918,32.94388971486942,31.97900741625889,32.49855797123473,4336483
2021-01-08,32.01081085205078,32.982763266092476,31.9295191000474,32.85199051600431,3864732
2021-01-11,31.795215606689453,32.18753118126549,31.5372079167686,31.78814804795027,3649675
2021-01-12,32.04969024658203,32.26528718687977,31.759871806650818,32.06029293274221,3346621
2021-01-13,31.8270263671875,32.10623942988111,31.710391424130798,31.968399114091298,2471939
2021-01-14,31.90125274658203,32.30770619736577,31.604364000356988,31.95073375486742,3170300
2021-01-15,31.409969329833984,32.36424882475832,31.088340138503828,31.67857969793119,4728083
2021-01-18,31.67151641845703,31.71039473687083,31.02472551740486,31.10954971371106,2083866
2021-01-19,31.180238723754883,32.12745078608601,31.14489553341297,31.92952406644867,3070352
2021-01-20,31.39936065673828,31.452376777903115,31.070666637842585,31.219109619894564,2655763
2021-01-21,31.342815399169922,31.774009275079596,31.18730214647798,31.60435820882364,3337036
2021-01-22,30.455690383911133,31.021189503999587,30.158804357056884,30.999984129656426,4235711
2021-01-25,29.14443588256836,30.696025224754212,28.953579440246635,30.466290468449607,4763830
2021-01-26,29.681663513183594,29.96087658724133,29.2115912907106,29.289347922579807,3642144
2021-01-27,28.64609146118164,29.519079242316877,28.193689496053306,29.430719925899307,6118922
2021-01-28,29.12676429748535,29.30348291781759,28.069985006409816,28.27497925315813,5236473
2021-01-29,28.11946678161621,28.72031172526073,28.1053289680174,28.561263344658258,6251211
2021-02-01,28.402217864990234,28.875822489654162,28.296185610492095,28.593074305179535,3454890
2021-02-02,29.409515380859375,29.57563133184333,28.642557139924328,28.723846203270252,4937566
2021-02-03,29.618043899536133,30.420345304998076,29.504944082543428,30.247161800090073,3640745
2021-02-04,30.031566619873047,30.46629297156278,29.289348858649415,29.70640496394841,4129894
2021-02-05,30.816194534301758,31.293334280082632,29.80536378870058,30.32491697501103,5453976
2021-02-08,31.187297821044922,31.632629448754617,30.911617236061915,31.296865186841845,3781411
2021-02-09,31.045930862426758,31.455919421117926,30.74904482738494,31.38523304034966,2904935
2021-02-10,31.904783248901367,32.130985597186374,31.219116734190344,31.34988680681697,4973831
2021-02-11,32.300628662109375,32.50562290538938,31.586686634511707,31.947191427424723,4402790
2021-02-12,32.855525970458984,32.855525970458984,32.10623804034104,32.21580541991546,4715195
2021-02-15,33.61188507080078,33.87696303302557,33.12414259105166,33.403358368176605,4440763
2021-02-16,33.654296875,33.82748038018809,33.230170538207176,33.5765402450957,3006568
2021-02-17,33.68256759643555,34.21979097562719,33.505848989311566,33.81333763993965,4450435
2021-02-18,33.276123046875,33.91230858259067,33.10647195277656,33.66136841779856,3548418
2021-02-19,34.15971374511719,34.24100280969347,33.21250172425531,33.293790788831586,4444116
2021-02-22,34.84891128540039,34.962011094212365,33.66136194461855,34.0254018699661,5069036
2021-02-23,34.9549446105957,35.315449419607766,34.325826736204476,35.1811442351743,4441385
2021-02-24,35.46389389038086,35.59820177690408,34.72521130055254,34.95848118987454,3788958
2021-02-25,35.5628547668457,36.290934591896345,35.5628547668457,35.77491656383489,4243255
2021-02-26,34.83124542236328,35.979916595546584,34.640388965391324,34.93727498967271,6149959
2021-03-01,34.73228073120117,35.54165243558512,34.73228073120117,35.329590604371695,3659140
2021-03-02,35.66181945800781,35.93750008460936,34.60150769630201,34.640386009952195,4269987
2021-03-03,36.559547424316406,36.679714786515056,35.82439734900406,35.85974053220884,3921783
2021-03-04,36.510074615478516,36.821098472540825,35.732510928053784,36.31214789142738,4089114
2021-03-05,36.467655181884766,36.85643561352075,35.85974268679364,36.439379555017226,3983070
2021-03-08,37.64106750488281,37.93088594494724,36.736268998635275,36.905917370300564,5231612
2021-03-09,37.17453384399414,37.7895139665222,36.50300246138822,37.67641414287896,4990331
2021-03-10,37.29469680786133,37.916747112448945,37.01901618892823,37.06849718737713,3782058
2021-03-11,36.99074935913086,37.527972872249705,36.28387475441454,37.18160312947316,4068223
2021-03-12,37.520896911621094,37.853126067822025,37.0826328133366,37.0826328133366,3674350
2021-03-15,36.637306213378906,37.55624251364369,36.368693151405076,37.40072926252534,3517252
2021-03-16,36.184906005859375,37.322974423867706,35.91629562753755,37.110912605424886,4684324
2021-03-17,36.53127670288086,37.23815124791104,36.19197724484786,36.19197724484786,4296573
2021-03-18,37.3865966796875,37.5209045777209,36.87764611137687,36.99781619401136,4194017
2021-03-19,36.156639099121094,37.1603997987174,35.98698799818971,37.01902433069338,7982627
2021-03-22,35.84560775756836,36.42524467243068,35.04684145813151,35.372003103734784,2998334
2021-03-23,35.59819793701172,35.711297741798006,35.19527971392858,35.61233574967401,2889131
2021-03-24,36.13542556762695,36.227320012438064,34.76408993692497,35.096321832118115,2771440
2021-03-25,35.93043518066406,36.1849077572045,35.386141445859266,35.97284592849791,2736694
2021-03-26,36.52420425415039,36.785749761595,35.99404837721296,36.262661443218015,3104897
2021-03-29,35.81733703613281,36.18491217581537,35.49217534597575,36.18491217581537,3462888
2021-03-30,37.195735931396484,37.20987374516664,36.05059998113675,36.24852398089436,3299916
2021-03-31,36.67265319824219,37.21694693703722,36.63023975358495,37.00488241026353,3197484
2021-04-01,36.86350631713867,36.92005487504978,36.41817462634773,36.7857496905627,2303620
2021-04-06,36.722129821777344,37.3512476783316,36.616097571038296,37.11091024696695,2729433
2021-04-07,36.96247100830078,37.13918964647795,36.55248247340377,36.722133552519324,2275896
2021-04-08,36.75748062133789,37.17453675932512,36.48886750792764,37.00488566229951,2845763
2021-04-09,36.37575912475586,36.969533780000944,36.33334838285325,36.8281583484641,2616756
2021-04-12,36.34748840332031,36.70799593720625,35.94457012180953,36.19904539360843,2450579
2021-04-13,36.50300216674805,37.20987673294073,36.24145933228025,36.40404015892307,3223540
2021-04-14,36.74333572387695,36.74333572387695,36.17076641534032,36.34041747967005,2361859
2021-04-15,36.58782196044922,37.06142926503957,36.566616588897105,36.764540580749234,2963729
2021-04-16,37.39366912841797,37.46435551304504,36.58782978250065,36.63024323118453,3535949
2021-04-19,37.6976203918457,37.88140658519191,36.99781341302053,37.39366412489776,2646037
2021-04-20,35.93043518066406,37.75417014335566,35.90922711023469,37.66934595117551,4635906
2021-04-21,35.59819793701172,36.46058563382717,35.128125777910704,35.92335953870828,3159906
2021-04-22,35.82440185546875,35.97284486150915,35.506307773587615,35.697164222716296,2491478
2021-04-23,35.7042350769043,35.767853899152115,35.16347643605413,35.569929872831175,3081649
2021-04-26,36.6938591003418,36.75747791998689,35.37200439939654,35.76785243584378,3706330
2021-04-27,36.658512115478516,36.8493685546537,36.354555863812,36.73626874216236,3380571
2021-04-28,37.80364990234375,37.83899308987928,36.891781102760376,36.934194545710426,3992277
2021-04-29,38.051055908203125,38.581211787088655,37.76123477242729,38.00864246714788,4288493
2021-04-30,37.74003601074219,37.902616851830125,36.969542557274245,37.67641718627189,4036309
2021-05-03,37.78951644897461,38.1782969497558,37.5209060354968,37.817792080871016,2051674
2021-05-04,37.499691009521484,38.77913480219558,37.400729012747874,37.994503689901705,3830276
2021-05-05,38.807411193847656,38.807411193847656,38.008642252481344,38.03691787969182,3959259
2021-05-06,38.814483642578125,39.323434210439665,38.34087896143896,38.842759273351,4336530
2021-05-07,38.72258758544922,39.19619494346599,38.33380711623431,39.146713939921135,3801996
2021-05-10,39.457740783691406,39.49308397513002,38.84276062381906,39.189127675035174,3907318
2021-05-11,39.44359588623047,39.599109136455176,38.89930220695617,39.03361008542739,4554417
2021-05-12,40.00909423828125,40.08685086203516,39.12550114382705,39.28101439133487,4855858
2021-05-13,39.62738800048828,39.76876075241052,38.475181736037726,39.37291273260841,3446779
2021-05-14,40.320125579833984,40.475636149522266,39.74755621505963,39.98082611436074,3307523
2021-05-17,40.2777099609375,40.41201514944296,39.895997071695916,40.390809776655864,2510944
2021-05-18,40.341331481933594,40.94217378764622,40.15754528025488,40.60994457347556,2884081
2021-05-19,39.54256057739258,40.60994263691549,38.83568604131576,39.96668691694608,4155798
2021-05-20,39.73341751098633,39.9384117761152,39.2810182338139,39.79703632787072,2960089
2021-05-21,39.75462341308594,39.881858343404055,39.40825371860056,39.7404855993812,4109887
2021-05-24,40.093544006347656,40.223343473160234,39.610403686059975,40.136811412220055,1631472
2021-05-25,39.94932556152344,40.44688835964944,39.87000335802407,40.16565709328237,2588828
2021-05-26,39.40848922729492,40.06469633035599,38.82439170666965,39.906051948032136,3854734
2021-05-27,40.66321563720703,40.66321563720703,39.1128375294653,39.192156973861564,7218484
2021-05-28,40.728118896484375,41.0309852361656,40.216133638637956,41.02377262644684,3420514
2021-05-31,40.27381896972656,40.66321735306783,40.18007705399235,40.66321735306783,1717674
2021-06-01,40.89397048950195,41.110302003261154,40.43967513584895,40.51178472350054,2710254
2021-06-02,41.10309600830078,41.10309600830078,40.52621100045048,40.88676447420751,2305482
2021-06-03,41.42038345336914,41.56460539783253,40.95887543173012,40.98051051142274,2414284
2021-06-04,41.18241500854492,41.69440024125283,41.16799254062018,41.42037885229183,2409136
2021-06-07,41.51412582397461,41.58623541679856,41.02377289051878,41.23289456083472,2163689
2021-06-08,40.87234115600586,41.694402618964155,40.749751547056924,41.38432641791081,2485687
2021-06-09,40.5478401184082,41.01656069750518,40.057487212855975,40.8434938334496,2536834
2021-06-10,40.44688415527344,41.030981706030936,40.115175657669894,40.389194285705315,2583272
2021-06-11,40.61273956298828,40.61273956298828,40.04306446336674,40.309875991526376,2244936
2021-06-14,40.706485748291016,40.9444495989246,40.46851914685287,40.706485748291016,2240963
2021-06-15,40.72090148925781,40.850700932088564,40.40361273975858,40.70647902329838,2236093
2021-06-16,40.194496154785156,40.98050271421507,39.90605232073951,40.95886763863887,2751994
2021-06-17,40.60552978515625,41.67997750601548,40.555052523145655,40.57668484949177,4255710
2021-06-18,38.75228500366211,40.34593055082318,38.68017266506387,40.1584412212722,9157129
2021-06-21,38.83881759643555,39.01188170985643,37.713889855981826,38.2402975564108,3740121
2021-06-22,38.925350189208984,39.19215897237651,38.449419744540506,39.19215897237651,2541207
2021-06-23,38.564796447753906,39.24984854875546,38.50710932652251,38.93977236357375,2078825
2021-06-24,39.011878967285156,39.28590033687617,38.550371029534574,38.82439239912559,2231311
2021-06-25,39.271480560302734,39.42291234697532,38.95419451906429,39.19937097164088,1968328
2021-06-28,38.362884521484375,39.35080012420491,38.23308506993811,39.18494588074119,2180758
2021-06-29,38.629695892333984,39.13447126569217,38.391732048959305,38.406151766057,1881577
2021-06-30,38.12491989135742,38.535950591987266,37.59851220021402,38.36288648161914,3382152
2021-07-01,38.564796447753906,38.83881783831543,38.132133410702664,38.35567478783052,2221551
2021-07-02,37.836483001708984,38.694599292237406,37.7138933883165,38.65854449446482,2515438
2021-07-05,38.6729621887207,38.83160382949329,37.57687941677982,37.74273366669921,2512932
2021-07-06,37.43987274169922,38.6080680192852,37.302863407031396,38.58643293953411,3888630
2021-07-07,36.906253814697266,37.62014815268912,36.55291019986156,37.49756129192868,4501859
2021-07-08,35.84982681274414,36.531272559371196,35.59383421355447,36.531272559371196,5747985
2021-07-09,36.72597122192383,36.72597122192383,35.849826309864184,36.05534164722117,4085902
2021-07-12,36.805294036865234,36.95672581415459,35.911120338520085,36.697126909770375,2984435
2021-07-13,36.653865814208984,37.15863845412554,36.50243127142944,36.971151866557186,3446871
2021-07-14,36.87740707397461,37.22353806196116,36.51685361763805,36.639443223210854,2325622
2021-07-15,36.57454299926758,36.73318464737551,36.25004434276688,36.70434246186786,2379431
2021-07-16,35.96881103515625,36.86298200329671,35.74887322225301,36.80529488477364,3241591
2021-07-19,34.461700439453125,35.619076718390104,34.11917300125016,35.402745192096155,5356223
2021-07-20,35.11429977416992,35.319815127703954,34.36074439481329,34.746536470773826,3413038
2021-07-21,36.22119903564453,36.30052123428871,34.912391010429076,35.20443842288764,3378416
2021-07-22,36.040924072265625,36.81972087793699,36.03731776738623,36.36542274129536,2795497
2021-07-23,36.466373443603516,36.78365946956892,36.06255261444399,36.31494166422032,2172496
2021-07-26,37.28843688964844,37.37497169764947,35.763297346789834,36.27167627747453,2908078
2021-07-27,36.949520111083984,37.12979684264492,36.415899775309576,37.12979684264492,2848419
2021-07-28,36.89182662963867,37.31727978455759,36.69712744849228,37.165848005045184,2060979
2021-07-29,37.54803466796875,37.75715632139264,36.77645053369864,36.812505327198245,2685256
2021-07-30,37.1009521484375,38.319621871482866,36.942307743367174,38.22587720023179,4458532
2021-08-02,36.74039840698242,37.620146985607455,36.61059894031888,37.475927801140955,2599987
2021-08-03,37.06489562988281,37.39660414252238,36.6250199823021,37.252382212869016,2875971
2021-08-04,37.50476837158203,37.605725647485094,36.935096015553775,37.26680452682177,2506064
2021-08-05,37.793209075927734,37.87253126783004,37.165846900307,37.576877575796885,2298270
2021-08-06,38.93977355957031,39.06236041520498,37.483137255578725,37.786003591460435,3701453
2021-08-09,39.09120178222656,39.12004671649628,38.658538771398106,39.06235684795684,1974824
2021-08-10,38.95419692993164,39.12005119476218,38.492688932002366,39.08399639819984,1890728
2021-08-11,39.495025634765625,39.65367003459634,38.824395991050686,39.0984173859934,2531344
2021-08-12,39.17052459716797,39.54550049620707,39.134469804161284,39.52386817056394,2278648
2021-08-13,39.21379470825195,39.55992569647561,38.99746318446274,39.22821717661184,1742758
2021-08-16,38.83160400390625,39.170525114414126,38.57921769872236,38.809971677977465,2128681
2021-08-17,38.11771011352539,38.67296274117235,37.94464325198688,38.67296274117235,2849085
2021-08-18,38.46384048461914,38.492685419558796,37.70667882268185,38.0600196478772,2115489
2021-08-19,37.43266296386719,37.9590707255438,37.08653194594851,37.569672298833495,3477745
2021-08-20,37.56966781616211,37.61293521979125,37.07210505304723,37.36775876750178,2451722
2021-08-23,38.00954055786133,38.17539479957571,37.77878659105833,38.08165289173993,2377260
2021-08-24,38.26914596557617,38.31962323247231,37.807637953494456,38.25472349634803,2017813
2021-08-25,39.04793930053711,39.06235901766858,38.168188012075376,38.326832408566375,2308781
2021-08-26,38.701805114746094,39.06235855647455,38.50710867692065,38.86766211864911,2032561
2021-08-27,38.550376892089844,38.69459883227055,38.14655876054952,38.67296650402509,1772273
2021-08-30,38.218666076660156,38.752286398273185,38.08886661331657,38.6224869349296,1632868
2021-08-31,38.74507141113281,38.759493878486445,38.117709210673695,38.1898187966375,3752715
2021-09-01,39.516658782958984,39.76904785618977,39.033518465513254,39.11284066707708,3468246
2021-09-02,39.516658782958984,39.58155851598352,39.06957326145919,39.4589716596064,2563213
2021-09-03,38.84602737426758,39.44454741304855,38.651328183970314,39.32195781139273,2247047
2021-09-06,39.026302337646484,39.170524259233346,38.72343877803801,38.84602562336401,1415624
2021-09-07,39.177734375,39.41569819229069,38.91092287426257,39.01908999627009,2128400
2021-09-08,38.57921600341797,38.997459291691555,38.261929983585944,38.93976942401066,2849163
2021-09-09,38.75228500366211,38.95419405012829,38.08886524258054,38.4422088247008,2585889
2021-09-10,38.0888671875,38.95419603923376,37.87974552109346,38.615274907526924,2921666
2021-09-13,38.95419692993164,39.06957392941396,38.341254385153036,38.398944260296524,2742693
2021-09-14,38.499900817871094,39.0623633761084,38.261936947387916,38.79555456653491,2609909
2021-09-15,38.6729621887207,38.93977096026022,38.355673405566726,38.4998953296545,3737528
2021-09-16,39.055145263671875,39.56713044571169,38.788336510479944,38.939768282496644,2654428
2021-09-17,38.608062744140625,39.52386880540289,38.608062744140625,39.32916961907427,7193199
2021-09-20,36.88462448120117,37.78600823928717,36.35821394577061,37.74995068831979,6340308
2021-09-21,37.036048889160156,37.68504341477037,36.87740449919117,37.08652614945858,3559610
2021-09-22,38.33404541015625,38.49989967881144,37.62736092818012,37.74994778947993,3130687
2021-09-23,39.199371337890625,39.321958189922036,38.64411869743211,38.85324035763165,3271987
2021-09-24,39.516658782958984,39.567136047444215,38.918141468003476,39.2498499919935,2790943
2021-09-27,40.74253845214844,40.74253845214844,39.53107868164852,39.7690452708702,4142484
2021-09-28,40.660980224609375,41.150335451983544,40.35698686864054,40.95014429145806,6204607
2021-09-29,40.97238540649414,41.10584617560305,40.223524716180926,40.831511407278114,3008697
2021-09-30,41.1058464050293,41.49139942589609,40.86117021256241,41.31345361835611,4578672
2021-10-01,40.69805145263672,40.772197897179744,39.94919074733697,40.208696232243405,3262085
2021-10-04,40.312496185302734,40.97980000710736,40.08264929099031,40.68321990221697,2174187
2021-10-05,42.17353439331055,42.17353439331055,40.2828438428954,40.371816750524964,3433936
2021-10-06,41.669349670410156,42.17353419189936,41.13550657038683,41.99558554909234,3120919
2021-10-07,42.32924270629883,42.94464273058044,41.543307248615854,42.11422222800847,4022752
2021-10-08,42.262508392333984,42.62581891949996,42.15870619268594,42.21060729250996,2512322
2021-10-11,42.50718688964844,42.84083600473256,42.2328492758979,42.262507854962465,2173487
2021-10-12,42.40338134765625,42.47011173554175,41.721251007846895,41.891783592799236,1991495
2021-10-13,41.78797912597656,42.47752548720743,41.39501287888282,42.33664866021338,2570059
2021-10-14,41.9881706237793,42.37372364396664,41.61744689226042,41.914024180436954,2301934
2021-10-15,42.81859588623047,43.337609735379516,42.38114171988458,42.38114171988458,3628158
2021-10-18,43.01136779785156,43.419166181467695,42.818592694285705,43.00395456742114,2531950
2021-10-19,43.07809829711914,43.248633709836334,42.655473451545305,42.81117957496545,1632341
2021-10-20,43.13741683959961,43.32277871916874,42.61840301112648,43.003956060038014,1695609
2021-10-21,42.6999626159668,43.026198505214424,42.38855318806868,42.84083662596963,1632139
2021-10-22,42.788936614990234,43.13741786192626,42.5368443396659,42.70737693350326,1472117
2021-10-25,43.1596565246582,43.51555097064247,42.74444775187538,42.81859136747298,1791042
2021-10-26,43.13741683959961,43.4265809191838,42.81118094978116,43.107758260053075,1776944
2021-10-27,42.87049102783203,43.25604403849768,42.47010872886415,43.04843965906138,1814428
2021-10-28,42.60357666015625,42.71479492692871,41.84729979993834,42.707378867331606,2673923
2021-10-29,42.9298095703125,43.4043354977504,42.381137198963906,42.610986932490604,3305280
2021-11-01,44.24216842651367,44.38304525359759,43.30794587466167,43.330188393296986,2958593
2021-11-02,44.06422424316406,44.20509824703764,43.61935688369132,44.03456566495983,2436253
2021-11-03,44.39787673950195,44.47943641639814,43.71574357415019,43.92335079581258,2451496
2021-11-04,43.804718017578125,44.94654497524572,43.300533510183016,44.48684833440818,3309849
2021-11-05,44.123538970947266,44.776013555363576,43.611941220078606,43.63418373973446,2996444
2021-11-08,44.034568786621094,44.635142310042575,43.90852406291418,44.11612846826576,2197950
2021-11-09,43.649017333984375,44.064228988364,43.433999689843034,43.89369638792183,3114717
2021-11-10,43.89369201660156,44.24217041393188,43.61194117817469,43.61194117817469,2432574
2021-11-11,44.101295471191406,44.412704881441236,43.856619275221504,43.96042146917223,1924097
2021-11-12,43.94559097290039,44.14578212504714,43.7528130508046,43.97524954989937,1781191
2021-11-15,45.39141845703125,46.377542196066486,43.54521287238036,43.737990813086576,4036684
2021-11-16,44.65738296508789,45.68799454630232,44.605481865918655,45.591608406929616,2863609
2021-11-17,44.62030792236328,45.005860937111095,44.61289186393487,44.78342726701747,2305448
2021-11-18,44.13095474243164,44.857572939901665,43.99008073819893,44.53133706401646,2823381
2021-11-19,42.79634475708008,44.501673208371905,42.04748130050754,44.434942829354526,6061153
2021-11-22,43.47848129272461,43.7602321369134,42.90756637378317,42.96688353188514,3210613
2021-11-23,43.663841247558594,43.945592079347584,42.959465582284956,43.30053356956537,3422449
2021-11-24,43.40433883666992,44.21992998364423,43.38209348758666,43.85662227992576,2890182
2021-11-25,43.54521179199219,43.96042341456723,43.20414661723292,43.597112891264345,2252988
2021-11-26,40.99463653564453,42.003005676292524,40.35699117738783,41.521063627824645,6938262
2021-11-29,41.061363220214844,41.87695433643772,40.99463283227677,41.59520349532167,4279493
2021-11-30,40.838932037353516,41.372772345150416,39.674856792395836,39.95660765076509,6784665
2021-12-01,41.95851135253906,42.218016828951576,41.15774674807036,41.209650671750424,3981614
2021-12-02,41.85470962524414,42.06973006716451,41.30603726110212,41.454327318578144,3616387
2021-12-03,41.6471061706543,42.32923936522432,41.276382407717804,42.21802110498423,3232309
2021-12-06,42.51460266113281,42.64806344650195,41.86954408411393,41.90661589596137,3317500
2021-12-07,43.19673156738281,43.4043387977192,42.559089071657624,42.855666384655834,3616051
2021-12-08,43.100345611572266,43.500725127267636,42.39596989401518,43.45624008574474,3158275
2021-12-09,42.57391357421875,42.9817119569738,42.41821027992921,42.9223948000648,2108997
2021-12-10,42.0474853515625,42.62581630156474,41.77315057957027,42.35147870117488,2229668
2021-12-13,41.521060943603516,42.31440956036126,41.37277087455394,42.11421839140401,1999697
2021-12-14,41.587791442871094,41.86954229196813,41.187409103901274,41.73608151231153,2791044
2021-12-15,41.43950271606445,41.93627404052555,41.32087122234803,41.72866680522337,2114058
2021-12-16,42.232845306396484,42.98912203107308,41.773148687694146,42.06231273540042,3846669
2021-12-17,41.6471061706543,42.551673057306644,41.202238786489644,42.158706773681274,6650342
2021-12-20,41.83246994018555,42.31441198511405,41.18741135551343,42.04007718011064,3470703
2021-12-21,43.6416015625,43.686086603609745,42.38114021043025,42.72220539146153,3520999
2021-12-22,44.00490951538086,44.07905596498358,43.33019238018428,43.597113941958376,2012595
2021-12-23,44.48685073852539,44.72411371619237,44.04939659312731,44.338560670384076,2387034
2021-12-24,44.301483154296875,44.642548287213316,44.301483154296875,44.390456052362595,450529
2021-12-27,44.76860427856445,44.902065065081246,43.90852522567733,44.13837215814672,1149917
2021-12-28,45.09483337402344,45.21346485207542,44.77601074643419,44.79825326469471,1517534
2021-12-29,45.01327896118164,45.154155802349514,44.813087788257185,44.99103644032266,1411777
2021-12-30,44.98362350463867,45.18381469146382,44.87240806422341,45.00586885544018,1538504
2021-12-31,45.05776596069336,45.072595250445445,44.50168032278051,44.635141102151415,407780
2022-01-03,45.3765869140625,45.59160736479022,45.22829685051242,45.30985652688485,2177649
2022-01-04,46.89655303955078,47.25986354869998,45.71023820469196,45.73248072397129,3614427
2022-01-05,46.955867767333984,47.652824514825475,46.955867767333984,47.08932570450633,3910434
2022-01-06,47.5935173034668,47.697319501944506,46.562902892472046,46.69636367005704,3645405
2022-01-07,47.823368072509766,47.83819453485983,47.14865089966144,47.45264428900194,3446590
2022-01-10,47.45263671875,48.119940553966444,47.32659201009665,47.971647670143284,3137609
2022-01-11,47.71955871582031,47.89750452133946,47.17088635394152,47.645415101586934,2376607
2022-01-12,48.43876647949219,48.683445511854686,47.964240532556396,48.082869190892595,3191797
2022-01-13,49.64731979370117,49.64731979370117,48.283059222382285,48.379445352922744,3697141
2022-01-14,49.1579704284668,49.4842034746503,48.631537737098,49.19503940857188,3351548
2022-01-17,48.97261047363281,49.78820160619505,48.90587725596008,49.676983347937565,2175118
2022-01-18,48.94295120239258,49.461962191196,48.468425253545014,48.70568822796879,2583320
2022-01-19,48.490665435791016,49.098652131990676,48.21632783676614,48.70568587987075,3220620
2022-01-20,47.534202575683594,48.742760037922444,46.77792574016599,48.19409043837303,3365869
2022-01-21,46.29597854614258,47.12640174069407,45.86594048860485,46.9039652391978,4637406
2022-01-24,44.56098937988281,46.37753614776768,44.00490380777913,46.10320139081449,4598614
2022-01-25,46.01423263549805,46.095789484231446,44.850160292657364,45.13932436365123,3903495
2022-01-26,47.41556930541992,47.956825653737134,46.4961731393099,46.56290352901465,3592168
2022-01-27,47.823368072509766,48.713102890210145,46.94845971715945,46.98553152983063,4330710
2022-01-28,46.548072814941406,47.638001537302365,45.962331443675914,47.53419934058184,4386592
2022-01-31,46.71118927001953,47.15605660789879,46.26632193214027,47.089326224377146,3259697
2022-02-01,47.61575698852539,47.667658084674024,46.93362385166142,47.33400616057739,2627765
2022-02-02,47.059669494628906,47.97164666974377,46.370123155417545,47.97164666974377,4933764
2022-02-03,47.18571853637695,47.586100865946925,46.28115167958504,46.92621304224702,4685476
2022-02-04,47.67507553100586,49.53610464479129,47.356250057901455,48.93553399233264,5753921
2022-02-07,48.705684661865234,48.85397188872457,47.393319511300156,48.19408411264884,4012413
2022-02-08,48.9355354309082,49.350744224389814,46.533244265259505,46.89655478795369,5928287
2022-02-09,49.46195983886719,49.543519512771105,48.334962178151244,49.269181913567465,4639837
2022-02-10,49.350746154785156,50.47033351734016,49.23953354989209,49.63249983863633,4697568
2022-02-11,48.119937896728516,48.84655318855459,47.24502972926819,48.72792454484198,5486958
2022-02-14,45.784385681152344,46.48876141115735,45.28761718604857,46.422031019295865,5870770
2022-02-15,47.10416030883789,47.334010059570424,45.561950929219684,45.59160950900411,5033747
2022-02-16,46.52582931518555,47.47488118338016,46.19959344259306,47.26727679431201,3417509
2022-02-17,45.98457336425781,46.53324291931655,45.561948524032296,46.21442310285672,3056110
2022-02-18,45.91042709350586,46.54807238564862,45.62867908454794,45.969744250169235,3610563
2022-02-21,45.27278518676758,46.51841720804684,44.7166995639964,46.20700778852816,3342508
2022-02-22,44.98362350463867,45.58419706511413,43.55263227152209,43.767649921017494,5123430
2022-02-23,44.153194427490234,45.72506220624455,43.75281213160831,45.228293779737264,3938029
2022-02-24,40.84634017944336,42.648057711235715,39.956602672766046,41.09843242586197,10862668
2022-02-25,42.077144622802734,42.37372474709786,40.015921526984414,41.15033526987756,8334214
2022-02-28,38.933406829833984,39.91953335864863,38.221617911404046,39.83056045094432,9992267
2022-03-01,36.28273391723633,39.38568985064757,36.115906535058684,38.948235718702676,9078086
2022-03-02,37.046424865722656,37.82865221325894,33.85820114567974,34.291947259224195,8546584
2022-03-03,37.63587188720703,38.85184809946746,37.25773492647802,37.843479099659966,6764882
2022-03-04,34.99261474609375,37.1835934793649,34.99261474609375,37.07237522233878,9905718
2022-03-07,33.58757019042969,34.24375279241531,31.934142653764038,33.36513651269128,11232668
2022-03-08,34.67379379272461,36.267907136792566,33.19460674079042,33.36513933576547,9239001
2022-03-09,38.12522888183594,38.295764294884236,36.723893567117955,37.43568531276963,8940185
2022-03-10,36.586727142333984,38.26610524744288,36.34204811405173,38.14747376268722,6489280
2022-03-11,36.353172302246094,38.16971935697253,35.30402617346065,36.63492316188641,6630303
2022-03-14,37.82123565673828,38.332836240915015,36.95003541161702,37.406026867722666,4571552
2022-03-15,38.02884292602539,38.55526997182524,36.64975012448954,37.29480865706679,5034069
2022-03-16,40.29766845703125,41.291208169954515,38.82218959050343,39.22257189908391,7170956
2022-03-17,39.33378982543945,40.79444232469271,38.64424341511973,40.408889280225935,4871296
2022-03-18,39.55622100830078,39.55622100830078,38.74804316072759,39.34120339367488,8395483
2022-03-21,39.081695556640625,40.03075024377921,39.05945303757565,39.45241929251101,2714810
2022-03-22,39.74158477783203,40.26059859232565,39.36344779819108,39.54880967276753,2800581
2022-03-23,38.72580337524414,39.800902837845875,38.70356085487788,39.741585679005425,3538842
2022-03-24,37.88796615600586,38.99272417659038,37.88055292549356,38.733218682693554,4128576
2022-03-25,37.0723762512207,37.9769431368378,36.96857405026094,37.91021274644969,5119946
2022-03-28,37.865718841552734,38.62940876552097,37.33929186150468,37.33929186150468,3252575
2022-03-29,40.29025650024414,40.7277106300969,38.199374816106584,38.54785603959541,5435672
2022-03-30,39.35603332519531,40.07523545253557,38.963064240189176,40.01592112531055,3173862
2022-03-31,38.50336837768555,39.526566705723,38.28093469638985,39.311546254831484,3219374
2022-04-01,38.325416564941406,38.85184638881342,38.147470765985425,38.48853590431562,3136950
2022-04-04,38.065914154052734,38.35507822188225,37.494999248780076,38.31800641315498,2910334
2022-04-05,36.33092498779297,38.18454360961914,36.16780564398505,37.99918174743652,5970046
2022-04-06,35.06675338745117,36.327214531767694,34.51808389594699,36.130731423523734,7066223
2022-04-07,34.52179718017578,35.32997508146737,34.4995518315032,35.08158801534179,5211726
2022-04-08,35.47455596923828,35.85269294363172,35.00373523044507,35.66362304223615,4548373
2022-04-11,36.1418571472168,36.912963216466856,35.73035356354959,36.39765743663093,3231849
2022-04-12,36.11590576171875,36.68682065582183,34.948125425071424,35.396703635607714,4048410
2022-04-13,36.27531814575195,36.594140795036864,35.86752258897289,36.01952068315656,2732176
2022-04-14,36.70535659790039,37.05012977334851,36.293853039191426,36.34946216330839,3045221
2022-04-19,36.883304595947266,37.29480817914508,35.99356704231962,36.51258085096889,3412914
2022-04-20,37.984352111816406,38.799945995002616,36.87959700720987,37.00564171471097,4927145
2022-04-21,38.85184860229492,39.26705737577929,38.117814361688765,38.33283480704183,3948277
2022-04-22,38.355079650878906,39.029796777084975,38.06591557227599,38.21420564110764,3333002
2022-04-25,37.702606201171875,38.49595484109096,37.43568746316748,37.71743549134955,3460198
2022-04-26,37.39861297607422,38.4440538964823,37.39861297607422,38.25869201110216,3419503
2022-04-27,36.883304595947266,37.70260373294175,36.6349203656272,37.576559017280005,5309178
2022-04-28,36.67198944091797,37.8212323990069,36.08995331782276,37.62104408063059,3204739
2022-04-29,36.8536491394043,37.11686266102724,36.32351406672774,36.87218362976218,3437157
2022-05-02,36.186344146728516,36.912962330874684,35.69328089835866,36.753551011040734,3142553
2022-05-03,38.05108642578125,38.06591571556001,36.93520711841014,37.072375927565346,3913067
2022-05-04,37.82123565673828,39.02238264084194,37.80640919575722,38.4069798594113,3222145
2022-05-05,37.59138488769531,39.51914705490125,37.480166642957585,39.4524166737381,3557168
2022-05-06,37.509830474853516,38.34025091249539,37.34671111395324,37.72485093633154,3133331
2022-05-09,36.96115493774414,38.00659574852871,36.96115493774414,37.383779765823164,2879032
2022-05-10,37.7545051574707,38.51078194317465,37.38378140928628,37.65811901938912,4506868
2022-05-11,38.66648864746094,38.822191945220375,37.784164303361884,37.95469689067905,4616314
2022-05-12,38.11781692504883,38.533028554853125,37.354126883835214,37.71002135435411,3926995
2022-05-13,38.83701705932617,39.05945072198216,38.25868614234364,38.57009553278,2968459
2022-05-16,38.785118103027344,39.11876720119935,38.243861790324424,38.584926947085556,2924645
2022-05-17,39.667442321777344,39.91212136101926,39.066868812327215,39.163257781882926,3029523
2022-05-18,39.54881286621094,40.0010963292416,39.25964877106621,39.63037255015391,3012460
2022-05-19,39.437591552734375,39.452420842159384,38.577512564868016,39.09652638115239,3457011
2022-05-20,39.823143005371094,40.16420816335934,39.400518172994865,40.01592093181498,4626704
2022-05-23,41.47846603393555,41.47846603393555,39.56450474799823,40.26880968990314,5302162
2022-05-24,41.128299713134766,41.526212827204695,40.3961380046113,40.74630348792797,3369613
2022-05-25,41.27950668334961,41.76496118094699,40.77813833230897,41.637629102547365,3151779
2022-05-26,41.94004440307617,42.131041004924725,41.14421814508928,41.37500848850618,2108082
2022-05-27,42.61649703979492,42.61649703979492,41.77292311894345,42.162876299304806,2563006
2022-05-30,43.21336364746094,43.571486057843316,42.719952235287515,42.90299190374159,2559104
2022-05-31,42.26633071899414,43.213362820926136,42.138998646164325,43.109904563053135,5405021
2022-06-01,42.05146026611328,42.91891102262813,41.99575267003001,42.79953586768608,3000173
2022-06-02,41.94004440307617,42.31408067996136,41.75700472803954,42.26633304741735,1999794
2022-06-03,41.82862854003906,42.34591377791025,41.67741961051797,42.23449858931757,2198101
2022-06-06,42.4016227722168,42.85524350408526,42.10716790180871,42.298167542728415,2336664
2022-06-07,41.7410888671875,42.32204168553375,41.502341591075336,42.18674963970719,2277614
2022-06-08,41.446632385253906,41.637628984393245,40.96913481573314,41.46254623865201,3029462
2022-06-09,40.738346099853516,41.83658721411901,40.54734949309902,41.26359132218287,2837990
2022-06-10,38.677154541015625,40.42797289842506,38.39861656781159,40.3563484144817,4828542
2022-06-13,37.14120864868164,38.04845309980621,36.90246138715881,37.789808968224754,5468632
2022-06-14,37.670433044433594,38.15986750094544,37.07356338498972,37.8017450981119,3826672
2022-06-15,38.42646789550781,39.4013537749034,38.30709275132891,39.37349997937313,3914498
2022-06-16,37.817665100097656,38.45034553399384,37.51923024580633,38.37474410194207,2977303
2022-06-17,37.99274826049805,38.99946802737804,37.773894817334416,38.23945246642466,6469429
2022-06-20,38.474220275878906,38.661239926708085,37.594832651113684,37.96091199035931,2739853
2022-06-21,39.27800369262695,39.691833701534776,38.26332705860071,38.38269917304346,2737509
2022-06-22,39.02731704711914,39.38543943942772,38.05640812482388,38.50604882882266,2549010
2022-06-23,37.19691848754883,39.17852405551517,37.161104729371274,38.96365061395809,4410938
2022-06-24,38.1479377746582,38.40657891376965,36.95817517706429,37.63462940660828,3206957
2022-06-27,38.044471740722656,38.73683968481333,37.73410000840049,38.26332516009651,2131109
2022-06-28,38.12803268432617,38.80846371324073,37.97682680095716,38.45034132017096,2000150
2022-06-29,37.46750259399414,38.020601613873005,37.26058606181947,37.72216675987349,2391623
2022-06-30,36.102657318115234,37.12529387556014,35.26306042449608,37.0855001364291,6778136
2022-07-01,36.05888748168945,36.58015268953454,35.53364229267045,35.732598849660015,2923835
2022-07-04,36.035011291503906,36.305592335406665,35.660975021870826,36.202137109676336,1926639
2022-07-05,34.94075012207031,36.926338778169075,34.606504558219726,36.866651202956845,4253514
2022-07-06,34.56671142578125,35.57741104466331,34.32000421562019,35.223265599498255,3260699
2022-07-07,35.45405578613281,35.71269990234203,34.93677058955032,35.20735161275081,3469291
2022-07-08,36.17825698852539,36.289672166680724,34.89299942301589,35.33866013563723,2940913
2022-07-11,34.9964599609375,35.58537275252589,34.77760955223581,35.179502679552826,3271985
2022-07-12,34.86912536621094,34.96462670013789,34.065342205260755,34.88504225519876,4051308
2022-07-13,34.00565719604492,34.87708795989679,33.40083054805767,34.733838984035216,4133839
2022-07-14,32.71243667602539,34.14890325772668,32.56520773122169,33.91015599694359,4301820
2022-07-15,33.08647537231445,33.19789055626488,32.362273640800595,32.73630989608616,4158222
2022-07-18,33.7828254699707,34.19665549101211,33.50030751091899,33.73905478264081,3976686
2022-07-19,34.936771392822266,34.99247898395298,33.3172651973258,33.424700398553306,3729350
2022-07-20,35.434165954589844,35.74055773336423,34.60252592219715,35.2352093867052,4481824
2022-07-21,35.43814468383789,36.13847268807531,34.35184346857974,34.93677629333557,4486269
2022-07-22,34.86912536621094,35.57343328370048,34.721899455786826,35.19939398207697,3028163
2022-07-25,35.593326568603516,35.82013692046549,34.80546030880347,35.12378897613747,2731324
2022-07-26,35.26704025268555,35.48987367385813,34.94473158306183,35.473956784071774,2306753
2022-07-27,35.306827545166016,35.768405121303225,35.179495485972744,35.48588720983801,2571387
2022-07-28,35.57343292236328,35.91563844253519,34.88504190085389,35.61720360767616,3569601
2022-07-29,36.60800552368164,37.07356312619737,36.42098587929428,36.528424117312404,4012824
2022-08-01,36.4965934753418,37.34812734714738,36.484656566944686,36.866652814833856,2458967
2022-08-02,36.92634201049805,37.0337772266154,36.20214018959295,36.46078131175899,3021875
2022-08-03,37.610748291015625,37.63860208911111,36.52842711085097,36.9462340822832,3426642
2022-08-04,38.462284088134766,38.51799168272215,37.61472718964519,37.61472718964519,3631979
2022-08-05,38.86815643310547,39.035279226729365,38.135994661867386,38.42647259578774,3142565
2022-08-08,38.60155487060547,39.28994290825063,38.422492134669504,39.154653896768494,2072528
2022-08-09,38.60155487060547,38.93182047221505,38.35086764746239,38.597574889139416,1721651
2022-08-10,39.18250274658203,39.23025037479864,38.46625796497307,38.58563310718655,2458219
2022-08-11,39.43716812133789,39.584397063245376,39.20637779159191,39.333709863893816,2161150
2022-08-12,40.13351821899414,40.28472411430377,39.57245925290579,39.63214682910356,3221801
2022-08-15,39.854976654052734,40.27676355906948,39.43716669414433,40.268803597180884,1767850
2022-08-16,39.89476776123047,40.30859774439818,39.771412637391904,40.02209983021776,1976129
2022-08-17,39.37350082397461,40.396137390145554,39.16260736245923,40.189223909744456,2222740
2022-08-18,39.01935958862305,39.401355819648906,38.919881308590185,39.35360818816829,2011446
2022-08-19,37.929080963134766,38.96763451727657,37.761958170380915,38.77663487138904,3502588
2022-08-22,36.99000549316406,37.72216725658527,36.3971157587789,37.72216725658527,3432582
2022-08-23,37.10540008544922,37.51127015007972,36.63188248018337,36.67565316819129,2330432
2022-08-24,37.13325500488281,37.21283642048035,36.619946677520424,36.97806911938214,1488730
2022-08-25,37.11335372924805,37.59483125474184,36.87460647494844,37.55106057060604,1575288
2022-08-26,36.48863220214844,37.63462394049769,36.28171871374438,37.31231224616886,2273072
2022-08-29,36.4170036315918,36.47669120057173,35.796260200206554,36.17427944652223,2105680
2022-08-30,36.91837692260742,37.917139653380204,36.61198517145544,36.747274168218745,3238470
2022-08-31,36.993980407714844,37.610743874791,36.81491769598104,37.20487385936573,3797421
2022-09-01,36.59209060668945,36.918379247720246,36.15836675768837,36.63586129330155,2158502
2022-09-02,37.78582763671875,37.94897346502807,36.743294221127485,36.98602145515509,2718913
2022-09-05,36.97408676147461,37.00592054000219,36.45680152166448,36.7671732727178,2335144
2022-09-06,37.053672790527344,37.45556287721876,36.74329799038026,36.98602524930765,1843576
2022-09-07,37.01785659790039,37.12529483900465,36.37721623996684,36.63188039066682,2197475
2022-09-08,37.753997802734375,38.0882464204959,37.04571289603321,37.340167770943914,3900572
2022-09-09,38.740821838378906,39.39737909748323,38.06834769007879,38.1917028223871,3859842
2022-09-12,40.23697280883789,40.300637324690435,38.93977528362627,38.999462854375246,3984384
2022-09-13,40.02210235595703,40.61897203622184,39.75550129403943,40.427972402769186,2999069
2022-09-14,39.99026870727539,40.33247423460256,39.488897324194824,39.58837560456118,2742837
2022-09-15,40.07780838012695,40.38022318965012,39.4212511503848,39.66795836813212,4252554
2022-09-16,39.254127502441406,39.75549885311457,39.01140027116989,39.55256232425038,5528043
2022-09-19,39.27800369262695,39.62020921853465,38.63736332685809,39.11088091090539,1461626
2022-09-20,38.54981994628906,39.671934764270524,38.54981994628906,39.46104130749014,3029883
2022-09-21,38.17180252075195,38.36280213809667,37.72216182577391,38.199656315381816,2577821
2022-09-22,38.3747444152832,38.91988347730467,37.352107760994905,37.41577228512867,2696429
2022-09-23,37.32823181152344,38.45034677854574,36.9939862210998,38.45034677854574,3892872
2022-09-26,36.77513122558594,37.39587778084979,36.353344273752995,36.902463307413036,2675534
2022-09-27,35.899723052978516,37.40383419774998,35.891763090314946,37.268545190831865,3415273
2022-09-28,34.49906921386719,35.84401761640253,34.288175728125275,35.454061389981234,5605309
2022-09-29,33.850467681884766,34.65823079836959,33.47642839214851,34.55477254115478,3692206
2022-09-30,34.702003479003906,34.702003479003906,33.94199098424452,34.04544621157462,3760558
2022-10-03,34.92085647583008,35.16756066881097,33.57988816028852,34.097176433801835,3177201
2022-10-04,36.1901969909668,36.1901969909668,35.386413825638414,35.533642772700645,4372071
2022-10-05,35.10787582397461,36.1344893637251,34.932793080152834,36.0350110839784,2810487
2022-10-06,34.72587585449219,35.5296620386251,34.60252376157358,35.21531031669551,2506012
2022-10-07,34.709964752197266,35.15164554735388,34.34786233536094,34.542838925130155,2734191
2022-10-10,34.845252990722656,35.20735539952921,34.26828016129074,34.32398775713232,2617328
2022-10-11,34.03350830078125,34.40754760101444,33.66742896293046,34.391630712085785,2782908
2022-10-12,33.69926452636719,33.86638731521904,33.0466872248955,33.86638731521904,2914797
2022-10-13,34.57069396972656,34.777610511330046,33.18595788413724,33.24962241058999,4126814
2022-10-14,35.06410598754883,35.77637085209225,34.92483396386023,35.4142684478399,3511718
2022-10-17,36.11459732055664,36.46475978973203,35.26306344655578,35.382435566670964,2828882
2022-10-18,36.7432975769043,37.29639962975465,36.26182304591261,36.5443410086018,3058586
2022-10-19,36.54036331176758,37.09744229872829,36.30559298736263,36.92235955075417,2237308
2022-10-20,36.92235565185547,37.10937528819974,36.245901583464764,36.37323668551698,2184488
2022-10-21,36.91041946411133,37.009897737650775,36.194174680292896,36.65177534574156,2530135
2022-10-24,37.375980377197266,37.77389350671674,36.93031657923441,37.145190033475274,2552287
2022-10-25,37.670433044433594,37.83755582047722,36.93827438605042,37.55901786040451,2209328
2022-10-26,37.586875915527344,37.92112454132569,37.42771004780606,37.757978692056355,2184367
2022-10-27,37.722164154052734,37.96886834004827,36.982045524393904,37.59085209876317,3169911
2022-10-28,37.630645751953125,37.73808096462348,36.95419462426845,37.37598158370692,2262537
2022-10-31,37.797767639160156,37.98478729733234,37.45158515651796,37.642581760216494,1832430
2022-11-01,38.07232666015625,38.78857147576266,37.98876527097486,38.15588804933765,2333452
2022-11-02,38.10416030883789,38.617468585647174,37.88928686488265,38.43044893799153,2352678
2022-11-03,39.3018798828125,39.345650571503484,37.94499764090109,38.27924322453803,3910416
2022-11-04,40.29268264770508,40.65080505635269,39.34564749641071,39.67193612743718,4682120
2022-11-07,40.340431213378906,40.82588570792767,39.75152149291755,40.030059463968705,2305872
2022-11-08,40.340431213378906,40.5075570318458,39.95047805390728,40.01414257478918,1674044
2022-11-09,39.99822235107422,40.55530128257069,39.61224920503398,40.24492955903527,1815729
2022-11-10,40.46776580810547,40.92138655251075,39.84702227067433,40.09372951454802,3325677
2022-11-11,41.19196701049805,41.41480043377237,40.56326655510712,40.82588764946812,3406809
2022-11-14,41.526214599609375,41.66150360696616,40.969135608967235,41.446633187733184,2326226
2022-11-15,41.75700759887695,42.003711812878855,41.35909444252657,41.645592400832676,2472530
2022-11-16,41.45458984375,41.78883541444979,41.247676352721975,41.7012970762924,2392345
2022-11-17,41.78883361816406,41.8206673956727,41.15217324717197,41.67741843271996,2014820
2022-11-18,42.425498962402344,42.56874793189671,41.98779209126052,42.04350272236278,3488225
2022-11-21,41.876373291015625,42.52895052431106,41.81270877441499,42.18674501955418,2304354
2022-11-22,41.733123779296875,42.051455465577845,41.52621030829941,41.84454199458038,2193598
2022-11-23,41.97187805175781,42.06737635238576,41.63762944580564,41.86045982588293,1838265
2022-11-24,42.3618278503418,42.544867510264055,42.13899748797314,42.25041266915747,1940313
2022-11-25,42.44141387939453,42.727908769231995,42.01962391733682,42.696078027585244,1853140
2022-11-28,42.019622802734375,42.751784486238606,42.019622802734375,42.57670175056315,2326623
2022-11-29,42.63241195678711,42.79157781390639,41.876376412347675,42.20266505331591,2007813
2022-11-30,42.52099609375,43.01440751074839,42.2583719782894,42.81545095146109,3479986
2022-12-01,41.884334564208984,42.895034222011155,41.884334564208984,42.8234097411957,3118973
2022-12-02,41.979835510253906,42.26633345160271,41.470507186005484,41.49438100250579,3186583
2022-12-05,41.63762664794922,42.266330076162724,41.597835945014346,41.91616460432936,1915379
2022-12-06,41.74904251098633,41.804750103170356,41.26358803409457,41.58191973443424,1969471
2022-12-07,41.38296890258789,41.892297264885904,41.168095430524076,41.661506902020705,2131657
2022-12-08,41.38296890258789,41.661506902020705,41.271553702814764,41.589882411332766,1764207
2022-12-09,42.091251373291016,42.091251373291016,41.27155127811474,41.621713747663485,2243527
2022-12-12,41.92412567138672,42.21062359740651,41.74108600439321,42.01166704165233,1756729
2022-12-13,42.68016052246094,43.038282924380944,41.94004190377162,42.20266297462225,3030839
2022-12-14,42.58466339111328,43.04624409596175,42.52895579374693,42.79157992633375,2177111
2022-12-15,41.12034225463867,42.536915091352554,41.05667773114569,42.401623045695935,4148176
2022-12-16,41.812713623046875,41.812713623046875,40.666721832985566,40.993010487469945,7100962
2022-12-19,41.5421257019043,42.09920461493959,41.47050122685925,41.80474675317892,2071760
2022-12-20,42.131038665771484,42.21062310865332,41.25563104492383,41.4545875983743,3012487
2022-12-21,42.990535736083984,43.07807711206023,41.81271321348616,42.08329426839622,2745649
2022-12-22,42.82341384887695,43.39640671452685,42.67220491052009,43.070118056366354,2009654
2022-12-23,42.81544876098633,43.18948804477787,42.75178424390633,42.974614607440344,1163360
2022-12-27,42.97461700439453,43.20540734283363,42.91094944792739,43.046241487501966,965885
2022-12-28,42.62445068359375,43.1258189840155,42.61649072183955,43.093988244506434,1272926
2022-12-29,42.902992248535156,42.98257365777696,42.393663943380794,42.5289529462591,1373142
2022-12-30,42.37774658203125,42.84728417733133,42.36978965553022,42.77565969547755,1445544
2023-01-02,43.7147331237793,43.84206519351546,42.77565797103664,42.90299004077279,1815541
2023-01-03,44.57422637939453,44.86072431161035,43.66698495126856,43.75452632342741,2816969
2023-01-04,46.404632568359375,46.64337985079315,44.86072760600393,44.86072760600393,4045737
2023-01-05,46.643375396728516,46.929873322625376,46.10221332244248,46.23750232309593,2872672
2023-01-06,47.041290283203125,47.0810809886712,46.47625437238235,46.53196196720489,2907109
2023-01-09,46.96966552734375,47.29595416763256,46.69908448155525,47.15270520010711,2782877
2023-01-10,46.436458587646484,46.74683336264636,46.22158818040701,46.714999585338255,2572775
2023-01-11,46.63541793823242,46.98558343794459,46.30912929085098,46.57971034252117,2443551
2023-01-12,47.49490737915039,47.59836563413951,46.993536028180344,47.08107739502991,2719523
2023-01-13,47.638160705566406,47.7416189700439,46.92987581549581,47.638160705566406,2728685
2023-01-16,47.399410247802734,47.93261235228349,47.399410247802734,47.74957268794669,1702088
2023-01-17,47.34370422363281,47.566534598754615,46.99353873605721,47.40736874402354,2486995
2023-01-18,47.463077545166016,48.410112735196634,47.31187164903502,48.17136242910862,3025726
2023-01-19,46.87416458129883,47.35961601513286,46.38075014952883,46.945789061017955,3488537
2023-01-20,47.471038818359375,47.574494048961625,47.17658090894466,47.319829882217675,2382700
2023-01-23,47.90874481201172,48.139535172164045,47.59041307139909,47.72570512370223,1784574
2023-01-24,48.3464469909668,48.46582214848892,47.75753420214011,48.17136423615739,1841156
2023-01-25,48.537445068359375,48.537445068359375,47.35961952874287,48.26686401777227,2128499
2023-01-26,49.1263542175293,49.341227670070275,48.74435798051297,48.82393939145279,2841249
2023-01-27,49.3651008605957,49.78689083357295,49.15022741077775,49.34122704478355,2429677
2023-01-30,49.428768157958984,49.56405716129986,49.134313299754126,49.26164537647808,1793454
2023-01-31,50.05746841430664,50.21663122315764,49.349180557241375,49.85851186740691,3056957
2023-02-01,50.28825759887695,50.51109100418074,49.91422134096135,50.009719637042345,2744729
2023-02-02,49.02289581298828,50.71800657646719,48.4021523091099,50.28825967262698,4348984
2023-02-03,49.1183967590332,49.237768874150646,48.24298606899094,48.545400891793626,3156908
2023-02-06,48.3464469909668,48.81598462227137,48.1156566388701,48.60907112318091,2881745
2023-02-07,49.6118049621582,50.27233912330214,47.359615380169444,48.736397364737755,3829578
2023-02-08,50.81350326538086,51.12387500747933,49.80280663089882,50.176842892379376,3805555
2023-02-09,51.25917053222656,51.49791475889167,50.68617163771847,50.82942060238646,3342155
2023-02-10,50.606590270996094,51.29895824357747,50.20867715455041,51.03633412952196,2799846
2023-02-13,50.391719818115234,50.86125744485474,50.28030462462388,50.733925361459434,2157758
2023-02-14,51.23529052734375,51.4660808627604,50.415590481499414,50.5986331860272,2298323
2023-02-15,51.092044830322266,51.243253766703134,50.49517815518908,51.02042337940881,1899481
2023-02-16,52.3653678894043,52.46882311256727,51.338751333381914,51.338751333381914,3307863
2023-02-17,52.07090759277344,52.27782410120129,51.680954461702136,52.0629476308453,2752714
2023-02-20,52.12661361694336,52.44494529611401,51.999278516606395,52.24598875559133,1462503
2023-02-21,52.04703903198242,52.15845422353411,51.06021616180788,51.90379006117704,2041804
2023-02-22,50.90104675292969,51.99928480359588,50.57475810845589,51.86399579688452,3352806
2023-02-23,51.561580657958984,51.7923709864904,50.948791078696104,50.972670965100406,2452406
2023-02-24,50.8453369140625,51.84807965535382,50.8453369140625,51.62524928432735,3831674
2023-02-27,52.094783782958984,52.28578037624204,51.139794744871516,51.139794744871516,2439951
2023-02-28,52.6439094543457,53.3362744296817,51.6252527909348,51.78441561771551,3849072
2023-03-01,50.45538330078125,51.65708258682004,50.216633007350005,50.37579885769214,4959378
2023-03-02,50.4315071105957,50.65434051832826,49.4685581053734,50.137052256898826,3652068
2023-03-03,51.13979721069336,51.33079381318574,50.55088444202994,50.55088444202994,3249357
2023-03-06,51.68095779418945,51.69687164739993,51.115921894296285,51.545662719374874,3164372
2023-03-07,50.86921310424805,51.87195589235494,50.718007207682966,51.728706922625385,3295274
2023-03-08,50.93287658691406,51.35466349968192,50.55088037681253,50.61454489391144,1940506
2023-03-09,49.85055160522461,51.036330917537185,49.79484401529508,50.85329429562812,2765650
2023-03-10,47.94853591918945,48.46582424302568,47.009460615996495,47.3516661774568,6856373
2023-03-13,44.685646057128906,47.94853253389781,44.44689574862304,47.88486497540658,10002668
2023-03-14,46.06242370605469,46.53991823659948,44.16835640133277,44.470771223123776,7140995
2023-03-15,41.406837463378906,46.14996406566885,40.40409775690374,46.0624226952948,13047147
2023-03-16,41.948001861572266,43.770444744062104,40.83384690777064,42.95870158632642,8644803
2023-03-17,41.128299713134766,43.03828387500488,39.99026796402788,42.711992207064846,12469201
2023-03-20,41.82862854003906,42.441415113135,37.419750413090874,39.07506742444934,10905686
2023-03-21,43.56352615356445,43.86593791425076,42.759740016777755,42.89503204515715,6659062
2023-03-22,43.348655700683594,44.35935537664364,43.078074661168024,43.6431105556212,4711648
2023-03-23,42.4016227722168,43.5078208038201,42.24245994659273,42.743828311813886,3873255
2023-03-24,40.16535186767578,42.282249574336525,39.345648764609024,42.115123754356716,10854004
2023-03-27,41.21583938598633,41.77291832990136,40.11759838636367,41.54212800464804,4539832
2023-03-28,41.35908889770508,42.4095792467688,40.41205376962045,42.00370618163652,5222051
2023-03-29,42.473243713378906,42.54486819326667,41.43867025398369,41.71720821141608,3732322
2023-03-30,43.39640426635742,43.873901835937176,42.72791009761473,42.91094977007763,4314925
2023-03-31,43.937564849853516,44.07285688580286,42.88707448298377,43.770442072359714,5196347
2023-04-03,44.4071044921875,45.11538937452585,43.98531754783686,44.06489895912844,4194961
2023-04-04,44.83685302734375,45.60880549541651,44.55831504187232,44.73339476023878,3970103
2023-04-05,44.43098068237305,45.298428374372534,44.255897937136204,45.2347638534549,3415146
2023-04-06,45.54513931274414,45.69634521859609,44.749313003517436,44.82889745594197,3534417
2023-04-11,45.29842758178711,46.2613796279048,45.27455376634024,45.943047921377875,3216583
2023-04-12,45.41780471801758,45.95100989440595,45.29047263700243,45.521262982541224,2922765
2023-04-13,45.791839599609375,46.14996199148206,45.314342065167125,45.38596654354166,2548133
2023-04-14,47.264122009277344,47.383497164919355,45.66451253152499,45.943050513574605,4096092
2023-04-17,46.30912780761719,47.59040853961037,46.27729706525618,47.486950278387596,3324472
2023-04-18,47.28003692626953,47.574491785840685,46.52400138903466,46.52400138903466,3174581
2023-04-19,47.43124008178711,47.62223970465343,46.866204211054765,47.20840971830641,3029795
2023-04-20,46.83436965942383,48.059942709954576,46.547874783620294,47.74957098429044,2922620
2023-04-21,46.68316650390625,46.96170446991391,46.30912720455069,46.794581690309315,3385239
2023-04-24,47.065162658691406,47.31982680889546,46.444419172048526,46.555834358283285,2206738
2023-04-25,45.94304656982422,46.531959298823544,45.68042550012602,46.46829174505667,3051349
2023-04-26,45.84754943847656,46.16587810788093,44.96418184047852,45.712257401206706,4370114
2023-04-27,46.7468376159668,47.04924942040083,45.44963991307725,45.79980238781809,3348552
2023-04-28,46.62746047973633,47.14474876068453,45.48942869031928,46.74683563252014,3943712
2023-05-02,45.33026123046875,47.192494725922955,45.32230430395451,46.68316642559978,4337766
2023-05-03,44.797061920166016,45.815718584605364,44.43098256086267,45.04376612342699,3463053
2023-05-04,44.518516540527344,45.20292755834456,44.20814480822327,44.53443342882961,3964184
2023-05-05,46.07038497924805,46.18976014106488,44.876645504425575,44.94031306695095,3500140
2023-05-08,46.38871383666992,46.69112563235804,46.12608971133224,46.285255571915414,2212553
2023-05-09,46.492164611816406,46.89803766921423,46.08629459025458,46.42054316904314,3284317
2023-05-10,46.09425354003906,47.26411906340482,45.863466241798,46.73091694933283,3164316
2023-05-11,45.64063262939453,46.635415407156714,44.996015332339745,46.30912677748416,3124670
2023-05-12,46.54787826538086,46.86620694091872,46.00671617754667,46.01467310420474,3047458
2023-05-15,46.66725158691406,47.096998497629876,46.20567393290678,46.94579260052747,2098800
2023-05-16,46.50012969970703,47.03333184914744,46.348923799679824,46.364837653715256,2817527
2023-05-17,46.65929412841797,46.73887553949433,45.95100924799517,46.2375041493718,3034253
2023-05-18,47.463077545166016,47.78936618953855,47.184539569178334,47.20841338545263,3280289
2023-05-19,47.63019561767578,48.13952692253966,47.35165766924987,47.66998935531029,4601652
2023-05-22,48.787967681884766,48.949713391836895,47.56209452031292,47.69830228854875,5860566
2023-05-23,48.59217071533203,48.77945437277142,48.07287756810348,48.66027297782378,2969892
2023-05-24,47.706817626953125,48.50703786823379,47.596147799212915,48.01328592072639,3744865
2023-05-25,47.82600021362305,48.14098008011,47.02577995236314,47.706818818057684,3172646
2023-05-26,47.936668395996094,48.25164825165359,47.076854219065666,48.07287616445199,2544293
2023-05-29,47.757896423339844,48.72838049528742,47.52804843644261,48.64324860435364,1989836
2023-05-30,47.06834411621094,48.14949473266858,46.86403083345657,47.75789454467683,3961516
2023-05-31,45.97867965698242,47.28968152639484,45.876524637175464,46.719312481069025,5349242
2023-06-01,46.370277404785156,46.78741227465017,46.03827117235604,46.16596412850989,2737440
2023-06-02,48.081390380859375,48.22611296951533,46.71931262118329,46.8640319623897,3325828
2023-06-05,47.60465621948242,48.4048796553528,47.238600501043905,48.25164551858823,2820715
2023-06-06,48.0728759765625,48.28570081690861,47.230088179914205,47.28967887541516,2602283
2023-06-07,48.31975173950195,48.36231930677826,47.74938270943317,48.35380449434322,2621472
2023-06-08,48.53257369995117,49.14551026084616,48.49000938265552,48.6943226521036,2574474
2023-06-09,47.732357025146484,48.72837901029575,47.28968094813009,48.66878506473343,2612630
2023-06-12,48.03882598876953,48.75391762340502,48.013288045641325,48.14949582140763,2954193
2023-06-13,48.25164794921875,48.46447278906271,47.77491913888651,48.21759519545587,2974169
2023-06-14,48.966739654541016,49.31577226279651,48.13246667011202,48.14949304703294,3298383
2023-06-15,47.91964340209961,48.702837281463765,47.613175102366,48.60068226403572,2937664
2023-06-16,48.15800476074219,48.26867458734584,47.63871162912045,48.0984140650593,8271686
2023-06-19,48.36231994628906,48.90715104115609,47.97923456788272,48.115442341599476,2390814
2023-06-20,48.294212341308594,48.46447286293314,47.766407646976894,48.18354251513524,2289036
2023-06-21,48.55812072753906,49.01782320349082,48.23462603178231,48.336781055066155,2554634
2023-06-22,47.43440246582031,48.07287700045738,47.102396227400945,48.07287700045738,3122823
2023-06-23,46.69377136230469,47.19603814434775,46.27663646977288,47.12793588018828,3075836
2023-06-26,47.01726150512695,47.16198407958942,45.71477457221083,46.736334415504494,2892775
2023-06-27,47.3918342590332,47.76640805933067,46.88105593719949,47.45142820244819,3308505
2023-06-28,47.553585052490234,48.08990458432758,47.29819588171752,47.84302697868584,3213637
2023-06-29,48.34529495239258,48.60919569483188,47.61317692991662,47.61317692991662,3651226
2023-06-30,49.13699722290039,49.67331345015179,48.56662499640476,48.60918931242404,5687909
2023-07-03,49.741424560546875,50.20112701925028,49.171052269759436,49.4775205755617,2386997
2023-07-04,49.28172302246094,50.2777450349247,49.27321145711832,50.056405366621824,1270228
2023-07-05,48.813507080078125,49.15402813455271,48.532576723019176,48.77945432514078,2797200
2023-07-06,46.61715316772461,47.8770791226856,46.268120547721075,47.75789448022754,6672168
2023-07-07,46.92361831665039,47.43439986482171,46.182988806368606,46.489457085781545,3310169
2023-07-10,47.11941909790039,47.579121539696835,46.63417871404284,46.71079578767558,2493724
2023-07-11,47.8089714050293,47.911126417826665,47.05131550250428,47.247113963469786,2535717
2023-07-12,48.2686767578125,48.52406592900155,47.68979290447757,47.8089743012025,4296194
2023-07-13,48.53257369995117,48.73688696939925,48.13246522043295,48.26867298424858,2670516
2023-07-14,48.226112365722656,48.78796984048576,48.1665216674485,48.472986723951514,2209915
2023-07-17,48.27718734741211,48.72837822975997,48.0303097463566,48.200570272858656,1677982
2023-07-18,49.043357849121094,49.111460110913676,48.251649165154646,48.42190969081023,1910941
2023-07-19,49.34130859375,49.64777687342348,49.119972195902065,49.34130859375,1892365
2023-07-20,49.41792678833008,49.83506490014545,49.23915470360177,49.366850905521595,2028378
2023-07-21,49.38387680053711,49.775476992879554,49.051870553890936,49.349827292574304,3090044
2023-07-24,49.69034194946289,49.73290626730107,48.71986121397556,48.87309535615244,1838833
2023-07-25,49.87763214111328,50.039377858567235,49.6562957252579,49.77547712206076,1388311
2023-07-26,49.47751998901367,50.039377460507254,49.000794405594554,49.7839882911828,2636487
2023-07-27,50.95026397705078,51.5802269147716,50.133017393615056,50.226660840197134,5221786
2023-07-28,51.231197357177734,51.70792618286528,50.83960041863945,51.00134613304889,3477639
2023-07-31,51.09498977661133,51.503613094110335,50.873650116643454,51.231197549110995,2410299
2023-08-01,50.14153289794922,51.333350036721704,50.08194220338306,50.950264680618325,2469141
2023-08-02,49.043357849121094,49.76696102384554,48.71986317512043,49.375364088052294,3537471
2023-08-03,49.62224197387695,49.69034423606204,48.524064986891034,48.65176119373105,2629468
2023-08-04,50.473541259765625,50.71190404811606,49.715885327552236,50.02235037795304,2588979
2023-08-07,50.69487380981445,50.9758041439313,50.184095517264616,50.26071258589201,1710037
2023-08-08,49.171051025390625,50.03937678737254,48.47298578981781,49.72439692435783,4102500
2023-08-09,49.84357833862305,50.35435991805544,49.74142332171635,50.150046636792595,2608353
2023-08-10,51.33335494995117,51.503615485343055,50.15004926252448,50.2096399627942,3238523
2023-08-11,50.69487380981445,51.231193290206214,50.4054319113831,51.09498552902964,2591264
2023-08-14,50.805545806884766,51.16308997749544,50.524615460734104,50.609747344771876,1960447
2023-08-15,50.03937530517578,51.02688243215867,49.82655046533077,50.89067466455584,1999256
2023-08-16,49.78398513793945,50.19260843246688,49.511569608254504,49.68183012616991,1853675
2023-08-17,49.903167724609375,50.46502517400807,49.528597174160026,49.64777856532803,2241534
2023-08-18,49.562652587890625,49.84357970394159,49.00930667354394,49.63926966453171,2779188
2023-08-21,49.6648063659668,50.3628716034896,49.54562497138234,49.579677726249166,1862482
2023-08-22,49.84357833862305,50.60974908404692,49.84357833862305,49.93722179055813,2034228
2023-08-23,49.80952453613281,50.66933871540623,49.62224088365146,50.15855714671773,2103839
2023-08-24,49.749935150146484,50.371383314748186,49.71588564263023,50.12450895987041,2343960
2023-08-25,49.6392707824707,50.28625691843897,49.605218025985636,49.9457358484875,1851658
2023-08-28,50.652313232421875,50.92472877488433,50.11599371243981,50.12450852483206,2279296
2023-08-29,50.99283218383789,51.08647238414968,50.68636389932866,50.77149253504821,2141387
2023-08-30,50.975807189941406,51.665357601342194,50.975807189941406,51.07796220506572,2336342
2023-08-31,50.831085205078125,51.63982026564224,50.745956566050076,51.05242486247011,7896015
2023-09-01,50.72893142700195,51.375917542775944,50.6267764081849,51.086475616586384,2127581
2023-09-04,50.601234436035156,51.34186724150111,50.44800028645251,50.99283462244051,1659669
2023-09-05,50.55867004394531,51.05242524688423,49.80952567454981,50.2947693125016,2000571
2023-09-06,49.88614273071289,50.311792423799005,49.25618300351712,50.11599395467332,2923414
2023-09-07,49.86060333251953,50.192609563841124,49.46049159351692,49.562649855038444,2284877
2023-09-08,49.741424560546875,50.269229283067716,48.93268947522412,49.96276097726545,2162431
2023-09-11,50.660823822021484,50.89918985267408,50.00532616821261,50.05640205178509,3147534
2023-09-12,50.96729278564453,51.00985710499959,50.57569585165894,50.82257345034745,2550025
2023-09-13,50.984317779541016,51.41848226855107,50.82257207140061,51.05242328662075,2191422
2023-09-14,52.18464660644531,52.40598624372062,50.75446351810173,51.05242022251863,3850193
2023-09-15,52.320858001708984,52.984873712240336,52.19316504589671,52.354910755572,8094602
2023-09-18,51.171607971191406,52.35491362956859,50.805548965692765,52.18465309835651,3667191
2023-09-19,52.02290725708008,52.031418822268314,50.967294564015,51.00134731966699,2620758
2023-09-20,52.840152740478516,53.37647226407358,52.06547042748541,52.23573095453378,3583372
2023-09-21,52.482608795166016,52.71245677316021,51.96331564665807,52.32937464487024,2590604
2023-09-22,51.70792770385742,52.1420889750165,51.40145939600418,52.08249827598387,2669268
2023-09-25,51.43550491333008,52.43152683656782,51.13755144128634,51.5717159262064,2766032
2023-09-26,51.27376174926758,51.56320367108399,50.73744222554465,51.25673537181374,2252126
2023-09-27,51.171607971191406,51.68238631737812,50.83960172142509,51.112017272384605,2797880
2023-09-28,51.47807312011719,51.63130726406342,50.85662497964604,51.08647294811607,2239087
2023-09-29,51.44402313232422,51.85264645566707,51.1375548279547,51.358894491088016,2830079
2023-10-02,50.81406021118164,51.86115808749078,50.601235360368,51.648333236677146,2061569
2023-10-03,50.05640411376953,50.89067713679658,49.92871115212888,50.38841036046454,2670595
2023-10-04,49.920196533203125,50.218153273086166,49.40090337714795,49.7499360029056,2668329
2023-10-05,50.39692306518555,50.6012330942451,49.78398648310815,50.15855703468358,2472235
2023-10-06,51.060935974121094,51.171605801834666,50.473540576163316,50.626774723013064,1990871
2023-10-09,50.252201080322266,50.70339195745687,49.92019484357659,50.70339195745687,1872289
2023-10-10,50.93324661254883,51.19714735829389,50.71190694149533,50.71190694149533,3160128
2023-10-11,51.28227615356445,51.49510099886943,50.601234050628996,50.814058895933975,2218506
2023-10-12,50.601234436035156,51.57171846587509,50.3203073267666,51.50361295608304,2667375
2023-10-13,49.06889724731445,50.3969254898934,48.61770960127171,50.209638581370214,4694932
2023-10-16,49.230648040771484,49.596703811327366,48.79648350897441,49.2136216623236,2702406
2023-10-17,49.10294723510742,49.50305897259905,48.719861874471746,48.966739467709104,2171922
2023-10-18,48.787967681884766,49.40941582742634,48.67729785536523,49.10294753703338,2468130
2023-10-19,48.27718734741211,48.60919358799392,47.47696709453672,48.52406494846762,3220816
2023-10-20,47.298194885253906,47.88559029040103,47.2130629984902,47.67276544466592,3689118
2023-10-23,47.7834358215332,47.97923429216026,47.051317824219346,47.50250546316648,2807822
2023-10-24,47.59614944458008,47.817485860262565,47.264143197331606,47.78343635223799,2569012
2023-10-25,47.82600021362305,47.936670044126366,47.051317894998725,47.4429148368419,2730173
2023-10-26,46.58310317993164,46.76187527060147,44.96563305662035,46.744848893283,5750038
2023-10-27,46.54053497314453,47.18752431255503,46.42135358100296,47.14495999356866,3093023
2023-10-30,45.73180389404297,46.480945012921005,45.4678999162306,46.480945012921005,3759647
2023-10-31,46.217044830322266,46.600130206703305,45.757342378665015,45.757342378665015,3247176
2023-11-01,46.31068801879883,46.82997791776279,46.07232198182825,46.35325233872054,2717312
2023-11-02,47.298194885253906,47.749382519028536,46.600129651038685,46.60864121599034,3304816
2023-11-03,48.217594146728516,48.52406242903007,47.53655532353023,47.67276308816989,3397647
2023-11-06,48.36231994628906,48.532577227847895,48.183544604733115,48.48150134236004,2526854
2023-11-07,47.63020324707031,48.50704061138078,47.579124112736366,48.02180020128183,2976344
2023-11-08,47.757896423339844,48.0558531704337,47.11942185485964,47.15347461123315,2226445
2023-11-09,47.74938201904297,47.90261616616368,47.306705954855275,47.706817699831525,2075065
2023-11-10,47.34075927734375,47.66425395264192,46.93213596260105,47.58763687816208,2489497
2023-11-13,47.49399185180664,47.80897170424865,47.23860269449017,47.528044605435326,1629208
2023-11-14,47.681278228759766,47.75789530508137,46.56607808696132,47.50250613315918,3144007
2023-11-15,47.98774719238281,48.158007725149886,47.65574093958428,47.81748665961574,1773206
2023-11-16,47.74938201904297,48.217596025267646,47.689791322657065,48.098414632495846,1746207
2023-11-17,48.294212341308594,48.47298442766217,47.86856266097189,47.88558903787928,2600953
2023-11-20,48.35380554199219,48.85607232071014,48.08138999225867,48.60919471393617,1565294
2023-11-21,48.064361572265625,48.21759571841116,47.732355338100085,48.09841432639782,1393885
2023-11-22,48.16651916503906,48.32826487374433,47.979232267365035,48.20908348338789,976809
2023-11-23,48.43893814086914,48.532578348909716,48.12395501832059,48.17503415243782,1119936
2023-11-24,48.54960250854492,48.75391578822846,48.387856795738784,48.447447492427855,1275412
2023-11-27,48.030311584472656,48.58365750491848,47.95369775443663,48.57514593961989,1421699
2023-11-28,48.081390380859375,48.081390380859375,47.6472291097906,47.80046326368536,1237697
2023-11-29,48.45595932006836,48.63473465855433,47.68127701146057,47.75789408582615,1440565
2023-11-30,49.1795654296875,49.34982595468368,48.70283660918809,48.80499487265544,3361523
2023-12-01,49.20510482788086,49.57967864344651,49.00079478979914,49.426444491160474,1337401
2023-12-04,49.775474548339844,49.83506524366004,49.32428367990921,49.37536281051909,1595873
2023-12-05,50.87364959716797,50.95026667138228,49.42644324693009,49.613726902548855,3181718
2023-12-06,51.63982009887695,51.89520926258576,50.6948772704499,50.93324330436761,2813151
2023-12-07,52.02290725708008,52.15060021960076,51.1120171518112,51.37591788949033,2523276
2023-12-08,52.65286636352539,52.69543393130107,51.85264610006468,52.10803526947134,2699114
2023-12-11,52.082496643066406,52.71245636950322,52.082496643066406,52.627327729968336,2198940
2023-12-12,51.77602767944336,52.26126806294511,51.71643698304486,52.24424168576706,1848851
2023-12-13,51.34186553955078,51.86967023314494,51.29078640889999,51.529149190371676,2044571
2023-12-14,53.52970504760742,53.90427559959533,52.18465049044515,52.193165302677464,4771017
2023-12-15,53.70847702026367,54.46613293485192,53.42754667128635,53.85319635341003,9283183
2023-12-18,53.11256790161133,53.88725020901572,52.874205113932874,53.512679650171094,1563237
2023-12-19,53.027435302734375,53.316877200780326,52.925277046401085,53.07851118345184,1836408
2023-12-20,53.51268005371094,53.81914835300827,53.14662105704462,53.31688158414863,2125843
2023-12-21,53.52970504760742,53.52970504760742,52.857177769026286,53.29133901684297,1458810
2023-12-22,53.6403694152832,53.946837694022804,53.546729216734306,53.631857850851205,1279974
2023-12-27,53.62335205078125,54.09156608365436,53.436065138652175,53.71699225939621,1184940
2023-12-28,53.16364669799805,53.83617398464485,53.070003247015656,53.73401572132802,856379
2023-12-29,53.2828254699707,53.50416186803694,53.138102894449155,53.138102894449155,764511
2024-01-02,53.938331604003906,54.32992855660511,53.461602761196204,53.57227259473987,1453297
2024-01-03,52.499629974365234,54.27033420200638,52.286805134357365,54.18520556498297,2161179
2024-01-04,53.55524444580078,53.55524444580078,52.44004107684352,52.652865924147996,2020844
2024-01-05,53.631858825683594,53.89576279216156,52.780559479244175,53.07000138693155,1708603
2024-01-08,53.751041412353516,53.84468486214044,53.17215758407922,53.63186002078811,1121894
2024-01-09,53.3168830871582,53.72550641525731,53.00189996652906,53.72550641525731,1334945
2024-01-10,53.1466178894043,53.48713892331662,52.87420236125414,52.98487218439303,1448019
2024-01-11,51.759002685546875,53.55524493271984,51.418484875233425,53.46160147946256,2383953
2024-01-12,51.784542083740234,52.465580928249565,51.48658535664596,51.9037234755982,1827811
2024-01-15,52.03141403198242,52.25275367589315,51.903721081217824,51.95479696254397,1328875
2024-01-16,51.71643829345703,51.88669882210234,51.282277030488494,51.46104912421381,1726074
2024-01-17,51.28227615356445,51.324840473135566,50.56718454344176,51.07796287319393,1829354
2024-01-18,51.63982009887695,51.99736752602881,51.1716060908359,51.2822759191745,1662660
2024-01-19,51.59725570678711,52.09952246860136,51.53766501025402,51.8952091894526,1550707
2024-01-22,52.38045120239258,52.90825917016417,52.30383412626118,52.40599239273604,1657658
2024-01-23,52.07398223876953,52.66989246253246,51.82710788320372,52.53368468973946,1379736
2024-01-24,52.77204895019531,52.925279847907895,52.516656543292534,52.516656543292534,2228528
2024-01-25,52.51665496826172,52.71245342621879,52.19316355813226,52.491117027317095,1315686
2024-01-26,53.248775482177734,53.384983252856365,52.43152885810594,52.780561473435526,2078747
2024-01-29,52.814613342285156,53.52119012600357,52.652864384695285,53.333906474117015,1483122
2024-01-30,52.95082092285156,53.16364576317858,52.635841068453395,52.908256604276026,1746594
2024-01-31,53.248775482177734,53.77658018762625,52.91676924411416,53.163646843297116,2628768
2024-02-01,48.34529495239258,50.21815433019048,48.013288697420826,48.5240670516159,9865002
2024-02-02,47.72384262084961,49.33279786907508,47.55358210174945,48.8220163117746,5384986
2024-02-05,47.757896423339844,48.71986568246925,47.545071567179775,48.48150288275384,3623657
2024-02-06,46.88957214355469,47.877079309922934,46.881057331049654,47.77492104455936,3989882
2024-02-07,46.651206970214844,47.45994205836752,46.55756351561986,46.88957301303376,3496049
2024-02-08,46.42987060546875,46.97470170833176,46.16596661926032,46.90659619674911,2920886
2024-02-09,45.493438720703125,46.41284363054489,45.18697366487203,46.11488689237788,4901434
2024-02-12,46.11488723754883,46.25109825998151,45.79139580161974,45.97016789738837,3202069
2024-02-13,45.82544708251953,46.55756181983794,45.706262441726416,46.13191213078218,2452307
2024-02-14,45.902061462402344,46.25960889419354,45.47641176821486,45.54451727806059,2374115
2024-02-15,45.97867965698242,46.18299294404585,45.57005633030508,46.05529673370002,2517763
2024-02-16,46.29365921020508,46.702282505403424,46.15745144513896,46.42135216326434,2901560
2024-02-19,46.625667572021484,46.82997760526209,46.25109701278077,46.39581634903874,2292612
2024-02-20,47.24711227416992,47.30670296679186,46.455403646536546,46.47243002263556,3168091
2024-02-21,47.5876350402832,47.77491868931798,47.238602436121525,47.247114000757485,2638341
2024-02-22,47.860050201416016,48.379343321309605,47.60465780002953,48.038822284427134,2618808
2024-02-23,48.00476837158203,48.31974821224721,47.749379223814344,48.14949094536822,2247149
2024-02-26,47.11090850830078,48.05585135351661,47.051317810624965,47.97071946580153,2763767
2024-02-27,47.33224105834961,47.3407558701509,46.898079832510746,46.90659139686284,2130501
2024-02-28,47.204551696777344,47.689792087963426,46.93213615251321,47.221578074225036,2386211
2024-02-29,47.144962310791016,47.50250650478938,47.02578091279156,47.3237344077902,3837416
2024-03-01,47.80046081542969,48.04733516410495,47.144959912331196,47.27265286907025,2517235
2024-03-04,48.7539176940918,48.88161065736748,47.817486392822396,47.826001205510494,3111764
2024-03-05,48.72837448120117,48.92417293500892,48.23461931707357,48.524061215626155,1968996
2024-03-06,48.7539176940918,49.23064653368983,48.7113533729999,48.73689131616513,2614268
2024-03-07,49.707366943359375,49.869115893074024,48.60919003745663,48.63473122540848,3758442
2024-03-08,50.16707229614258,50.38840870418068,49.73290779746678,49.792501741212945,2857525
2024-03-11,50.269229888916016,50.490569555751705,49.90317088006815,49.93722363611204,2759877
2024-03-12,50.831085205078125,51.18011782101219,50.31179206363855,50.584207605467604,4012391
2024-03-13,51.886695861816406,52.5932726313254,51.61428033050579,51.82710516730779,4745114
2024-03-14,51.29079055786133,52.16762792987409,51.20566191400654,51.73346665029533,3209386
2024-03-15,52.1080322265625,52.448553264185904,51.36740270429828,51.46104615201718,8949165
2024-03-18,52.2357292175293,52.62732614350409,52.116547826793436,52.1676237099949,2282031
2024-03-19,52.78056335449219,53.07000528343093,52.40599278363891,52.40599278363891,2947725
2024-03-20,52.720970153808594,52.925280183687825,52.312346846600754,52.6784058348712,2885055
2024-03-21,53.32538986206055,53.64888451887233,52.85717587697331,53.112565028161875,3666581
2024-03-22,53.46160125732422,54.15966650013316,53.41903693714308,53.759557993491114,2715480
2024-03-25,53.19770050048828,53.79360747766276,53.19770050048828,53.393498971195534,2176630
2024-03-26,54.74706268310547,54.82368300693924,53.84468739174587,53.84468739174587,3717066
2024-03-27,55.05352783203125,55.63241165430978,54.517211575541786,54.747059544066225,2891033
2024-03-28,56.06657791137695,56.12616860842012,55.24933128268535,55.26635441259817,3467964
2024-04-02,55.6920051574707,56.696538708693915,55.48769512015891,56.01550308602161,2995647
2024-04-03,56.63694763183594,56.943415933203994,55.58133820206757,55.67498165497998,3081188
2024-04-04,57.17326736450195,57.54783466132198,56.866799079441,56.866799079441,2583051
2024-04-05,56.65397644042969,56.764643021868224,56.10914535582654,56.381560898128114,2913205
2024-04-08,57.02854537963867,57.30096092971623,56.58587254634977,56.62843361970309,1847356
2024-04-09,56.7305908203125,57.36906536270338,56.62843255536635,56.96044529271661,2233616
2024-04-10,56.80720901489258,57.48824460432697,56.28791588694082,57.096647679049994,2452350
2024-04-11,55.76862335205078,57.164753794371656,55.16420158085444,56.62843103641388,3214765
2024-04-12,55.640926361083984,56.56033122323805,55.419586710217565,56.17724261655787,2351756
2024-04-15,55.989959716796875,56.68802497792433,55.61539239039375,55.640930333682704,2592068
2024-04-16,54.338443756103516,55.09609972336137,54.16818322192826,54.874760054698655,3485230
2024-04-17,54.61085891723633,55.317438992351214,54.34695492879892,54.41505719350723,2277500
2024-04-18,55.72605514526367,55.802675464762196,55.036504744270296,55.31743509093377,2716710
2024-04-19,55.70051574707031,55.95590814552156,54.83219328315332,55.14716988035825,2722009
2024-04-22,56.71356964111328,56.84977417082776,55.97293680829985,56.270890306018195,2691459
2024-04-23,57.93092346191406,58.109695546323884,56.8667992726423,56.8667992726423,3112172
2024-04-24,57.658512115478516,58.2969866753972,57.352043807125625,57.692558376496315,3367663
2024-04-25,58.194828033447266,59.2078764070386,57.530815534585365,58.46724358413161,3638561
2024-04-26,57.045570373535156,58.80775974079152,56.798692786492666,58.70560148221922,3211049
2024-04-29,57.649993896484375,58.118204649154066,57.38609317234512,57.54783563476981,2454535
2024-04-30,57.55635452270508,58.30549567696468,57.326500041295304,58.14375320308654,2349914
2024-05-02,57.42013931274414,57.86281861769416,57.07110995201305,57.5563503280822,1771056
2024-05-03,57.58189010620117,58.152259137598136,57.30947456173554,57.88835840558737,1775234
2024-05-06,58.08415603637695,58.19482261090912,57.37757603500634,57.60742399592651,1067014
2024-05-07,59.25043487548828,59.36961626774157,58.47575582584187,58.47575582584187,2449417
2024-05-08,59.539878845214844,59.693112988597186,58.84181363533943,59.275971629173874,2043377
2024-05-09,60.110252380371094,60.23794859195702,59.522853704015304,59.582444403435524,1688075
2024-05-10,60.61251449584961,61.06370863217877,60.2719999328148,60.2719999328148,2520057
2024-05-13,60.97856903076172,61.43827145107121,60.58697211603107,60.86790245536995,1870517
2024-05-14,60.88492965698242,61.20842758267188,60.45077164339751,60.75723994410387,1763827
2024-05-15,61.08073043823242,61.32760803751,60.85088246367678,61.0126249291423,1803259
2024-05-16,60.9615478515625,61.19991063381359,60.64656474936002,61.021138547125275,1340519
2024-05-17,61.557456970214844,61.557456970214844,61.02965550379816,61.11478414403644,2796769
2024-05-20,62.059722900390625,62.212957040683875,61.54042978578008,61.59150566757833,2085075
2024-05-21,62.096065521240234,62.24145033860045,60.93301471167709,62.059726249229826,4197847
2024-05-22,61.35098648071289,62.03246222342917,61.287382355352555,61.905253972708515,1611847
2024-05-23,60.96027374267578,61.632668136724774,60.75129172932443,61.432767475376686,1593552
2024-05-24,61.069313049316406,61.15109374458036,60.17885527982803,60.46052970637417,1333372
2024-05-27,60.93301773071289,61.151094967558244,60.7058591415798,61.11474876141735,962501
2024-05-28,61.5963249206543,61.5963249206543,60.97845327029181,61.014799477057856,1390311
2024-05-29,60.81489944458008,61.85074208513347,60.47870222771163,61.72353382628166,1873775
2024-05-30,61.5963249206543,61.5963249206543,60.31514712838924,60.36058161992932,1654206
2024-05-31,61.51454162597656,61.99612364605269,61.214697564390065,61.79622298344181,3289110
2024-06-03,61.841651916503906,62.38683807478208,61.70536230926434,62.241453250619905,1415332
2024-06-04,60.72403335571289,61.59632147227378,60.260627910801574,61.55997526754253,2450741
2024-06-05,60.178855895996094,60.96027505724339,60.0062131515944,60.82398545095777,1613978
2024-06-06,60.74220275878906,61.023884111292766,59.679102270716506,60.50595589510749,2181388
2024-06-07,60.30606460571289,60.97845208701178,60.024383241824594,60.742205213781915,2120025
2024-06-10,57.434776306152344,57.86183555889221,54.97237805491112,55.426695228918646,7509856
2024-06-11,55.19953918457031,57.92544235417873,54.85425714589368,57.83458030165783,6746748
2024-06-12,56.171775817871094,56.41710751083604,55.24496835539187,55.24496835539187,4627597
2024-06-13,54.518062591552734,56.11725756912565,53.59125511155653,55.99004931099844,5973973
2024-06-14,53.073333740234375,54.399939096732886,52.11926833908586,54.309077045638766,8617206
2024-06-17,53.73663330078125,54.14551943931208,52.791652773102186,53.38226646944282,4341390
2024-06-18,54.02739715576172,54.627095682971884,53.3459213991063,54.33633297075877,2718136
2024-06-19,53.34592056274414,54.42719763136393,53.22780059574785,54.42719763136393,2947548
2024-06-20,54.618011474609375,54.82699695971109,53.45496061276854,53.59125368592271,2735541
2024-06-21,53.909278869628906,54.95420631608444,53.3550113489953,54.51806223415104,6377244
2024-06-24,55.672027587890625,55.80832066203188,53.97288230720827,53.97288230720827,3799351
2024-06-25,55.02689743041992,55.890097289150276,54.71796161307312,55.80832005908304,3411239
2024-06-26,54.74522018432617,55.68111246585637,54.48171538807387,55.20862218276554,3252961
2024-06-27,54.53623580932617,55.135934360443564,54.13643793063627,54.92694886934441,3437993
2024-06-28,54.09100341796875,54.84517161553493,53.77298277210655,54.81791369336534,4476230
2024-07-01,56.03547668457031,57.20761578577605,55.390347151161826,57.15309994508312,4655869
2024-07-02,55.63568115234375,55.853754922701945,54.908774361424754,55.617508049300156,2578874
2024-07-03,56.998634338378906,57.40752050330718,55.926445490862584,56.1081730604046,3555561
2024-07-04,58.07990646362305,58.60691605469579,57.54381552025353,57.69828169725865,2798016
2024-07-05,57.84366226196289,58.24346012592906,57.39842990781641,58.225290489254874,2358461
2024-07-08,56.825992584228516,58.31615235061834,56.825992584228516,57.24396354969591,3007412
2024-07-09,55.490299224853516,56.63518044169932,55.00872413071636,56.44436459478172,3863035
2024-07-10,55.990047454833984,56.280810168389785,55.244967568076625,55.75380404988176,1924593
2024-07-11,56.3535041809082,56.75330205686476,55.99004904555493,56.33533107752403,1692308
2024-07-12,56.735130310058594,56.99863511618206,56.39893655482547,56.54431791920994,1800462
2024-07-15,57.007720947265625,57.116756099319254,56.01730936185226,56.38076102408603,1580214
2024-07-16,56.85325241088867,57.00772205662183,56.29898488906891,56.66244002454041,1353639
2024-07-17,57.27122116088867,57.58015697416355,56.535229566149184,56.67152263702153,1890688
2024-07-18,57.83457946777344,57.90726841550907,57.28031194335831,57.59833258876122,2131235
2024-07-19,57.28939437866211,57.46203712141147,56.935027541051205,57.28939437866211,2758555
2024-07-22,58.63417053222656,58.68868637212507,57.40751560820296,57.60741626427028,2579090
2024-07-23,58.77956008911133,59.097580734717766,58.31615461561043,58.63417526121687,2555763
2024-07-24,58.22529220581055,58.92493762183654,57.153103369846605,58.87951006264686,2674629
2024-07-25,58.66143035888672,58.74321105372224,56.98045822819221,57.74371120706302,2229646
2024-07-26,58.5705680847168,59.08848937556602,58.443359833092764,58.661430131258285,1721058
2024-07-29,58.07081985473633,59.1702700276227,57.53472546173054,59.106665901856324,1857337
2024-07-30,58.37066650390625,58.82498366179042,57.90726452797692,57.98904175504266,1455532
2024-07-31,57.66193389892578,58.49787582092681,57.29848224568551,58.40701377415797,2630196
2024-08-01,55.84466552734375,57.25304805664243,55.59024902212371,57.23487842012521,3792758
2024-08-02,54.20912170410156,55.5720731416497,53.74571974044768,55.56298832384521,4648756
2024-08-05,53.2459716796875,53.391353037467255,50.73814239144542,51.57408433213779,4847967
2024-08-06,52.54632568359375,54.20003990943213,52.20104366296317,54.172778522168564,3470163
2024-08-07,54.02739715576172,54.57257984078502,53.06424697136763,53.48221793690336,3846128
2024-08-08,53.991050720214844,54.154605178408666,53.10967776902027,53.763892135630634,1704485
2024-08-09,53.836585998535156,54.75430517989547,53.59125430462734,54.309076283154084,1725418
2024-08-12,53.836585998535156,54.32724938635078,53.70937774232333,54.20912594865479,1361369
2024-08-13,53.854759216308594,54.254557088991334,53.56399649687296,54.254557088991334,1408935
2024-08-14,54.29090118408203,54.32724738913923,53.963792270896995,54.29090118408203,1798601
2024-08-15,54.94511795043945,55.33583098185443,54.163691887609495,54.45445459012788,1901263
2024-08-16,55.535728454589844,55.690198090802326,55.0178071714721,55.090499580552056,1845643
2024-08-19,55.75380325317383,56.20812041988331,55.59024879586522,55.681110842741155,1402256
2024-08-20,55.34491729736328,56.017308231483355,55.090500792317,55.89918479721261,1388031
2024-08-21,55.590248107910156,55.799233586070436,55.126842662548995,55.25405437923187,1415680
2024-08-22,55.499385833740234,55.917356788340555,55.32674309489217,55.57207477680927,1219696
2024-08-23,55.80832290649414,55.98096565998064,55.453956046844176,55.83558429535078,1539381
2024-08-26,55.8355827331543,56.10817235093799,55.5629931153706,55.88101375842407,824515
2024-08-27,56.32624435424805,56.51705673408194,55.78106166965344,55.78106166965344,1394488
2024-08-28,56.226295471191406,56.58974713745661,55.9082713637737,56.48979680273005,1194154
2024-08-29,56.435279846191406,56.862339098449915,56.15360195080484,56.15360195080484,1482081
2024-08-30,56.86233901977539,57.0258900131357,56.54431491906962,56.87142383812015,2283144
2024-09-02,56.726043701171875,57.0531526272559,56.18086446847519,56.807820932692884,868046
2024-09-03,56.0445671081543,57.14401384218491,55.562992010771374,56.84416630843337,2131707
2024-09-04,56.26263427734375,56.435277012950344,55.00872143708572,55.16318760456027,1702441
2024-09-05,57.7982292175293,58.007214693626565,55.91735646648902,55.95370267089676,2748287
2024-09-06,56.49888229370117,57.789141364314816,56.23537750902717,57.50746694346627,2823213
2024-09-09,56.85325241088867,57.25305028697528,56.4080235094094,56.51705866358482,1689491
2024-09-10,56.49888229370117,57.4438628183608,56.28989681604536,56.79872981688912,1531845
2024-09-11,56.88959884643555,57.29848500894395,56.117257546994104,56.89868366508459,1731219
2024-09-12,57.671024322509766,58.06173737720544,57.06223749484894,57.50746985932716,2425097
2024-09-13,57.58015441894531,58.13442189459176,57.55289649921344,57.58924270296578,1562486
2024-09-16,57.507469177246094,57.62558914779307,56.99863269047259,57.24396438233669,1078696
2024-09-17,58.56148147583008,58.64326217268804,57.87092089032888,57.87092089032888,2197849
2024-09-18,58.28889846801758,58.643265331386026,58.14351710186219,58.24346397483481,1495272
2024-09-19,59.2156982421875,59.24295616320006,58.77046935687936,59.06123206822976,2272187
2024-09-20,58.861331939697266,59.60641182757964,58.62508506822337,59.33382568264507,4555256
2024-09-23,56.70787048339844,58.92493708236304,55.890098169839966,58.879509523589256,3820413
2024-09-24,57.080406188964844,57.71645088930351,56.96228275997622,57.144010312382235,1969233
2024-09-25,56.617008209228516,56.935028848705265,55.953705542487704,56.53523097819663,1645527
2024-09-26,57.4620361328125,57.95269603312805,57.098581017012584,57.15310032423203,2172542
2024-09-27,57.51655578613281,57.86183782241195,57.07132687924073,57.225793060686726,2468619
2024-09-30,55.92644119262695,56.780559663981506,55.66293641035098,56.75329827763807,3401241
2024-10-01,55.55390167236328,56.36258566115252,54.990549365481705,56.0354767519423,3016067
2024-10-02,55.390350341796875,55.94461786186791,55.09050280221921,55.43578136704621,1856508
2024-10-03,54.59983825683594,55.19953678948248,54.21821002724361,55.13593266224459,2721746
2024-10-04,55.29948806762695,55.771978353872065,54.56349298337042,54.62709711169524,3156894
2024-10-07,56.162689208984375,56.162689208984375,55.22679349169456,55.89009613693663,2118029
2024-10-08,56.244468688964844,56.47162728065507,55.526646707344135,55.57207773244917,1697615
2024-10-09,56.42618942260742,56.4625356269888,55.8446640171647,56.2898963554245,1933761
2024-10-10,56.26263427734375,56.744212814064234,56.22629153957401,56.435277012950344,1495515
2024-10-11,56.480709075927734,56.79872970080512,56.108169144143574,56.20811947372356,1447840
2024-10-14,57.17127227783203,57.17127227783203,56.444365482932916,56.635181332853,1498110
2024-10-15,57.889095306396484,57.97996082376352,56.9168568006422,57.28939675643436,2926156
2024-10-16,58.5887451171875,58.5887451171875,57.443863911178994,57.67102249549569,2547930
2024-10-17,59.61549758911133,59.92442992676211,58.58874331521771,58.63417087128596,3538311
2024-10-18,60.21519470214844,60.62408431482187,59.31564864599468,59.35199485149875,3181758
2024-10-21,59.788143157958984,60.251541686382986,59.13392531508985,59.94260933410032,1753455
2024-10-22,59.69727325439453,59.83356979160783,58.91584716885684,59.570065001616754,1314922
2024-10-23,59.27022171020508,59.78814301249472,59.1702713771027,59.53371957129688,1702979
2024-10-24,59.361083984375,59.906263210068346,59.30656120917469,59.35199569978662,1747989
2024-10-25,59.361083984375,59.88809357322155,59.133925395975275,59.20661780802238,1462627
2024-10-28,59.988037109375,60.078906090803365,59.324737911859856,59.7245392466887,1879445
2024-10-29,59.91535186767578,60.869413785496405,59.74270912107157,60.51504693997303,2294320
2024-10-30,59.51554870605469,59.84265761994153,58.87041916264726,59.52463699042094,2065998
2024-10-31,57.016807556152344,57.11675789290891,55.063242245451605,56.14451938000159,7008244
2024-11-01,57.280311584472656,57.625590149842466,56.653351650085,56.8532523208944,3008056
2024-11-04,57.1258430480957,57.64376437237104,56.94411547711933,57.234881670380595,1950835
2024-11-05,57.007720947265625,57.20761814833645,56.353503102613864,57.05315197177423,2153744
2024-11-06,55.490299224853516,58.13442503268222,54.94512000379881,57.75280027117692,5045283
2024-11-07,53.65485763549805,55.726546308993306,53.65485763549805,55.39034910409745,5322315
2024-11-08,54.29998779296875,54.31816089609666,53.454961027593306,53.84567061326592,4731196
2024-11-11,55.37217330932617,55.37217330932617,54.46353900415477,54.52714312822358,3062744
2024-11-12,53.954708099365234,54.86334243969597,53.673030206043336,54.67252659394117,3871602
2024-11-13,53.71846008300781,54.372677903252026,53.146022956458985,53.745721469627895,2782805
2024-11-14,54.0364875793457,54.44537027659319,53.727551752119,53.95471034666319,2110841
2024-11-15,54.618011474609375,54.881516268671746,53.76389296505065,53.81841227401131,2304077
2024-11-18,54.89968490600586,55.05415454549967,54.545318069625544,54.75430355092253,1536817
2024-11-19,53.8911018371582,55.254053293641235,53.082414394733185,54.7724747553585,3298668
2024-11-20,53.146026611328125,54.16369615023191,52.909779730586564,54.09100373579909,3040698
2024-11-21,52.900691986083984,53.26414363965135,52.58266788977702,53.00064231731861,3475100
2024-11-22,51.71946716308594,53.3913545582574,51.001648638319956,53.24597319633662,5607002
2024-11-25,51.77398681640625,52.13744195669711,51.210634468504,52.073837827070975,4787044
2024-11-26,51.15611267089844,51.66494914933795,50.90169616476115,51.33784023221004,2952549
2024-11-27,50.54732894897461,50.65636409848104,49.638694615369566,50.61093307503377,4618436
2024-11-28,51.0107307434082,51.23788932596073,50.474636349937654,50.774487342666134,2383392
2024-11-29,51.465049743652344,51.72855454068889,50.474638149760686,50.52006917465819,3399190
2024-12-02,50.82900619506836,51.59225921630391,50.26565384749322,50.52007036585004,4192383
2024-12-03,50.68362045288086,51.7103781886476,50.447377058557485,51.09250658359902,3632470
2024-12-04,51.33784103393555,51.62860375010889,50.7017962924945,50.72905768012418,2626120
2024-12-05,52.67353439331055,52.782569544814656,51.14702840759314,51.21063253481762,3646351
2024-12-06,53.218711853027344,53.700286933526264,52.6008402380422,52.66444436315848,3758878
2024-12-09,54.57258224487305,54.76339463326284,53.78206783668945,53.78206783668945,3643529
2024-12-10,54.2454719543457,54.6270967215692,54.0364864676045,54.39993813169855,3017820
2024-12-11,54.14552307128906,54.49988992639774,53.954710682563636,54.14552307128906,1806949
2024-12-12,53.53673553466797,54.45445819144361,53.33683832981951,54.31816164917711,3064965
2024-12-13,53.55490493774414,53.927444865878705,53.40043876893546,53.61850906209652,2159456
2024-12-16,53.44586944580078,53.87292867754839,53.109675724087126,53.28231499390445,1775368
2024-12-17,52.92795181274414,53.464046227262315,52.92795181274414,53.218714532533824,3075365
2024-12-18,53.273231506347656,53.80023761304607,52.9188646737778,52.99155361745539,2891991
2024-12-19,52.52815246582031,52.782568971957,51.992058066343056,52.31916698347019,2800740
2024-12-20,52.228302001953125,52.33733715338496,51.428702803734765,52.11926685052129,4839471
2024-12-23,52.19195556640625,52.27373279616149,51.80124252048288,52.26464797781755,1395481
2024-12-24,52.28282165527344,52.61901539633319,52.28282165527344,52.5372381656792,479686
2024-12-27,53.19145584106445,53.30957581128139,52.6099304098996,52.6099304098996,2338135
2024-12-30,53.36409378051758,53.90927645817113,53.082415890421665,53.1278503798498,1667203
2024-12-31,53.809329986572266,53.97288445498219,53.146027294094296,53.19145832061591,796685
