Price,Close,High,Low,Open,Volume
Ticker,MC.PA,MC.PA,MC.PA,MC.PA,MC.PA
Date,,,,,
2019-01-02,227.78135681152344,230.25429501925026,224.63396344699422,228.4557982467797,561858
2019-01-03,219.10354614257812,223.77968463256838,219.10354614257812,223.01531214667276,785119
2019-01-04,225.84793090820312,226.56733778994973,219.50819292427013,221.62143434506615,886586
2019-01-07,225.4432830810547,227.96120046561524,224.18433124954734,227.19682803263487,550835
2019-01-08,232.50241088867188,236.05447975169514,224.90372124442345,226.16267298114792,742574
2019-01-09,235.20018005371094,239.38173857210538,235.02034548455757,235.38004206595437,646844
2019-01-10,233.0419921875,234.79555089951768,231.69310931459174,233.35673701313038,666326
2019-01-11,232.27761840820312,235.78473581216664,230.8388319731426,234.7056185427791,525969
2019-01-14,226.342529296875,228.9054120851251,224.0044740283835,228.9054120851251,678686
2019-01-15,225.53318786621094,229.04027736154626,224.54400174109367,228.36583601847838,600204
2019-01-16,223.86956787109375,227.241774699002,223.59978858055214,226.61229883543473,615045
2019-01-17,221.7113800048828,223.64477326341608,220.76715926777865,223.01529734586194,784017
2019-01-18,227.8712615966797,228.86044780271624,222.20596482870138,222.74550971436602,1129978
2019-01-21,231.33340454101562,231.8729631597587,227.78134917866973,228.41082508617288,483650
2019-01-22,231.19851684570312,232.41251685136547,229.4899237369359,230.2093306394934,560124
2019-01-23,231.42333984375,233.31178132283185,228.7255741430879,229.40001556825342,544760
2019-01-24,231.8729705810547,233.35673624776888,229.17520484408627,231.15354991867446,538318
2019-01-25,234.79556274414062,236.09946645454065,232.86216935072423,233.71644541413934,774671
2019-01-28,232.5923614501953,233.44666490217352,230.83883020473908,233.35673388989812,546032
2019-01-29,233.58151245117188,235.604836428131,229.98449204768895,230.88374714855968,681987
2019-01-30,249.63333129882812,251.29695945585186,242.843935834888,243.6982395337407,1701345
2019-01-31,251.56666564941406,251.79147947036975,247.3401548382098,251.79147947036975,1018807
2019-02-01,255.97296142578125,256.87221653526444,252.82556854258996,254.03956842900993,1008099
2019-02-04,254.12954711914062,255.9280576756199,252.06124351333352,255.9280576756199,611878
2019-02-05,261.81817626953125,262.80736259254456,253.23029909361642,254.21948541662974,936779
2019-02-06,259.0754699707031,261.50344293248094,257.5017731194583,258.98553894772726,663981
2019-02-07,254.84893798828125,261.41351792407835,254.17449653589003,258.1312142346333,771808
2019-02-08,254.98377990722656,257.5466625040111,253.1403178768332,253.76980744203942,675564
2019-02-11,259.25531005859375,260.60419310248466,256.422661155042,257.54673035828444,577207
2019-02-12,265.1004333496094,266.1345988284245,256.4676050139279,256.4676050139279,956591
2019-02-13,264.9655456542969,268.7873803475173,264.8306628596251,266.2244974763865,615149
2019-02-14,261.54840087890625,269.5068155103959,261.36853884759284,268.7873948282354,757985
2019-02-15,264.56085205078125,267.4384518032682,259.7498319471283,260.3792940290379,652357
2019-02-18,265.3702392578125,266.62919116423575,264.06630812142464,265.1454254372693,315942
2019-02-19,267.3036193847656,267.3485711694102,263.1220880184163,265.77487450356216,549831
2019-02-20,266.7191162109375,268.96725436604805,264.11128143962776,267.1687438419596,445663
2019-02-21,267.03387451171875,268.60757129968084,265.7299433387411,266.3594330311636,399174
2019-02-22,269.55181884765625,269.8665637411022,267.12381817604273,267.9331700286461,454451
2019-02-25,272.38433837890625,273.64328991047586,271.0354558572777,271.57501435454617,546542
2019-02-26,273.59844970703125,274.2728912428744,269.91149715580286,270.81075253692705,519944
2019-02-27,271.9347229003906,273.5983502392713,270.58584031909595,273.10377093669786,456142
2019-02-28,271.5751037597656,273.32866259240575,269.77659313884004,269.8215449271255,607811
2019-03-01,275.7116394042969,279.0838462770424,273.82319806694136,274.27282564997415,698031
2019-03-04,276.97064208984375,279.35366322959516,276.5659662134486,278.49938713056457,502921
2019-03-05,277.869873046875,278.7241765140619,274.85736246211724,276.07136254171724,487960
2019-03-06,275.98138427734375,278.45433579854415,274.9921981802461,277.2403359267919,579273
2019-03-07,275.2170715332031,277.28537517361906,273.9581196112203,275.62174739241965,552136
2019-03-08,274.9921569824219,276.16120490133795,271.30523358491166,271.7548610668601,617703
2019-03-11,275.5317687988281,278.31946521528886,273.3286101765475,277.46516185694014,522688
2019-03-12,277.5101318359375,278.22952494515033,275.03718028877245,275.8015526192411,502289
2019-03-13,279.2187194824219,281.28699531616724,275.8465127253878,275.9813955070514,580282
2019-03-14,283.804931640625,284.29951099730437,277.2853317844715,279.2187248738853,672763
2019-03-15,286.50274658203125,289.06562969813353,283.9848152540858,284.92904979322566,1505617
2019-03-18,285.19879150390625,286.7275363764206,284.25458448700095,284.9290259113881,427060
2019-03-19,288.0314636230469,288.9756981604934,285.6934217812039,285.9631873958491,561345
2019-03-20,286.14300537109375,289.29039845839264,285.9181915791438,287.7616536958972,476596
2019-03-21,285.78338623046875,289.15559434729977,284.1647373116298,287.9416213797205,481047
2019-03-22,281.87158203125,288.481086467737,280.92734750954213,287.1771827612265,682749
2019-03-25,285.693359375,285.87319393111613,256.9171958599592,279.17375982862353,765877
2019-03-26,290.279541015625,291.6734029139096,285.96312742791076,287.4468928834945,629182
2019-03-27,290.36944580078125,292.392769632931,288.7507977122958,290.00974927479405,640901
2019-03-28,291.44866943359375,294.0565045048031,290.0098553602416,290.3246002267711,507123
2019-03-29,294.8657531738281,297.1138910105348,293.6068014738902,295.8549393105968,709689
2019-04-01,299.6767578125,300.12638535610466,296.7541787790698,299.00231649709303,675106
2019-04-02,300.80084228515625,300.8907732871627,298.3278906669674,300.39616649767163,660369
2019-04-03,300.3512268066406,303.3637371150258,299.36204063093487,301.5202475505083,581652
2019-04-04,299.946533203125,301.25046409959737,299.4969056447674,300.7109055409506,605021
2019-04-05,302.1947326660156,303.49866382859085,300.03652543407554,301.2055737902346,764125
2019-04-08,298.552734375,302.91412770012056,298.05815497902506,302.5993828830949,549938
2019-04-09,294.326171875,300.12637802301657,294.326171875,296.97898529468534,722056
2019-04-10,296.5294189453125,297.3837224107922,294.19134980466123,295.2254878544419,556555
2019-04-11,310.1980895996094,311.816737968714,304.80255844513994,306.19639301614166,1038108
2019-04-12,308.3545837402344,313.75011461038054,307.41037681519447,311.1422801784277,571291
2019-04-15,308.39959716796875,310.10817664439594,306.1964108410678,308.4445489529699,433354
2019-04-16,311.412109375,311.7268542286876,307.54532243853697,309.97332280344756,461686
2019-04-17,315.5036926269531,316.13315480153426,311.09734763252203,312.1764374074143,597099
2019-04-18,316.8075866699219,318.6510762415854,311.6368694219197,313.84005557439144,982534
2019-04-23,313.92999267578125,315.81843406555384,311.771785705937,314.5594548436451,656086
2019-04-24,315.59368896484375,316.76270999040867,312.67110895783503,312.94087459662796,532252
2019-04-25,316.4123229980469,316.95810227559525,313.0012372127283,316.5487608775622,494912
2019-04-26,315.1387634277344,317.36732216010773,312.5463334448291,316.27579168694905,416328
2019-04-29,314.13824462890625,316.7761452398102,312.45543686970507,315.50267885104466,383365
2019-04-30,317.5038146972656,317.5038146972656,313.45601005281344,315.4116934436821,556298
2019-05-02,319.2776184082031,319.45955408089117,316.6851877495726,317.8677141030725,694494
2019-05-03,322.96160888671875,322.96160888671875,318.3680242125897,318.3680242125897,468076
2019-05-06,313.2740783691406,315.27525957928236,310.6361778717604,315.27525957928236,687298
2019-05-07,304.7691345214844,314.2292346711811,304.3598208816048,312.9102703927655,717360
2019-05-08,308.90789794921875,309.08980584735485,302.9043821210489,302.94985215571194,589689
2019-05-09,301.8583068847656,306.1335170371655,300.5393428295407,304.3597693788605,648732
2019-05-10,303.4046936035156,307.4525264310325,301.81285359980467,304.72365785324223,561304
2019-05-13,294.4903869628906,302.9043980189732,293.8536398872848,302.9043980189732,611125
2019-05-14,304.08685302734375,304.5416643706449,296.90083935508216,297.1737428167517,629105
2019-05-15,306.6792907714844,306.6792907714844,299.3113412770716,305.81516585366865,556644
2019-05-16,310.3633117675781,310.3633117675781,303.67757860759554,306.2245113545008,589339
2019-05-17,310.0450134277344,311.7278215748221,306.45199137745226,309.45376401375535,658521
2019-05-20,300.220947265625,309.9993908422686,298.9474810959117,308.9988281257314,628134
2019-05-21,304.8600769042969,305.63326183882185,299.9026492831379,302.08573845866107,495509
2019-05-22,305.9061279296875,308.36212052438333,303.49563312940256,306.2699992470381,470565
2019-05-23,303.8139953613281,305.2238995054692,301.63090633577804,303.8139953613281,708374
2019-05-24,306.0880432128906,306.81573028018335,304.7236091421051,304.769079174005,575972
2019-05-27,308.0437316894531,310.5906919868843,306.08804837358383,307.90729383197066,222774
2019-05-28,311.63677978515625,311.63677978515625,306.2245129700724,308.9533813959328,917832
2019-05-29,307.6343994140625,309.72652046022165,306.3154354331267,307.5889016246793,881878
2019-05-30,310.7726135253906,310.8635813542016,306.9976845853491,307.95277738915433,382038
2019-05-31,307.99822998046875,308.2256356393794,303.35914898679573,307.04310955735616,816098
2019-06-03,309.72650146484375,309.72650146484375,300.5393074700847,304.99645274690465,731788
2019-06-04,311.1819152832031,311.31835312931844,304.314247594275,305.63321154551056,766874
2019-06-05,317.9132080078125,320.73304458925014,311.5458476185287,311.9551890330637,765834
2019-06-06,318.6863098144531,324.8262628721733,317.50378368098137,319.77784036902585,770857
2019-06-07,324.78082275390625,327.87356260640803,318.91377211263057,319.00473994820163,725433
2019-06-10,325.8268737792969,327.7825571016391,324.96272107990984,327.4641835934711,282579
2019-06-11,327.10040283203125,330.8298623017502,326.7365592212146,327.41877640130383,525245
2019-06-12,324.5534362792969,327.41877059242717,323.14353190258805,325.3721190884699,651478
2019-06-13,323.14349365234375,323.59830504383194,321.1423124260021,323.0980236169887,524987
2019-06-14,322.0064697265625,324.18955888467616,320.82397119576734,323.05253038987894,608201
2019-06-17,325.9178161621094,327.46418592164366,322.1428873485204,322.9615422614279,582785
2019-06-18,335.4688415527344,337.0152112506597,324.5533691235632,325.8723331458808,900429
2019-06-19,332.92193603515625,337.42457988040894,331.8303776000998,336.5604271393656,619848
2019-06-20,336.5604553222656,338.65257677858244,335.4234267569877,336.4694874851461,633607
2019-06-21,335.0140686035156,340.15345966895404,334.05897576027553,337.01524988204784,1432369
2019-06-24,337.6974792480469,337.6974792480469,333.42224079754317,336.5604506983902,485551
2019-06-25,338.1067810058594,339.425717313199,335.1505071232075,335.42338283935146,485233
2019-06-26,334.37738037109375,341.33598993716913,333.6496654024105,337.15171908557545,579443
2019-06-27,335.0595397949219,336.9242552967978,333.83154355148713,334.968571969578,440354
2019-06-28,340.4718322753906,341.2450172739146,335.2869985242933,335.5144042438894,601351
2019-07-01,340.7446594238281,347.4303916333824,338.5615705568972,345.7930541635734,635086
2019-07-02,343.38262939453125,343.83744082419287,341.1085722462231,343.06425584187076,445176
2019-07-03,345.6566467285156,346.97561082640465,343.38258984214383,344.47414825139566,383704
2019-07-04,346.8846435546875,347.5668606216918,343.8828718041784,347.5213628282014,296850
2019-07-05,346.3843688964844,347.1575538680251,343.8374360296886,346.93014815636525,430879
2019-07-08,348.38555908203125,348.38555908203125,343.7464768948379,343.8829147733903,359857
2019-07-09,348.38555908203125,348.52199696058375,344.6560997645037,345.6566904730336,404047
2019-07-10,346.5663146972656,348.749404041099,343.7919760377359,347.02112613387624,477794
2019-07-11,348.47650146484375,349.43159430442904,346.20244445679793,346.4298501576025,411816
2019-07-12,349.2951354980469,350.3866939002716,347.97617140864895,349.20416767128097,358452
2019-07-15,345.70208740234375,350.75050991702216,345.6566173722714,349.29510808145324,460910
2019-07-16,350.4776916503906,351.1599088241919,345.24735998458067,346.5663242910583,497824
2019-07-17,348.1126708984375,354.2526250495058,348.1126708984375,350.56863590317323,427789
2019-07-18,348.2491455078125,349.52261206232265,343.928436575357,344.7470916632929,415431
2019-07-19,347.7488098144531,353.661358430641,347.47593405903916,350.0683647734189,449561
2019-07-22,350.0227966308594,350.1592622406278,344.6560283635393,345.65661886478097,314332
2019-07-23,348.6584167480469,353.4794343628166,346.4298574886925,350.79603593274294,563900
2019-07-24,345.9295349121094,349.74996172262627,344.15578713253575,349.74996172262627,506993
2019-07-25,342.1546325683594,357.16340972902464,337.9703618686402,350.97798539690876,1096637
2019-07-26,350.75054931640625,351.29632853598645,337.5610190140583,341.1085423021033,786230
2019-07-29,344.5196533203125,348.3855504202764,340.6537562203486,348.3855504202764,776261
2019-07-30,340.6536865234375,345.65661115862815,338.0157863585967,345.6111411293732,694330
2019-07-31,341.3814697265625,342.92783978962143,337.78847585926087,339.06194239146254,664095
2019-08-01,344.8380126953125,345.0199206015541,339.1528701349159,339.28930800446835,446812
2019-08-02,326.0087585449219,336.1055757080755,322.82507920803886,334.2863303727138,1580496
2019-08-05,312.22802734375,321.0513796426915,310.636187437409,317.4583584645848,1347763
2019-08-06,318.7772521972656,322.5066826604865,311.272865725526,312.0005527038425,953668
2019-08-07,325.32659912109375,327.3277804479569,319.9143599462126,321.8245456788261,911065
2019-08-08,334.9685974121094,334.9685974121094,327.7825828158579,331.2846361614728,689582
2019-08-09,331.42108154296875,334.6957292619246,330.73886442483155,333.5132029347954,527143
2019-08-12,324.3259582519531,336.1510531941062,321.27874445521417,333.33124506933177,600991
2019-08-13,327.05487060546875,331.01173538538774,317.2309553500359,321.2332901667128,811014
2019-08-14,316.68511962890625,328.3737762179222,314.91137211942834,327.46415356911916,781767
2019-08-15,314.45660400390625,318.5499064859731,310.1813658632872,318.5499064859731,869784
2019-08-16,316.95806884765625,318.45894088300975,314.0472648473771,315.04785545744085,633096
2019-08-19,324.59893798828125,324.8263437136815,317.9132041096149,319.7324499128173,527565
2019-08-20,323.5528564453125,326.09978930259825,321.96101646963734,325.5540100447553,471064
2019-08-21,335.7417907714844,337.0152571765296,323.7802561563873,324.09860193803434,668975
2019-08-22,328.4648132324219,334.8776431536834,328.2828775605407,334.8776431536834,537622
2019-08-23,323.3709411621094,332.01235871777754,323.3709411621094,332.01235871777754,509513
2019-08-26,321.6426086425781,325.1446617677189,319.5049896368831,320.8239537228073,371216
2019-08-27,327.3277893066406,327.78260073328335,320.14177431758344,322.32486361357104,520465
2019-08-28,323.68927001953125,326.0542947863103,320.73299600092844,325.41754774004835,422593
2019-08-29,328.69219970703125,329.96566605721597,321.5971253111716,323.6437765823742,425724
2019-08-30,329.6473083496094,332.4216746394057,325.28112986530425,328.3738419383109,461988
2019-09-02,330.1021423339844,331.4211066326941,328.14645866583606,329.5108930054029,215030
2019-09-03,323.5073547363281,331.0117431023561,321.6881090718365,330.19308810523205,420648
2019-09-04,335.1960144042969,336.4240107823699,331.193679485695,332.7400216481508,567440
2019-09-05,342.3819580078125,343.10967277946173,335.92363167676154,336.56037863201954,765243
2019-09-06,345.5657043457031,345.83860784785213,341.88174302231835,342.9278037151758,534386
2019-09-09,344.70159912109375,345.9295677931012,342.51848201644236,344.56513348243766,328529
2019-09-10,339.4257507324219,345.38379687668964,336.46947655870076,344.79251983435694,612252
2019-09-11,343.9738464355469,344.97443703884176,340.28988530464756,341.15401028425543,486035
2019-09-12,345.38372802734375,349.4770299134538,342.7912979475781,346.8391020459322,564799
2019-09-13,347.47589111328125,348.7493574136322,344.24674144887524,346.5662683616758,475920
2019-09-16,333.92254638671875,343.10974252001523,330.7388664822734,342.92780685025264,761368
2019-09-17,334.0135498046875,334.83220488686055,329.9657166768752,334.24095553637386,394717
2019-09-18,331.7394104003906,335.6962469450404,330.3749763478957,334.7411542120867,427320
2019-09-19,334.1044616699219,337.1517037690339,331.19368520588625,332.7855251932372,421446
2019-09-20,336.60595703125,336.60595703125,330.69340793551214,334.19546179796237,1531622
2019-09-23,333.331298828125,334.60476524461114,329.51087181918075,334.05898599197826,385896
2019-09-24,336.60595703125,337.69751566041265,333.0584331257051,333.7861481316432,390213
2019-09-25,328.5557861328125,336.0146768836487,326.41816687294676,334.9686161529231,558283
2019-09-26,328.2828674316406,331.9213586811118,324.0985969428517,326.00881040072113,449539
2019-09-27,327.60064697265625,331.28463598076826,325.6904335343187,330.10210968109027,510804
2019-09-30,331.6939697265625,331.6939697265625,326.0543246608053,328.14644613109664,516908
2019-10-01,324.82635498046875,334.33189797621355,324.82635498046875,333.64968077634956,508526
2019-10-02,312.9102478027344,325.3265936534749,312.9102478027344,325.14468574649004,674729
2019-10-03,315.4572448730469,320.50566917196943,313.1831873760973,318.3680495729387,741927
2019-10-04,318.0041198730469,319.277586174839,313.8198496590298,318.54989907652447,535623
2019-10-07,321.8245544433594,322.0519601567194,315.821065818243,318.0951229518436,460389
2019-10-08,319.3231201171875,323.1435475466579,317.45840420487997,322.05198892124093,497236
2019-10-09,324.7353515625,324.7353515625,318.004148146435,319.41405243457865,534251
2019-10-10,342.7913513183594,342.973259219265,332.7400029107266,340.972105752397,1196107
2019-10-11,344.0193786621094,346.2934358247106,341.2905100669879,343.83744298530655,839206
2019-10-14,344.9744567871094,345.61120386915275,340.88115406979364,341.881744730368,321855
2019-10-15,346.1114501953125,349.65897330507613,345.06538960338617,347.93069566283054,557059
2019-10-16,343.9283752441406,345.7930908207731,341.60882052255437,345.24731160631256,444595
2019-10-17,340.8811340332031,347.79427265688736,340.8811340332031,344.9289664750828,531108
2019-10-18,341.1540222167969,343.74645276526417,339.3347766051686,340.1079615420076,515274
2019-10-21,340.7446594238281,342.60937480278386,339.1073219540192,341.69975212827256,337676
2019-10-22,342.60943603515625,342.60943603515625,336.6968875941212,340.51731461366137,305573
2019-10-23,341.10858154296875,341.9727343866726,336.83334288383526,340.56280226060255,415169
2019-10-24,342.9732971191406,345.06544640687855,340.06252054763934,343.473606360757,351479
2019-10-25,349.24969482421875,349.24969482421875,342.01818226039745,342.15462013227443,411884
2019-10-28,347.5668640136719,354.389034750294,347.5668640136719,350.20476447993565,537028
2019-10-29,345.884033203125,349.20415052089703,345.38375181970747,348.02165210946544,433890
2019-10-30,349.7044982910156,350.65959113193895,342.70039159262774,345.24732434141333,408123
2019-10-31,347.93072509765625,353.34299192519165,346.9301344539751,351.0234371021828,521851
2019-11-01,354.0706787109375,354.48002007913726,349.47709462528974,349.7499703644328,309162
2019-11-04,361.5750732421875,362.5756639024278,354.75290204893867,355.6625248747052,556084
2019-11-05,364.0765075683594,364.66775680701716,358.8007066948973,362.9394791249853,483733
2019-11-06,363.4398498535156,365.3045936146096,361.12032236279003,364.34947283175944,403886
2019-11-07,367.4875793457031,367.89692067401484,364.5767755342214,365.66833390339764,474972
2019-11-08,366.5779724121094,367.98787658682403,363.84910413112596,365.89575534186355,464275
2019-11-11,366.80535888671875,367.0327645648878,363.1213980041726,364.2129286036948,359868
2019-11-12,366.9418029785156,368.67008061007914,365.71380674363434,367.3966143425841,339248
2019-11-13,365.53192138671875,369.1249147286579,365.0771099946137,366.57798203666346,462268
2019-11-14,367.2601623535156,368.03334719457723,365.03157565154066,366.623415364528,282090
2019-11-15,368.85205078125,370.9896699443331,367.3056808948958,368.9430186144741,542868
2019-11-18,365.8957824707031,370.30745873728745,364.25847248451043,369.8981173609964,415619
2019-11-19,362.2117919921875,368.2607777584923,360.07417296694143,366.8053757992087,503871
2019-11-20,362.2117919921875,363.6671661919875,358.80070666237464,361.120233582854,381166
2019-11-21,358.84619140625,361.39312411978824,357.0724158582428,361.12024838601076,501484
2019-11-22,360.4380187988281,362.8030435277014,357.9820262420206,358.98261683033047,407070
2019-11-25,367.71502685546875,369.2158989642062,364.1220055943978,364.3949090974773,548923
2019-11-26,370.5348815917969,373.8549995149102,368.26082441713197,369.21591732669646,574721
2019-11-27,371.71734619140625,373.9004353273447,370.0345384843029,373.8094952562725,329656
2019-11-28,369.98907470703125,371.489946778408,368.89751624085636,371.12610320951137,232094
2019-11-29,370.4893493652344,373.1727476857815,367.7150109737408,369.079445151751,474506
2019-12-02,360.7109375,373.6730633797228,360.4835317828119,371.1261304510107,722510
2019-12-03,355.3896484375,356.57214700489544,351.6601893072353,355.617054143498,776715
2019-12-04,360.2106018066406,363.4397514008616,355.66248814746587,355.75345597254596,541644
2019-12-05,360.3926086425781,364.6223496291846,360.3926086425781,362.21185446559065,444062
2019-12-06,367.1156311035156,367.1156311035156,360.5755177815362,361.5816675891576,475552
2019-12-09,365.19476318359375,368.1675445996155,364.371536989747,367.66446967962275,345701
2019-12-10,362.95367431640625,365.19470496161387,358.4716409404756,364.60015435609483,494628
2019-12-11,365.5148620605469,365.6977856804633,360.94135284536105,363.54825868091393,398818
2019-12-12,364.23431396484375,368.03032133176066,362.63358561251243,365.9264901771472,493893
2019-12-13,369.35662841796875,372.42088546843837,367.66445217791454,372.0550102790885,573232
2019-12-16,374.7533874511719,376.49131551470407,371.5519307340647,372.10072955397897,511002
2019-12-17,368.3048095703125,373.47287105711604,366.9327563659667,372.6496447174074,734684
2019-12-18,366.65826416015625,368.6248676727837,366.0179616609349,367.2528148154408,593446
2019-12-19,367.9388732910156,367.9388732910156,365.14904340389,367.20712286915983,429682
2019-12-20,375.485107421875,375.485107421875,366.33808897067223,369.3108699673131,1290604
2019-12-23,378.5036315917969,379.28113378258195,373.1983717861221,375.02777556938736,363715
2019-12-24,378.778076171875,380.0586532956294,377.314547495661,377.7718984623224,65511
2019-12-25,378.778076171875,378.778076171875,378.778076171875,378.778076171875,0
2019-12-27,381.9795227050781,383.67172681928787,379.7842437068136,381.43069597689026,364536
2019-12-30,379.2354431152344,383.7174771944409,378.7323402820191,383.4888017014764,226651
2019-12-31,378.8695068359375,380.9733098662841,376.71995196567985,378.8695068359375,102945
2020-01-02,383.3973388671875,385.5468941565335,380.8819083596419,382.34543714693,347226
2020-01-03,383.3515930175781,383.3515930175781,378.7780832653152,381.4307133387301,291716
2020-01-06,379.738525390625,380.6989792283761,373.74723852468145,379.6013256750861,363953
2020-01-07,380.5159606933594,385.592544676239,379.96713401330857,381.97948920199997,363885
2020-01-08,383.0771789550781,383.0771789550781,378.2749935488351,379.32692315988925,360741
2020-01-09,388.2909851074219,388.2909851074219,385.40967949340944,386.0042301892392,378062
2020-01-10,387.513427734375,389.9373820199798,386.59872589720453,388.9312323306801,268887
2020-01-13,390.34906005859375,391.49243750457674,387.5592302561906,388.33670458786827,375035
2020-01-14,394.236572265625,394.51097170697426,387.46778287226874,391.12659096754135,513855
2020-01-15,394.648193359375,396.70627288176587,392.3614383344962,395.7000950879212,429805
2020-01-16,395.0597839355469,397.84964175400495,392.95598052414323,395.7000864944033,442227
2020-01-17,401.59991455078125,401.59991455078125,395.74582714976844,397.8953825001964,519809
2020-01-20,393.0931396484375,400.8681057613211,391.99548620788283,400.8681057613211,345795
2020-01-21,388.70257568359375,389.75447726435215,377.4060018649163,383.9003908060353,674294
2020-01-22,387.33062744140625,390.80648436357035,387.0562000541868,390.0289819715223,427634
2020-01-23,376.8114318847656,385.4096235460933,376.5370045857272,382.20816712537135,663493
2020-01-24,380.7904052734375,386.3700926730041,379.6013039209261,381.5221835718573,537172
2020-01-27,366.7955017089844,370.9573846398864,364.2800712109801,368.53342992470755,1193045
2020-01-28,376.8572082519531,376.8572082519531,366.7040108933353,368.16753961507555,911017
2020-01-29,372.83251953125,384.76936878504745,369.9054621322979,376.857202518943,1050070
2020-01-30,364.8745422363281,370.3627530333082,363.5939652999295,365.9264437228526,919787
2020-01-31,361.5816345214844,366.9326459917343,360.4840090368725,366.6124947574571,852171
2020-02-03,362.907958984375,365.14898968264976,357.6941472736258,360.9870795164945,561461
2020-02-04,375.57659912109375,375.57659912109375,365.3776786982655,365.8807535686279,721603
2020-02-05,379.601318359375,382.98572682138666,371.6891518849027,373.7014794745,851040
2020-02-06,382.3911437988281,384.2662995683979,376.9029320304087,382.66557113594223,576989
2020-02-07,378.6408386230469,381.5678677684572,374.11305333981505,378.82376224273725,557450
2020-02-10,378.27496337890625,379.098217428765,374.753383360122,375.9424846762716,538239
2020-02-11,377.1773376464844,382.07099844107137,376.0339602605756,380.5617179600822,485463
2020-02-12,388.47393798828125,388.47393798828125,377.5889622091093,378.7780915193031,646869
2020-02-13,385.59259033203125,387.3305463437208,380.56172967911215,385.59259033203125,564012
2020-02-14,379.5555419921875,385.5468279149894,379.5555419921875,385.08947699219584,439401
2020-02-17,379.0524597167969,382.89421884171,378.7323084706397,380.2873128579823,310146
2020-02-18,373.9758605957031,375.94246400944917,372.9696829680119,374.9362863817579,552569
2020-02-19,383.3057861328125,383.3057861328125,372.8324670526782,377.177300693457,541054
2020-02-20,374.8448486328125,383.71746872990724,374.8448486328125,383.30584168585574,506684
2020-02-21,369.9969482421875,376.81148910984786,368.807846842557,373.1526812162292,719448
2020-02-24,352.7547912597656,358.51743012724137,343.2418968370526,351.4284902192143,1626587
2020-02-25,347.6324462890625,355.8647633975843,347.6324462890625,354.492710546164,1078187
2020-02-26,352.388916015625,353.9439204513137,336.65603176619925,344.84262514702306,1162703
2020-02-27,338.302490234375,345.2999539162712,331.71662564289295,343.01319925457403,1797670
2020-02-28,339.2171936035156,341.50394827535473,323.0269593611002,325.40518980271,2347024
2020-03-02,344.0193786621094,352.16021971682187,330.2988506211942,352.16021971682187,1693434
2020-03-03,345.16278076171875,355.6361011689755,343.9279275665477,352.1602449817044,1361667
2020-03-04,352.3431701660156,353.98962236003547,342.8760002641873,345.9859810276057,918251
2020-03-05,342.6015625,354.90431339561616,341.9155361210136,354.90431339561616,911965
2020-03-06,329.61279296875,338.66833503430615,325.5881107078899,333.86615067527816,1519151
2020-03-09,309.1692199707031,314.7946306683382,302.8120310569909,311.68465001484344,2442726
2020-03-10,306.2422180175781,327.417591620362,304.41281402006695,313.10248300824514,1610721
2020-03-11,301.98883056640625,311.27304938731146,301.6686793144122,308.4374957926165,1572252
2020-03-12,275.7826843261719,290.23496640201154,269.83712065081494,280.90502169091644,3098476
2020-03-13,288.0396423339844,309.4894145148668,283.1917330997815,289.548894988822,2334042
2020-03-16,272.2153015136719,279.67011670307204,254.92744052032066,267.09296509336724,2802823
2020-03-17,284.7009582519531,289.04579215298696,271.8494080894264,280.81347528787023,1972486
2020-03-18,263.388427734375,278.7554087490009,260.82724562227924,270.8432427628126,1603134
2020-03-19,269.79132080078125,273.495852113447,258.0831204164644,266.4526367293468,1327016
2020-03-20,284.4722900390625,295.5401885784635,281.0878818535105,288.63417250567215,1996468
2020-03-23,284.8382263183594,291.6070162270129,274.4106280358939,274.4106280358939,1218819
2020-03-24,310.2211608886719,312.82806703015416,292.88757567765305,296.4091558550277,1460277
2020-03-25,332.494140625,332.494140625,309.76379282881175,319.50536248018193,1331999
2020-03-26,332.67706298828125,332.67706298828125,312.05052020550465,320.60298780253476,1251959
2020-03-27,312.5079345703125,325.5424381476087,307.1569222556824,321.4262791231994,1072791
2020-03-30,320.1456298828125,320.1456298828125,304.6414232126943,318.86505294617797,711278
2020-03-31,309.5808410644531,325.58812285859267,307.15685891832464,324.71914496683144,1010235
2020-04-01,296.9579162597656,304.18405447036076,293.7107362272173,300.02217269180085,1043341
2020-04-02,297.5982666015625,300.2508965095339,289.1372740875848,298.3300169504903,697471
2020-04-03,297.3238830566406,300.89124329768555,292.750372916317,295.95183001454353,507455
2020-04-06,310.7699890136719,317.035702984336,305.87632797463544,307.79720766181185,770040
2020-04-07,315.11480712890625,324.2161022741861,313.4226030171599,320.1456676200789,814971
2020-04-08,313.9256896972656,320.1456511830274,310.72423318543537,319.642576325534,466780
2020-04-09,317.7674560546875,321.19758841260614,309.9924893767385,321.06038870118715,697149
2020-04-14,321.97509765625,324.8106793832796,318.77364071932703,321.24334723646325,634000
2020-04-15,312.82806396484375,322.02080731029616,309.12353226789736,321.9750833790205,743853
2020-04-16,313.5598449707031,318.4992582682732,310.72429100701225,314.1086717720432,698898
2020-04-17,327.4632568359375,332.3111653942511,326.6857546935139,329.292660505412,1230602
2020-04-20,329.7042541503906,333.22583352636707,322.38664021259956,333.18010960504864,688269
2020-04-21,320.1456298828125,326.3198670305525,319.27665200733713,323.2098864945876,661016
2020-04-22,323.3013916015625,324.39901711209535,318.13330363279124,322.8897645885588,461394
2020-04-23,318.91082763671875,327.46329640792385,316.02952209200475,327.46329640792385,457675
2020-04-24,311.7762145996094,318.5450045183205,311.7762145996094,314.65752061536904,487270
2020-04-27,321.0146789550781,321.0146789550781,316.62409259422134,317.6759943142374,416668
2020-04-28,326.548583984375,329.79576462010544,318.6364179945418,320.64874546087924,537054
2020-04-29,329.1097412109375,329.1097412109375,320.1913974486442,326.0912360264178,542481
2020-04-30,322.3866882324219,331.899582185609,321.4262345113371,330.7562048375219,826049
2020-05-04,309.67230224609375,316.3038907034448,304.5499941830385,315.57214038428987,935408
2020-05-05,313.2853698730469,314.38302321065845,308.07155839111795,312.8280189681227,523195
2020-05-06,307.7057189941406,314.6574591394206,307.06544440156085,313.33113019527644,451644
2020-05-07,316.07525634765625,317.8132124320345,309.6266185886368,310.31264507000014,459323
2020-05-08,322.2037353515625,324.17033879920007,319.2766781868327,320.14565613356103,388988
2020-05-11,319.1394958496094,325.6338850959371,316.395390076329,324.7191831715103,340324
2020-05-12,317.264404296875,320.64878505500405,316.98997693951924,317.17292851108976,355695
2020-05-13,306.47088623046875,314.79467980413216,304.77870990459667,314.2001291019753,619814
2020-05-14,302.766357421875,304.7787129572421,296.63784294874824,301.9431312172209,727899
2020-05-15,302.080322265625,306.92823148743844,299.74784343360864,305.28177912536665,608567
2020-05-18,320.1913757324219,321.5177045985515,306.0134968667674,307.47702542934496,768348
2020-05-19,327.0059509277344,328.789630916772,320.0999622907203,324.71919602614184,933641
2020-05-20,330.8934326171875,330.8934326171875,322.6153910803276,325.31374510211333,515787
2020-05-21,329.1554870605469,331.3050421264858,324.81065299908005,326.1369540165199,417304
2020-05-22,324.99359130859375,327.2803461810564,321.0603840937533,322.88978799172344,449902
2020-05-25,331.076416015625,331.1678638884388,322.7068699808247,327.18893232834284,344725
2020-05-26,334.2320861816406,339.8117736467596,332.4484341319185,333.8662109853762,571246
2020-05-27,341.9613037109375,343.47055623132036,332.1739824208418,336.5188163545269,755724
2020-05-28,353.80670166015625,354.2640526333025,342.4186791775071,345.29998472543093,744833
2020-05-29,343.01324462890625,353.0749664713542,343.01324462890625,353.0749664713542,1158588
2020-06-01,346.58056640625,350.8796767759224,343.4248613989057,350.6510012863545,591268
2020-06-02,352.114501953125,353.7152302525868,347.678192226005,350.87964882492867,885105
2020-06-03,359.88946533203125,360.5297398984149,350.8338944015207,354.9043289274365,929648
2020-06-04,356.7794494628906,362.08473700159954,352.9834423253441,358.56312925636314,880766
2020-06-05,369.7682800292969,370.6372580869364,358.5631806344697,358.9290558481376,1094237
2020-06-08,362.31341552734375,367.024124565032,360.8498869555268,366.7954490980133,801805
2020-06-09,361.5816345214844,365.2861938075738,357.78562738087476,363.31959038913607,831921
2020-06-10,364.417236328125,367.11561813558023,362.7707840515507,363.4110586415576,603868
2020-06-11,343.1047058105469,357.3283099167856,343.1047058105469,356.73375923429273,894020
2020-06-12,346.80926513671875,355.59041010748,339.35444926012883,341.36680486897694,824496
2020-06-15,339.76605224609375,343.0132330195501,332.7228360289636,337.6622210015475,595943
2020-06-16,344.6596984863281,347.49528023674617,338.89708711813137,345.39147682663986,889962
2020-06-17,346.80926513671875,347.7697190059605,341.7326800939065,344.3395864325764,677354
2020-06-18,345.11700439453125,350.01066498206063,342.2814509290433,347.44951091178575,530513
2020-06-19,347.6324462890625,354.584186319156,347.3580468845731,348.8672994382381,1330873
2020-06-22,346.58056640625,350.6510012863545,341.32103014618775,343.9279363101598,404732
2020-06-23,357.32830810546875,358.92903650417514,349.23319033482755,350.51379538538305,664637
2020-06-24,348.82159423828125,355.8647825050504,347.63246495451034,354.9958324011863,595470
2020-06-25,351.1083679199219,353.9439496998884,341.41252114704747,348.86733685644276,586397
2020-06-26,354.6299133300781,360.20957220355126,352.29740689730437,353.5779838860608,533072
2020-06-29,356.2763671875,358.33444633043166,351.1540312933065,354.0353365105138,548762
2020-06-30,357.1910705566406,359.8894521658203,353.6694628696641,356.3220926378919,552740
2020-07-01,358.1972351074219,360.8955887037196,351.2912196791856,357.9685596544568,476216
2020-07-02,367.5729675292969,369.4938471201262,359.7522494625962,361.5816532796742,586143
2020-07-03,362.86224365234375,368.7163300480549,360.98708806675427,368.16750334216323,297283
2020-07-06,369.53955078125,370.7286520313361,366.7497212790174,370.13410140629304,500923
2020-07-07,370.6903991699219,371.93325104867466,365.2587063206972,368.1586753075856,345700
2020-07-08,368.06658935546875,370.6903813969694,365.8110705161652,367.3300991416759,352788
2020-07-09,369.12530517578125,373.08398894684484,366.96182670286566,370.0919520212995,383571
2020-07-10,368.8951110839844,369.2173079362879,363.64752792392585,363.69354801845617,418623
2020-07-13,375.93792724609375,376.9506222585407,368.112600115373,372.85382211080895,388756
2020-07-14,372.5316162109375,372.5316162109375,365.30469045999706,371.47290104634607,443914
2020-07-15,379.34423828125,383.8553317989763,374.55699607399345,374.8792210531594,647890
2020-07-16,375.7538146972656,378.42362674062724,372.94591425594217,375.5697061984164,379050
2020-07-17,377.6871337890625,381.09346408877775,375.84588024225417,377.27284050291087,552764
2020-07-20,380.0346984863281,380.1728149704604,372.71573292512176,377.68711159024826,346202
2020-07-21,377.4109191894531,385.09812950110125,376.3982242210915,381.64577944666166,351889
2020-07-22,371.9331970214844,378.92996575282933,371.42686356068816,378.69980907150415,396240
2020-07-23,371.56494140625,374.2807733116391,369.44748314096825,374.23475321479924,482134
2020-07-24,367.4221496582031,367.88246304336866,361.8063207401235,366.31738629568605,480869
2020-07-27,369.53955078125,373.17603747472816,367.56020900055694,368.25067902372643,421074
2020-07-28,354.4873352050781,360.83968254940817,348.31915255266347,360.7015660542966,916437
2020-07-29,356.4206237792969,357.8476120314578,352.2317835031126,352.6000285666292,446203
2020-07-30,344.17633056640625,354.7174904395917,341.1382453065882,353.52068685243,713632
2020-07-31,337.6399230957031,347.3525258689235,336.9034327974196,343.7160663901058,681171
2020-08-03,342.7493591308594,345.9255329469358,335.568481062297,337.36371462708826,456262
2020-08-04,342.1509094238281,346.15564121115494,339.5271176945245,344.54454447679456,357667
2020-08-05,346.2477111816406,346.2477111816406,341.7826660199634,344.7286827295003,313441
2020-08-06,344.31439208984375,347.8127623756322,340.4017285433683,345.8794687465531,360618
2020-08-07,344.31439208984375,347.03025214257525,342.2890020747256,343.3477452753042,350718
2020-08-10,342.058837890625,346.523882988286,341.13821119400615,346.15563792869784,237955
2020-08-11,352.3238525390625,355.59206611572887,343.53185061675725,344.3143889379485,490581
2020-08-12,360.14923095703125,361.30001450674655,351.26515947698766,353.01437294879617,432148
2020-08-13,360.14923095703125,363.04919988325355,359.7349376410131,360.0571626539937,219154
2020-08-14,355.4079284667969,359.4126602553069,353.5666750555552,359.04441519211804,296881
2020-08-17,356.9730224609375,360.0571276937797,354.67145558498044,357.61747242432494,298975
2020-08-18,355.4079284667969,358.6301219364697,352.78416483201545,355.5460449488779,339896
2020-08-19,356.4667053222656,356.788902223426,352.78419815197486,355.63811873271015,215081
2020-08-20,352.9222412109375,353.61271121666044,349.2397345137482,351.08098786234285,377296
2020-08-21,354.8555908203125,355.96032605938086,349.9302321054823,354.4412975461002,482939
2020-08-24,362.2206115722656,363.9237486096066,356.92700767870525,358.90634960245495,369998
2020-08-25,365.5348205566406,369.12528716837664,363.18723370616453,363.96977202142233,385894
2020-08-26,371.0125732421875,371.74906339015695,362.0824826977426,363.92373616296436,282445
2020-08-27,369.1713562011719,372.4395701862788,366.40947573083895,371.93323667150486,279205
2020-08-28,364.8904113769531,370.0919468012443,363.4634230831027,369.2633883603012,297763
2020-08-31,361.6221618652344,370.598272322866,361.20789670129153,366.2252954332506,368517
2020-09-01,365.21258544921875,367.05383865925705,359.82691419079777,363.7395772621292,383933
2020-09-02,374.9252014160156,378.1473946755762,366.13322818876134,367.42209987352646,584239
2020-09-03,375.9839782714844,383.5791493466484,373.0379893782978,378.37761356271733,544668
2020-09-04,370.87445068359375,378.1934156763929,368.02050245636764,372.80777226302405,502695
2020-09-07,376.3521728515625,377.502956193324,372.6236460623738,373.4061843538309,287600
2020-09-08,372.3014221191406,376.5823305430651,367.79035702623855,375.70775205812805,361780
2020-09-09,371.9792175292969,376.62839935436443,367.0999071179487,371.42686396974653,483955
2020-09-10,372.25543212890625,374.9252440859033,366.31737835093634,368.25070014576136,431048
2020-09-11,383.5331115722656,385.05214009824374,373.08399228885423,373.2220806829797,510733
2020-09-14,386.89337158203125,388.3203317322577,382.65848313304355,386.6632149064917,453320
2020-09-15,390.3457336425781,392.09491881106777,385.74259999113264,388.22830340103246,317548
2020-09-16,392.3250732421875,393.9361700109477,388.7346346337242,389.102879704667,443331
2020-09-17,386.6632385253906,391.08223572756117,385.2822983877999,386.6632385253906,390956
2020-09-18,381.0013427734375,388.73460097483695,381.0013427734375,386.6631910229284,1548938
2020-09-21,364.1539306640625,380.2188800546115,362.40474530950587,378.46969470005484,711246
2020-09-22,360.01104736328125,367.23797232774643,359.68885050564666,364.84433737135527,501677
2020-09-23,368.3427734375,370.36813545860235,363.83170791856844,364.66026638607843,439307
2020-09-24,369.9078063964844,373.3141365127719,361.8063024649059,363.5094675230497,431987
2020-09-25,368.43487548828125,369.171365727922,361.3460375267067,368.89518891188214,462863
2020-09-28,373.6824035644531,374.8792352330115,369.17133797139377,371.9332183053444,387984
2020-09-29,377.4109191894531,377.4109191894531,370.9204842299287,372.7157174963559,335336
2020-09-30,367.69830322265625,376.9966386346585,367.69830322265625,373.03795501043555,595051
2020-10-01,377.1807861328125,378.561726241043,371.93320248341723,372.11733906930067,522770
2020-10-02,375.29351806640625,375.29351806640625,370.09198214536366,372.347529095564,369092
2020-10-05,379.8045349121094,381.23152315829,376.44425306674435,377.45694805864406,360824
2020-10-06,378.56170654296875,381.2315183275671,375.109356452032,379.71248990661434,298711
2020-10-07,378.14739990234375,383.48702328244474,375.01727488313645,380.21880988354957,339680
2020-10-08,374.8792419433594,381.5537862032145,373.77447855188404,379.8045728174951,295725
2020-10-09,379.2061462402344,379.2061462402344,373.8665224193979,375.66172769410923,275802
2020-10-12,385.0520935058594,385.3282702606922,378.9299319478379,379.94262687438396,340973
2020-10-13,383.6712341308594,385.19026279210124,381.23157863307074,384.3617042582694,268226
2020-10-14,379.48236083984375,384.4076915183091,376.9506372556498,383.67120135011777,329409
2020-10-15,371.0125732421875,376.6284019301736,368.2046729458436,376.49031353934157,542296
2020-10-16,398.2631530761719,401.16312183179963,388.9187968212381,388.9187968212381,904898
2020-10-19,397.9869384765625,405.3519525818539,397.02029161336264,402.03771871071206,350404
2020-10-20,396.0536193847656,400.84086138942484,394.8567878121278,395.7774145163273,379163
2020-10-21,393.8441162109375,397.2964665567392,388.7346489372706,397.2504464569148,428130
2020-10-22,393.291748046875,396.42187329193007,384.8219709411515,390.161594706522,428472
2020-10-23,394.0282287597656,394.8107670761284,388.50446854350724,390.1615853702658,371843
2020-10-26,388.2743225097656,392.41714278550705,387.3536957818231,389.5171742115477,398248
2020-10-27,385.6044616699219,387.4457148920819,382.2441801585387,386.61715656116877,542810
2020-10-28,370.2300109863281,381.13944268215937,364.8443393293687,377.91724932615074,834554
2020-10-29,371.74908447265625,374.7411215233249,365.4888335739924,366.40946035881353,590020
2020-10-30,370.36810302734375,373.68236470246984,365.99512628670004,365.99512628670004,547480
2020-11-02,373.4522399902344,376.62841355388605,367.74437092906646,370.3681347217449,483742
2020-11-03,376.49029541015625,377.8251872509839,374.6490420335966,376.99662885059143,471809
2020-11-04,388.32037353515625,388.41244183434276,370.0919741082435,370.78244420919174,528473
2020-11-05,402.083740234375,402.68214201348883,391.4505123203321,392.41715918695445,672597
2020-11-06,400.93292236328125,403.1884689855333,395.45518233512456,400.74878578768227,452199
2020-11-09,431.6358642578125,437.85009491966935,402.54405287361544,405.44402156342215,1163330
2020-11-10,436.3771057128906,439.73738793318086,423.9026237391761,425.14544745009266,926951
2020-11-11,448.7135009765625,450.6468228940445,436.10093055356225,436.10093055356225,630882
2020-11-12,435.318359375,449.2658488588323,434.90406610412145,443.78810852089725,602791
2020-11-13,432.46441650390625,437.9881770127374,430.3009380188876,434.5358266947179,485569
2020-11-16,439.4151611328125,441.9929330342806,432.6945967197535,437.3437508293669,497178
2020-11-17,437.2977294921875,441.30246168659704,434.95014239303373,438.770737989537,364093
2020-11-18,447.56268310546875,448.7134665280866,436.60723054120666,437.9421505495627,538478
2020-11-19,449.8642883300781,451.06112004888524,445.4452908483461,446.2738493642582,499206
2020-11-20,453.4546813964844,455.388003134786,448.16107773665493,448.8515477792414,684052
2020-11-23,453.40869140625,459.20862891099176,453.40869140625,456.17057175999366,466197
2020-11-24,455.5721435546875,456.76894706713165,449.3118649253306,455.71023194530824,485818
2020-11-25,454.9737243652344,458.1959178009788,453.9610293806553,455.06576455858936,544696
2020-11-26,456.40069580078125,458.6562424997414,454.7895990430377,457.73561578103073,286541
2020-11-27,456.630859375,459.85305293913814,454.4673809343048,455.2499192760837,586217
2020-11-30,444.5706787109375,459.4387959991656,444.5706787109375,452.07378155592687,1134522
2020-12-01,459.2232666015625,459.2232666015625,449.2853700419917,450.2098255359053,514698
2020-12-02,460.2401428222656,460.33259400796584,456.9120976220441,457.60543919658437,353373
2020-12-03,460.3787841796875,462.68992265448514,458.66853606590934,460.3787841796875,332716
2020-12-04,455.0632019042969,461.25706479455494,452.6134005684695,459.9165930876337,542580
2020-12-07,456.4036560058594,456.4036560058594,450.1635818679887,454.46229396498256,375438
2020-12-08,457.0970764160156,459.3157641830613,452.8907865665991,454.87836043682444,323359
2020-12-09,460.3787841796875,461.30323956960655,457.32809267781045,460.70234920858707,411414
2020-12-10,463.1522216796875,464.4464537824714,457.46682579850335,460.79487135719336,466149
2020-12-11,462.5975341796875,465.83312848299965,458.16015899143105,461.58062747050354,382300
2020-12-14,470.73272705078125,473.5060934044689,461.3957213509377,463.7068599790108,433394
2020-12-15,468.8838806152344,476.27952524189647,468.8838806152344,471.93457273887435,535189
2020-12-16,466.8500061035156,475.90965830344004,464.9086440000628,471.01005566285386,398944
2020-12-17,464.9086608886719,473.1363091180405,464.35398195151544,471.4723005187139,388090
2020-12-18,461.811767578125,467.31228949101774,460.05530764185386,462.7824628515358,1032272
2020-12-21,453.1680603027344,455.8489753909302,447.8062019142022,453.02936941936895,479857
2020-12-22,455.10943603515625,458.9921604598552,451.6889675773436,456.0801312474026,382128
2020-12-23,458.62237548828125,459.36192859745097,453.16809372476234,456.542350630081,249098
2020-12-24,458.9459533691406,460.8872873879584,456.54236337900494,459.4543926193751,73147
2020-12-28,465.925537109375,468.2366756863064,459.9165768093533,461.81169915758073,220715
2020-12-29,474.0607604980469,475.8172484858332,468.606478789619,468.606478789619,301703
2020-12-30,474.3380432128906,478.12834420779893,473.0438395073423,473.8758155128491,249571
2020-12-31,472.3043212890625,477.758603234999,472.02699591688446,473.50613039683594,130740
2021-01-04,473.41363525390625,479.14527059364804,471.2873989054997,477.2039366286432,343503
2021-01-05,467.9593811035156,476.83413125260654,465.3708887999119,471.10252413233053,303053
2021-01-06,464.35400390625,473.5985592554658,461.62687700551777,473.22878268392594,439147
2021-01-07,476.3719177246094,479.14528428200975,463.24466628020053,467.0349395510764,458616
2021-01-08,485.616455078125,485.616455078125,477.4812580934327,481.1790800341369,458513
2021-01-11,482.9355163574219,485.43150076092905,478.96031305703553,482.56571163320206,394924
2021-01-12,476.8341369628906,483.49022786656093,474.7079005917381,482.565772363948,374428
2021-01-13,473.41363525390625,480.9941815790947,471.7496266518614,478.1283921213666,317983
2021-01-14,469.6233825683594,476.27947329119297,469.6233825683594,474.6154647165557,446027
2021-01-15,456.6347961425781,469.8082867473408,455.24811292102413,467.7744734042047,692278
2021-01-18,461.9042053222656,463.9842302890835,456.6810371591295,456.6810371591295,342930
2021-01-19,453.9538269042969,464.8161781897516,452.1049160471982,464.1690763170515,468063
2021-01-20,469.3460693359375,469.4384923163612,455.0170090645336,455.75656218078115,592958
2021-01-21,469.2536315917969,473.5985556455233,469.2536315917969,472.30432354892696,333005
2021-01-22,472.8590087890625,473.4136595434399,465.46336446782595,468.69895885836695,425645
2021-01-25,463.98419189453125,475.63233638725984,463.5219641623765,474.52297854523164,415757
2021-01-26,469.6233825683594,474.7078876945916,462.5050641067773,462.6899664871336,391663
2021-01-27,468.14422607421875,478.8679147496507,457.65165125725673,476.09454844801184,669459
2021-01-28,477.9435119628906,478.0359349467465,461.34952381201,465.92558999863996,511413
2021-01-29,460.6561279296875,472.0269466076019,460.6561279296875,469.16112914184424,817196
2021-02-01,469.3460693359375,471.1025291461326,463.70688513508543,466.8500281973519,430015
2021-02-02,485.2467346191406,485.2467346191406,472.4892312634258,473.96836576712167,547709
2021-02-03,484.87689208984375,488.85203931020396,481.27149320144497,486.3559982662575,369967
2021-02-04,485.4315490722656,486.0786791919147,480.9941740614046,483.76754049622826,312012
2021-02-05,488.7596130371094,490.2387192035481,484.0448563360546,487.18802747009113,304785
2021-02-08,488.0201110839844,493.01213723694445,485.986297573835,490.7009983445678,328124
2021-02-09,496.4325866699219,500.2228315217105,488.1124874519902,491.4405045694493,376854
2021-02-10,489.4991760253906,501.1472924885756,487.2804603065532,500.96244653224295,302934
2021-02-11,491.3480529785156,492.8271590725204,486.7257759043997,489.96136985628084,362743
2021-02-12,489.3143005371094,489.684105318668,485.80138080945324,489.3143005371094,312149
2021-02-15,495.4157409667969,495.7854893241273,489.4067800233727,491.07078869207874,304779
2021-02-16,499.0210876464844,499.39089243104314,491.4405409573344,495.41574490633286,297402
2021-02-17,494.5836486816406,500.6850318713653,490.5160222723036,495.5081040997371,364343
2021-02-18,493.6592712402344,497.72689829207957,490.42367676581335,493.84417363791636,345527
2021-02-19,500.8700256347656,502.9038392105489,495.60061750523806,496.0628452986301,420401
2021-02-22,501.8868408203125,502.5339144371538,494.95342557463283,498.92857236396696,281071
2021-02-23,498.6513366699219,504.01316747216333,492.27257092762346,503.82826508085407,326853
2021-02-24,492.5498962402344,498.55885719915534,490.51608278466506,497.3570762922287,389117
2021-02-25,490.8858642578125,495.7854670606512,489.12937626043396,493.5668077434355,341801
2021-02-26,485.3391418457031,489.6840940194648,480.2546365501767,484.04488156440004,509151
2021-03-01,496.5250244140625,496.7099267981502,489.8689899811894,489.96141296109045,312876
2021-03-02,498.5588073730469,501.9793037849833,494.3063349199035,496.52499412073746,268383
2021-03-03,502.7189025878906,508.4505381206537,498.4664297478692,502.16425184329216,402528
2021-03-04,493.5667724609375,505.3997905797293,490.0537967173046,501.1472617832246,461650
2021-03-05,483.6751403808594,492.7347932113322,483.5826609740898,489.9614266454148,468641
2021-03-08,494.4912414550781,494.9534691788446,479.5150519201881,485.43153292982925,487719
2021-03-09,499.85308837890625,501.0548692157846,487.8351671615535,492.457444552843,424729
2021-03-10,511.2238464355469,512.4256271947526,499.2983489670668,499.6681537041828,377397
2021-03-11,521.8551025390625,521.9475255145289,511.5936695938358,511.8709949445181,348410
2021-03-12,520.8383178710938,524.0739125348402,515.476430146022,523.149456916627,349657
2021-03-15,516.0310668945312,524.6284916848622,511.77853777696373,522.0400275922433,330231
2021-03-16,517.9724731445312,519.4516359926589,513.1652926306296,514.1822276682723,330076
2021-03-17,525.2756958007812,526.2001514229494,516.6782697994764,518.0649532327286,305038
2021-03-18,523.5192260742188,527.6792765211829,518.896947799814,527.4019511095778,421418
2021-03-19,515.2915649414062,521.2080468227105,513.5350767626009,516.8630942943163,1041228
2021-03-22,514.552001953125,520.6534432131119,512.4257652027659,514.1822535407082,306281
2021-03-23,512.3331909179688,515.3838824349701,509.7447270982185,512.7954186152199,302183
2021-03-24,511.59375,514.0897349727128,507.8959276116351,508.45057840017313,327022
2021-03-25,513.62744140625,514.7367992655691,505.7695698371433,508.45051329514064,298409
2021-03-26,512.9802856445312,516.4932046168113,510.7615702808409,513.6273592366883,319037
2021-03-29,512.9802856445312,517.5100829110087,512.8878062568834,513.6273592366883,223531
2021-03-30,530.17529296875,530.17529296875,515.6613285895421,515.6613285895421,463377
2021-03-31,525.1831665039062,530.1752489592006,521.9475721336235,530.1752489592006,440619
2021-04-01,528.51123046875,530.4525644851576,523.3342457178514,530.3601415031522,318700
2021-04-06,533.2260131835938,536.5540874128009,529.2508651320896,536.1842825792348,307550
2021-04-07,533.595703125,533.6881261013434,528.6036210682166,533.1334753947157,257919
2021-04-08,541.8232421875,543.2099251718641,536.2765102500434,536.4614125994804,338943
2021-04-09,543.857177734375,547.7399022503745,539.3273794859488,542.1931690630289,297019
2021-04-12,545.1514892578125,547.1853029024142,539.4198531409506,544.3194566318367,286923
2021-04-13,549.8660888671875,551.714999762117,543.2099983605847,545.5211369792465,443772
2021-04-14,565.5819091796875,567.6157227283933,560.312501120315,563.9179004304884,577458
2021-04-15,570.1116943359375,570.1116943359375,559.2031311761651,564.7498639446206,518798
2021-04-16,582.406982421875,582.8692101857018,568.3552471166802,570.4814835454263,587186
2021-04-19,577.6923217773438,584.9954870966211,575.5660287771688,584.4408363113615,328492
2021-04-20,563.177734375,579.2738323866387,562.9916408282053,578.064309514139,570894
2021-04-21,581.1348266601562,584.1121539286995,561.317078985225,562.8987894204944,515257
2021-04-22,588.0197143554688,593.3230680735086,583.088547728714,584.2980705937252,436028
2021-04-23,584.39111328125,589.8805607732739,580.4834325990954,586.5311039634902,366234
2021-04-26,582.251220703125,585.7867713171736,578.7156700890764,580.4834737899924,265587
2021-04-27,588.671142578125,589.7876473092639,580.4835358627557,581.5069654067559,320541
2021-04-28,589.1362915039062,591.0901320046917,584.8563665773614,588.6710859763112,262268
2021-04-29,591.4623413085938,595.3700792444023,588.2059024933843,591.648434884163,290676
2021-04-30,582.6234130859375,593.3231402016775,582.1582075591663,591.2762245263269,349054
2021-05-03,586.7171630859375,591.0901062120713,583.6468180953437,583.6468180953437,242931
2021-05-04,575.8314208984375,588.5780068385636,574.2497107576983,587.3684838325102,413624
2021-05-05,587.8336791992188,587.8336791992188,579.273886339411,579.5530550794932,374426
2021-05-06,581.7860107421875,586.0659355899395,579.9251886660649,584.8563558102333,356074
2021-05-07,587.4616088867188,587.4616088867188,578.5296279859692,586.1590105925088,342019
2021-05-10,581.5068969726562,588.1127926071524,579.2738877731681,587.7406622657597,349795
2021-05-11,569.6907348632812,575.3662769417482,566.5273710310869,572.6680618960094,579901
2021-05-12,567.7369384765625,576.2036578735112,565.410910423797,567.0856392642293,421915
2021-05-13,573.1331176757812,575.4591449390758,558.246543190696,563.8290086226029,349967
2021-05-14,584.39111328125,584.39111328125,578.0643299806699,581.0416564714662,336426
2021-05-17,580.5765380859375,588.485032595121,578.622697451725,586.1590047983022,224482
2021-05-18,579.6461181640625,586.8102950270185,577.3200904025695,584.2051552917037,268294
2021-05-19,576.0174560546875,578.2504652809421,567.7368318152089,576.3896431883244,381205
2021-05-20,585.135498046875,585.135498046875,578.0643404052428,578.7156394599402,362431
2021-05-21,587.6475219726562,590.2527180126397,584.8562891764825,585.6936817304453,376258
2021-05-24,593.1370849609375,593.1370849609375,588.6711229729068,589.8806460631127,115728
2021-05-25,595.1837768554688,597.8819339973533,592.1134326930234,593.6950855609914,325085
2021-05-26,596.0213012695312,599.4638335430157,594.2535543313202,597.5099930355759,295544
2021-05-27,603.2785034179688,607.2792592828408,592.3926835714809,596.3004210532689,638562
2021-05-28,610.16357421875,610.6287797582257,603.5576782733095,603.6506966660904,256995
2021-05-31,606.6279296875,614.53642263588,605.8836122969725,611.0938908184415,228797
2021-06-01,611.3731079101562,614.4435099543915,607.2793331641534,609.9774912674262,294765
2021-06-02,615.001708984375,615.8391016512072,607.4654021340222,612.7686997313452,295829
2021-06-03,608.7679443359375,616.7695135132452,607.2793093571653,613.3269812385771,290169
2021-06-04,605.8836669921875,610.6287404744589,604.1158633407944,609.4192175071919,281922
2021-06-07,611.5592651367188,611.5592651367188,601.4178172167157,605.6046675806656,369275
2021-06-08,613.792236328125,618.2581984128269,607.8375823566631,612.0244324587816,290421
2021-06-09,616.3972778320312,621.0493327590655,614.4434374777888,620.5841272663621,232801
2021-06-10,611.9313354492188,619.2815483893582,608.4888033388281,618.7233244959032,285497
2021-06-11,621.6075439453125,625.1431510479043,611.7452104164478,612.5826030013309,353511
2021-06-14,625.7944946289062,629.1440087230457,622.1659253449901,626.9109993269527,255313
2021-06-15,630.6326904296875,633.3309055838469,627.376251279119,629.516185649077,279296
2021-06-16,634.8193969726562,635.9359015003663,628.6787072519195,632.7724814698175,320891
2021-06-17,639.4714965820312,640.3088892333378,629.8882742253761,635.4707404666646,331198
2021-06-18,633.702880859375,650.2642413441063,633.702880859375,639.1923282273852,695141
2021-06-21,632.7725830078125,636.77339627308,626.7249106990358,629.8883312372036,308185
2021-06-22,633.7960815429688,636.5873149700918,628.6788202599098,632.6795768145616,299207
2021-06-23,622.5379638671875,635.0985120944496,621.3284409510071,633.7959707954012,337572
2021-06-24,626.3527221679688,630.6325902278523,624.6779936570483,626.3527221679688,346811
2021-06-25,626.7249145507812,630.1674470898768,623.6545691788593,627.0040833200558,242811
2021-06-28,621.1423950195312,626.3527309785318,620.2119839684009,624.0267033507058,252827
2021-06-29,627.0970458984375,630.3534845640822,620.4911501775289,620.6771869567673,271145
2021-06-30,615.28076171875,630.1673372052477,615.28076171875,628.9578143045255,556819
2021-07-01,617.699951171875,624.3058472578493,612.6757085235377,618.9094742426861,325479
2021-07-02,617.2347412109375,619.746805729365,614.6295447228424,616.76953566489,225664
2021-07-05,614.72265625,619.7468423716945,613.1409459423631,614.9087498369789,178377
2021-07-06,610.16357421875,616.118227839153,607.0002106229867,613.1409010289515,290716
2021-07-07,614.443359375,619.6536375158803,609.140006074742,609.4191179773297,378366
2021-07-08,594.71875,611.4661487727848,587.7406671780064,610.070532208386,734077
2021-07-09,616.3042602539062,617.6998767338401,600.4872734813225,602.4411138381179,599503
2021-07-12,619.65380859375,621.5146308417793,609.1401742499422,615.9321640976915,255319
2021-07-13,624.0266723632812,624.0266723632812,617.9790008312442,622.2588687388042,312845
2021-07-14,624.8640747070312,624.8640747070312,618.2581785840025,619.8398888182985,180869
2021-07-15,617.0486450195312,629.8883066784626,614.8156356928536,624.3988585432552,306416
2021-07-16,608.7679443359375,622.9102037854111,602.1620485344323,620.6771945294685,455783
2021-07-19,595.3700561523438,603.836774028383,590.9040376630468,603.4645868916804,496713
2021-07-20,600.2081909179688,605.6976392421914,594.3466122183439,599.1847614008775,324696
2021-07-21,613.3270263671875,613.9783255137421,603.7438031152197,604.3020270763874,288289
2021-07-22,614.443359375,618.2580212151689,609.3260996057247,614.0711723130346,391518
2021-07-23,627.0970458984375,627.4692330324817,613.0478617989123,618.723346472494,411886
2021-07-26,626.538818359375,629.7952570061748,620.8632769308541,623.3753981016563,347405
2021-07-27,623.0032958984375,640.4019961121389,622.6311655036011,635.4708282751752,474408
2021-07-28,640.3089599609375,640.4019783601203,619.2816340567666,622.8172418303473,324397
2021-07-29,636.4011840820312,643.8444727847451,633.144745274594,643.8444727847451,255100
2021-07-30,627.0040893554688,635.1916960220021,624.957173491888,628.2136124787426,425011
2021-08-02,639.1924438476562,639.4715558280233,629.8883325834983,631.6561364388036,324652
2021-08-03,647.47314453125,651.9391067111505,638.07595780684,642.5419199867407,341567
2021-08-04,646.3565673828125,653.8928741679215,644.4957452839922,650.2643051478921,278285
2021-08-05,648.8687133789062,652.4972825376497,643.8444708049096,643.9374891982931,268502
2021-08-06,648.8687133789062,653.4276936226279,645.1470690389935,647.473096751439,287106
2021-08-09,648.8687133789062,651.5668714526714,647.6591335382059,649.5199557081622,166437
2021-08-10,652.7763671875,656.4049929821747,649.5199285263553,651.1947138394565,230097
2021-08-11,655.753662109375,657.5214657262852,649.3338602755142,654.6371575506832,211136
2021-08-12,662.4525756835938,662.5455940605738,654.9162699393823,655.7536056955304,276394
2021-08-13,660.40576171875,666.7325455949475,658.5449395911752,663.3830884804266,219593
2021-08-16,646.5426635742188,657.2423906858603,643.2862248880671,656.032810886491,315345
2021-08-17,642.4487915039062,646.3565290371558,638.2619420299488,643.1000905574112,326360
2021-08-18,609.3262329101562,643.2862369903503,608.209728267771,642.448844311615,699154
2021-08-19,570.43505859375,595.4631414739429,568.4812178759048,591.0901976711855,1493477
2021-08-20,576.8548583984375,580.9486897860564,568.0159533100743,570.5280745348502,843005
2021-08-23,592.2996826171875,597.137831687167,582.6234412650151,584.763375434106,728161
2021-08-24,580.8556518554688,602.162089255156,580.8556518554688,601.0455845516819,500424
2021-08-25,578.8086547851562,584.4841959029162,576.8548144191711,581.5068693741645,412050
2021-08-26,578.3434448242188,580.111248408579,569.7837092033457,576.8548099652268,425086
2021-08-27,579.7391357421875,580.8556404236876,573.970632332046,577.7852951404024,340808
2021-08-30,581.5068969726562,585.9728585838496,579.459981337756,581.5068969726562,291687
2021-08-31,583.1815795898438,585.2284950636794,580.6694586350354,583.4606915208717,541313
2021-09-01,601.7899169921875,605.6976551572113,587.6476562361817,587.9268250098037,596692
2021-09-02,601.9758911132812,607.6513752541066,599.2776766142,602.5341149741637,320818
2021-09-03,590.718017578125,601.6037817870479,589.13630738411,601.6037817870479,393248
2021-09-06,603.5576171875,605.2323456025568,592.857890862474,595.0908431532898,262291
2021-09-07,607.5584106445312,612.9547833325156,604.9532710835508,607.5584106445312,340478
2021-09-08,603.5576171875,609.2331014795758,598.6264503256962,606.6279620797341,385265
2021-09-09,612.5826416015625,615.0947059389451,594.4396266132791,597.2308596883996,411139
2021-09-10,617.3277587890625,627.5622807885798,615.8391237587927,623.8406364251189,388397
2021-09-13,611.2800903320312,622.4450234887806,608.5818754373688,619.6537901995933,349720
2021-09-14,601.7899169921875,609.8845053080676,593.7884038634446,608.768000576948,397133
2021-09-15,577.9713745117188,600.3012404416928,574.7149357302642,600.3012404416928,706373
2021-09-16,584.298095703125,590.4387854587785,578.0643307767618,580.1112462912396,475856
2021-09-17,587.0894165039062,600.3012657606009,583.367772025276,590.1597618412185,863299
2021-09-20,575.645263671875,579.6460193822871,563.270809447112,572.2027318139753,764691
2021-09-21,591.741455078125,591.741455078125,577.785288684773,579.2739237182826,490753
2021-09-22,598.533447265625,603.9298202699741,594.6257093011699,601.5107741331997,403326
2021-09-23,608.581787109375,610.7217777507219,598.9055471839154,604.4880129520653,392213
2021-09-24,598.161376953125,603.371656903637,593.9745265968161,602.4412457133461,371010
2021-09-27,593.1370849609375,606.0698221559852,589.2293469259903,603.1855136309536,297614
2021-09-28,574.9010009765625,592.2066235044708,573.7844963775207,590.8110069526142,627324
2021-09-29,581.9721069335938,588.7640961845347,579.9251912830653,582.4373124547237,355217
2021-09-30,576.9478759765625,590.1597243949512,576.3896520553031,587.0893792524556,596940
2021-10-01,586.1589965820312,587.5546132405599,567.550774468316,571.272418891059,448089
2021-10-04,577.8782958984375,588.0197993298416,574.5288387439513,579.1808941183962,346834
2021-10-05,588.4849243164062,589.88054073771,577.6921800401018,579.7390386944586,329281
2021-10-06,581.3208618164062,583.9260016190392,572.2958625110454,581.506955399692,458312
2021-10-07,593.5092163085938,596.393467774606,589.2292915155449,590.3457961045048,439881
2021-10-08,584.0189208984375,596.1142623418523,581.0415947240423,593.9743286748028,386925
2021-10-11,587.7406616210938,589.9736140303498,576.7618227758488,581.786008287512,261049
2021-10-12,589.78759765625,591.2762326472504,581.1347293092332,583.3677385835184,369383
2021-10-13,608.3958129882812,612.6756811360772,586.7171899263597,591.7414323501064,627178
2021-10-14,620.7703247070312,622.0728662319135,605.7906712624654,614.0713531334719,460568
2021-10-15,618.5372924804688,627.0970860211036,618.5372924804688,625.2362638073911,542414
2021-10-18,604.7671508789062,613.4199618339252,593.6022188626803,613.1408498910757,414414
2021-10-19,601.0455322265625,608.8610076827023,596.4864954125171,607.5584095107513,305206
2021-10-20,610.4426879882812,613.2339212333814,594.9978867471749,598.9056246478722,408236
2021-10-21,613.792236328125,614.9087410462477,601.4177796060882,605.7906665047364,264050
2021-10-22,620.8634033203125,629.6092916100926,616.1183287555606,616.8626463830792,423275
2021-10-25,613.8851318359375,622.817111005084,612.0243099408375,621.421494583759,239985
2021-10-26,618.723388671875,621.1424348448004,610.9079126261679,614.44352027738,293673
2021-10-27,618.0719604492188,621.0492867394574,613.6990177842847,613.6990177842847,252036
2021-10-28,624.9572143554688,625.6085135529835,615.0018031585806,616.3974199584867,302241
2021-10-29,630.0744018554688,630.0744018554688,615.9321419220577,620.8633093442389,434079
2021-11-01,635.8429565429688,637.6107035271789,627.283163225774,632.6795361471188,320108
2021-11-02,637.1454467773438,641.797501816296,633.3307843605154,636.8663348325629,285336
2021-11-03,635.0055541992188,640.6810390014897,632.9586384911295,636.5872643730961,350677
2021-11-04,644.3095703125,645.053887700432,637.8897121675608,639.1923101872743,348282
2021-11-05,659.5684204101562,661.894448050497,641.6114415964978,643.1001333589863,524883
2021-11-08,658.1728515625,668.6864859018259,656.1259357329827,665.1509349896352,317489
2021-11-09,658.0797119140625,662.731767076452,650.2642933139178,654.2650493960163,337111
2021-11-10,649.985107421875,655.3815366980698,640.9601660752194,654.2650321310025,349382
2021-11-11,656.3119506835938,656.8701745757694,645.7052424300056,646.3565414960648,272715
2021-11-12,672.5941772460938,676.0366527340633,656.7771892435669,656.8702076343504,412199
2021-11-15,670.6401977539062,673.89663606119,666.1742365757583,669.244581336499,433662
2021-11-16,678.9209594726562,680.7817815861689,673.9897922294045,674.0828106199665,419771
2021-11-17,675.5714111328125,679.7582606746328,671.849767095639,678.2696257748759,420189
2021-11-18,677.804443359375,684.6895077777956,676.8740323183875,678.2696488798688,458866
2021-11-19,682.45654296875,689.9928501759895,673.7106558992981,681.9913374179874,698218
2021-11-22,677.618408203125,684.2243612362275,675.9436795425456,681.340052687874,297513
2021-11-23,668.1282348632812,678.4558328673305,660.9641143231008,671.7568611218536,441531
2021-11-24,675.5714111328125,678.5487377201076,666.3603762134768,670.8263377005288,384226
2021-11-25,683.572998046875,687.1085486185676,679.3861483938167,681.0608768974835,226209
2021-11-26,643.844482421875,663.383115558955,600.1151606388863,648.4965379307035,921585
2021-11-29,648.6826782226562,664.4996680917135,643.9375471892645,663.1040513385614,565133
2021-11-30,641.580810546875,646.9070828771257,633.8250385033388,641.9546060565439,990257
2021-12-01,651.7662963867188,654.9433878848951,634.0120890299479,644.758056640625,441932
2021-12-02,641.580810546875,650.3644917254069,640.2726403294087,642.8890377975287,452744
2021-12-03,640.0858154296875,654.4760886920412,635.6005539690817,654.1022931398267,472844
2021-12-06,644.8513793945312,646.0661863931618,630.180845373697,638.964470305721,410554
2021-12-07,677.4630737304688,677.4630737304688,654.5694939975081,655.3170280515377,504118
2021-12-08,667.8384399414062,678.1171900657695,667.4646443963342,675.9680082645866,364654
2021-12-09,668.1187133789062,674.2859402275899,662.0449068936435,671.6695426867298,238921
2021-12-10,663.4466552734375,667.3712806971876,660.2695639701167,662.5122233646017,218081
2021-12-13,662.51220703125,671.0155143787393,659.2416954309547,666.9974686764443,263596
2021-12-14,655.5973510742188,669.0531922797136,654.1957033250294,660.9236239277768,288230
2021-12-15,665.2221069335938,668.2122434522593,655.036776188145,658.7745038696751,329720
2021-12-16,666.5302124023438,677.4630762112886,663.0728032274545,675.7811103252646,423780
2021-12-17,653.1679077148438,668.9598298705847,649.056384481042,661.57779493864,795828
2021-12-20,652.0465698242188,654.6629677432405,633.5448295708252,635.6005911619128,377559
2021-12-21,655.50390625,664.9416445958469,651.0186450265597,663.1662583996888,309981
2021-12-22,668.4924926757812,668.7728107924297,655.9710844890682,659.7088114662139,327128
2021-12-23,674.6597900390625,675.5008015102834,663.5400283040887,668.1187671439469,315889
2021-12-24,670.3613891601562,677.0892524236201,670.3613891601562,673.6319004261363,48392
2021-12-27,678.6779174804688,678.7713948958849,668.7729615711778,669.9877117059851,177954
2021-12-28,682.8826904296875,682.8826904296875,672.8842596064538,675.3138163014264,217145
2021-12-29,680.1729736328125,685.5926670135802,678.1172121343986,682.1352577253198,168266
2021-12-30,682.13525390625,687.0877313293415,679.7991742695848,681.2942424237729,246097
2021-12-31,679.3319091796875,683.0696363278564,676.6220341839891,679.6122273091622,100673
2022-01-03,683.0696411132812,689.1434477716073,680.0794479671596,685.8729364940472,210987
2022-01-04,695.21728515625,696.0582966209258,685.8729668073756,686.4336030950309,291609
2022-01-05,708.29931640625,708.7665323141697,693.0680892147064,693.8156232607396,384196
2022-01-06,679.4253540039062,697.2730359988294,679.4253540039062,692.7877746661989,446581
2022-01-07,668.8663330078125,681.5746408852275,664.1941735749091,679.7057771120661,392865
2022-01-10,656.625244140625,677.7433802284272,655.4104941945463,676.7155280509434,420089
2022-01-11,663.4466552734375,673.8188266482362,658.0269616088292,671.0155309217287,370056
2022-01-12,662.2318725585938,671.2023956280007,654.5695198771614,670.0810659860261,432438
2022-01-13,644.7579345703125,658.587513644313,640.4595711531199,656.0645364067476,478517
2022-01-14,631.1152954101562,640.1792387444979,630.9283976331897,638.8710683721199,517232
2022-01-17,641.3941040039062,642.2350585268066,624.2939539400094,632.7038413682081,261561
2022-01-18,628.8726196289062,643.823528862283,625.6021082341051,643.2628925793083,395209
2022-01-19,651.953125,658.4941480688742,632.2365783867622,634.5726580542173,555364
2022-01-20,657.7465209960938,661.2038727886043,641.1135904886603,656.7186118678123,414578
2022-01-21,651.4859619140625,655.504007861384,643.6367107814161,645.7858928431741,536630
2022-01-24,619.3414306640625,653.9154097778464,619.3414306640625,645.4121025928695,679863
2022-01-25,623.2660522460938,634.4792345953488,618.3135747818117,633.5448027329109,460302
2022-01-26,638.777587890625,642.7956904598758,627.6578831295927,629.5267468238698,439855
2022-01-27,648.4957275390625,648.4957275390625,624.5742941203524,631.1153173087868,407906
2022-01-28,669.427001953125,685.7795593720911,641.9546826759843,680.9205023323881,843629
2022-01-31,675.2203369140625,683.1630065205977,657.8399297648009,682.1351544436146,682044
2022-02-01,684.1909790039062,685.4991493109462,670.7351381990966,673.725331381631,421235
2022-02-02,681.4811401367188,690.0779246054705,679.4253786500095,686.8074131144493,338429
2022-02-03,665.0350952148438,685.0319006654317,662.2317999339324,684.004048542373,407920
2022-02-04,659.8023681640625,666.5302895197702,653.4482423965826,662.8860391839447,406201
2022-02-07,669.146728515625,671.9500244994076,657.0925900052815,663.4467161618816,353733
2022-02-08,659.8023681640625,676.0615066875897,657.1859701460648,669.1466875377679,421466
2022-02-09,669.6138305664062,673.4450353122177,664.8482510182038,666.2498987715802,460237
2022-02-10,659.8958740234375,670.6418417664185,651.7663044112376,669.4270916021131,380675
2022-02-11,640.0858154296875,657.2793842340691,639.3382813584522,649.4301339031136,453796
2022-02-14,626.0692749023438,630.2742177934789,610.1839350913888,628.6856724057458,610403
2022-02-15,648.4957275390625,648.4957275390625,622.892271102484,623.7332826114182,406987
2022-02-16,642.5153198242188,655.5973657766983,635.6939786984932,654.1022976239783,304420
2022-02-17,639.2447509765625,652.139955027759,631.0217628080643,649.3366597180535,366552
2022-02-18,641.300537109375,649.0563096932408,631.7693212806715,634.572616698926,417884
2022-02-21,628.1250610351562,650.8317421396354,622.8922087879887,648.1218671336745,383373
2022-02-22,625.32177734375,633.3578680795756,606.0724478783113,607.7544707593278,460189
2022-02-23,622.144775390625,639.8989822833075,622.144775390625,631.8628903977942,363622
2022-02-24,594.2052612304688,606.9135121119123,584.0199308236262,589.626522159533,1162792
2022-02-25,622.8922729492188,622.8922729492188,594.5789981848353,596.7281801179107,712092
2022-02-28,616.631591796875,621.2102735763827,594.859284377143,608.0348074933594,697750
2022-03-01,584.767333984375,617.7527608843901,584.767333984375,615.7904771695057,585829
2022-03-02,596.16748046875,603.6429347692986,578.4132765049471,584.0198672303586,617458
2022-03-03,576.918212890625,599.1576781989867,574.0214401069921,588.4117125593859,506791
2022-03-04,539.9147338867188,569.5362361652851,539.9147338867188,565.8919289860597,963534
2022-03-07,530.5703125,547.3900832473045,508.2374288943236,517.6751663337036,909345
2022-03-08,514.031005859375,544.6804202197358,513.844165091218,518.6097453432537,950996
2022-03-09,563.088623046875,563.088623046875,525.0572914970153,540.3819399722632,1164131
2022-03-10,549.3525390625,563.929653948639,538.2327765938958,560.6591422853081,688965
2022-03-11,555.8935546875,586.636329676965,547.2032924759196,553.7443157119586,740815
2022-03-14,559.4443359375,564.8640290277366,543.4655177699021,557.7623700864874,569333
2022-03-15,551.3148193359375,554.4919105996267,534.4950451867055,550.0065918666074,615609
2022-03-16,587.6641845703125,600.5593320637332,562.7148439874732,565.6115597676882,799496
2022-03-17,588.505126953125,596.3543767626252,582.1510022199624,595.7002631063018,456856
2022-03-18,597.4757080078125,599.5314123146792,580.8427765563264,593.2707649621831,880922
2022-03-21,591.6823120117188,599.9053016242273,588.4118002427393,596.1675738882507,358795
2022-03-22,601.6807250976562,604.0168048549336,588.3183032594716,589.719951113838,422767
2022-03-23,583.3659057617188,604.0168878743548,581.4036213091773,601.961125998756,478559
2022-03-24,583.7396240234375,597.2888866822234,578.9739870752563,591.4953974490685,382903
2022-03-25,584.9542846679688,598.2232271325701,582.7116256195445,586.7297278340703,365851
2022-03-28,594.0183715820312,604.2036450951816,582.9920865436973,586.9166549060284,442114
2022-03-29,627.7512817382812,630.9283727216871,603.269156785354,605.044600046644,584317
2022-03-30,617.1921997070312,625.6955062159867,612.1462452080352,625.6020858498977,398742
2022-03-31,606.8200073242188,624.4807333557021,604.7642460470481,622.5184494743779,423041
2022-04-01,607.0068969726562,611.0249994881877,599.9986582128125,607.5675902933596,249915
2022-04-04,620.3693237304688,620.9299600233072,603.3626527716491,610.9315278909357,279544
2022-04-05,617.5659790039062,623.7332058666152,611.3986951080084,622.3315582129824,362451
2022-04-06,594.4855346679688,617.1922164635471,589.3461596633517,614.4823413751086,416787
2022-04-07,583.0855102539062,603.3626940523883,582.3379761345792,599.3446482569576,481637
2022-04-08,590.2805786132812,594.2986239408343,581.2165787597468,590.9346922789738,382228
2022-04-11,579.2543334960938,586.6363109787003,576.1706627279776,584.3002313260031,317758
2022-04-12,589.5331420898438,597.4758136920799,567.4805137743032,571.4985597664414,481916
2022-04-13,592.523193359375,601.2134548988851,574.1149321595586,597.1019320837794,552025
2022-04-14,598.036376953125,600.2790361799765,590.187126692338,597.1019451141358,566954
2022-04-19,592.523193359375,597.9429435337939,584.0198866234149,597.9429435337939,307822
2022-04-20,600.185546875,601.6806720076518,585.8887514285962,589.6264787104373,378402
2022-04-21,610.557861328125,615.4168618605443,594.6725181160767,598.0364503359363,496018
2022-04-22,597.66259765625,607.3807118592764,594.298665757692,596.1675294864897,439543
2022-04-25,575.2362670898438,588.6921095499797,568.6018232716867,585.8888137902179,567172
2022-04-26,574.0074462890625,588.7522797533809,572.9677720098666,587.9960900712313,385943
2022-04-27,582.7976684570312,587.9016609363304,570.037744947963,576.6540015822947,364855
2022-04-28,583.3648071289062,594.0453240910365,573.8184594313582,591.6823753078583,368172
2022-04-29,585.5386962890625,597.3534399591405,584.2154219223426,587.2400078397181,384899
2022-05-02,573.3458251953125,584.6879784746593,570.037697155503,580.7182709782278,338527
2022-05-03,567.580322265625,585.0661440173553,563.4215091517029,579.3950666924699,378265
2022-05-04,560.7749633789062,573.723933548731,560.7749633789062,568.9980362377859,340919
2022-05-05,542.5330200195312,577.2211183774308,541.0207559313847,577.2211183774308,489836
2022-05-06,531.096435546875,539.9810890935876,524.1020834940045,539.2249569582139,670819
2022-05-09,512.8543701171875,533.1757292282205,512.6653803698227,523.0623547987233,565090
2022-05-10,519.3761596679688,529.4895923312777,515.2173465967747,524.9527420558178,507385
2022-05-11,541.5878295898438,541.5878295898438,524.5745993409481,527.8827274449001,638901
2022-05-12,534.404541015625,536.5784424442936,513.4215434532628,524.5746506131475,656363
2022-05-13,549.4328002929688,549.4328002929688,533.1757022877506,538.7522840935113,438811
2022-05-16,543.4781494140625,549.4327680350257,540.6426112432065,546.1246401690271,363368
2022-05-17,557.7504272460938,561.8147454468941,546.8808624626668,548.865774123584,399738
2022-05-18,546.7863159179688,563.3269564167837,545.0850044330687,563.3269564167837,457853
2022-05-19,537.3345947265625,540.6427232780892,529.3950631272247,539.8865911470056,464245
2022-05-20,526.0869140625,538.468800771787,520.7939316621148,533.2703132506588,700770
2022-05-23,530.1511840820312,534.0263968061932,519.6596574250764,533.4593122038395,427998
2022-05-24,521.5499877929688,528.6388333801036,514.3666473403413,521.2664455073179,429245
2022-05-25,520.7938842773438,526.4649610571333,508.0339615228172,526.4649610571333,446842
2022-05-26,539.8865356445312,542.7220741114782,520.9829458648851,521.9281253538674,360161
2022-05-27,560.8695678710938,561.7201948523201,544.4234206305402,545.3686001802461,465465
2022-05-30,575.2362670898438,582.7977037006293,568.9036100796573,569.1871524147251,482362
2022-05-31,564.461181640625,575.3307453649754,563.2324598878814,572.1171121447146,829381
2022-06-01,565.0283203125,579.0169660369337,563.0434663442018,568.4310012871014,381825
2022-06-02,574.7636108398438,577.7881966722517,565.6899110317963,565.6899110317963,279331
2022-06-03,575.7088012695312,582.7031525345874,572.117130764169,580.7182986916491,274898
2022-06-06,580.1511840820312,586.861993359764,579.4895468730745,580.0566892046861,342496
2022-06-07,575.0473022460938,579.0170104874404,565.7844958451232,576.5595665581129,371430
2022-06-08,568.7145385742188,580.3402353337858,564.5557255384998,580.3402353337858,362187
2022-06-09,555.387451171875,568.8090116108597,551.7957806094032,556.9942678598483,561689
2022-06-10,541.4932861328125,552.268296376792,540.0755170726175,548.2040366087339,581378
2022-06-13,519.8487548828125,534.0264481977982,518.8090804487196,529.3005504261363,626654
2022-06-14,514.1776733398438,525.3307804516585,510.9640398057972,525.3307804516585,456050
2022-06-15,521.5499877929688,524.5745734479809,512.7598308027561,522.0225774987778,464959
2022-06-16,509.82989501953125,518.3365113478492,505.6710817389021,518.0529113188913,463366
2022-06-17,514.8392944335938,523.34591008636,511.62566100021024,516.4461111502856,886221
2022-06-20,512.7598266601562,520.6993567292728,507.8448822216161,517.0131339780746,353318
2022-06-21,523.1568603515625,531.5689810914238,514.7447396117012,517.0131935181656,380529
2022-06-22,521.45556640625,524.9527422598613,509.73531697500687,517.0132110078346,349977
2022-06-23,534.9715576171875,538.5632279149451,515.1227895783873,516.4460638566436,434800
2022-06-24,555.198486328125,557.4668826165671,537.2400750210146,540.5482034196929,452405
2022-06-27,548.3931884765625,569.8487758787717,546.5973242492463,565.2173729909656,390653
2022-06-28,556.80517578125,564.0830688862181,546.880791826068,556.4271386250331,506109
2022-06-29,556.710693359375,560.1133162872596,543.4781811233287,546.7863091823403,289901
2022-06-30,549.8109741210938,550.1890113402006,534.6881008164141,542.0604900146087,513630
2022-07-01,548.2041015625,555.7655374461207,540.0755810632788,545.5576105410682,245106
2022-07-04,553.2135620117188,558.1285070579396,549.9054336887674,553.875199214145,227729
2022-07-05,540.6427001953125,559.1681962172416,536.4838871181375,558.5066166865294,450195
2022-07-06,564.8392333984375,567.863819268129,548.7711822604525,550.0944566063104,455626
2022-07-07,574.291015625,582.325041018278,570.1322606231616,570.1322606231616,507602
2022-07-08,573.6294555664062,581.285386359865,568.3364158088098,578.3553530164864,328511
2022-07-11,571.171875,573.0622337176496,553.2134671823285,553.8751042713399,265396
2022-07-12,577.2211303710938,579.0169368019345,562.7598956044446,567.107698215089,348649
2022-07-13,572.9677734375,580.6237036303679,561.6256204470744,575.8033116851063,345806
2022-07-14,573.1568603515625,576.6539782799053,566.4460514229855,569.1870949935444,361941
2022-07-15,575.0473022460938,575.4253394795057,555.2930251686744,572.495305741524,458417
2022-07-18,580.6237182617188,584.9715782977826,574.6690993295273,575.2361839176695,301000
2022-07-19,593.667236328125,596.3137851483604,570.7939379840512,575.6143304838598,327709
2022-07-20,591.3988037109375,601.0396458068128,589.4138922178352,599.0547343137105,321612
2022-07-21,598.582275390625,602.9301365000659,586.011397277194,586.011397277194,348545
2022-07-22,599.9053955078125,605.860014376486,594.0452715064298,598.1095315158943,344322
2022-07-25,602.4573974609375,607.8448741115997,595.746588830904,598.4876322795222,232800
2022-07-26,590.9263305664062,602.4575338703163,587.2401068441998,600.189079627545,389982
2022-07-27,601.1341552734375,602.7409719432933,574.7636244428467,584.1209244638119,426585
2022-07-28,626.5595092773438,626.9375464612131,605.7655604216538,608.7900886493209,531878
2022-07-29,637.9962158203125,642.8166085975038,630.1512368525068,630.2457317347328,639310
2022-08-01,650.5669555664062,650.5669555664062,631.3798256946574,635.0660483514772,358710
2022-08-02,641.77685546875,644.8959361592606,633.9318774625636,643.7617092656633,383180
2022-08-03,648.0150146484375,648.0150146484375,637.8070880190901,638.3742303085503,326389
2022-08-04,655.0093383789062,656.2380600876697,648.8656721459151,650.2834412766053,301121
2022-08-05,644.8014526367188,660.4914089252247,640.8316872838507,656.3326538277445,378399
2022-08-08,651.3231811523438,656.8052684944034,647.5424630897809,647.6370156548526,214886
2022-08-09,642.2494506835938,653.2135094738976,640.9261763482365,650.2834761888337,271132
2022-08-10,652.1739501953125,654.4424044021014,635.4442590655084,638.2797979794011,294091
2022-08-11,655.5765380859375,659.8298462249618,648.6767386426903,656.8998125826407,235955
2022-08-12,656.4271850585938,659.3572185324992,651.2286976319239,654.1587311058292,306806
2022-08-15,661.153076171875,661.153076171875,654.4423246359382,658.3175376035897,180890
2022-08-16,660.5859985351562,661.3421306235437,654.5368264496963,661.1530831791516,267010
2022-08-17,662.0037841796875,668.9035834015018,659.1682455113379,661.2475943834488,314633
2022-08-18,668.1473999023438,669.5651691274676,660.3969166004982,661.6256383911033,254403
2022-08-19,660.018798828125,669.281545906338,657.5613553321905,662.2872525852763,454452
2022-08-22,645.179443359375,655.576416888214,641.9658679730559,654.064152905143,428495
2022-08-23,642.5330810546875,648.3932061171988,638.1852779668933,638.9414101096595,306225
2022-08-24,649.1492309570312,650.6615526817649,637.0509456050377,637.2399930317763,219765
2022-08-25,649.9999389648438,655.0093786635404,644.2343095319325,653.2135145785467,216764
2022-08-26,632.3250732421875,653.3080692732615,627.5991758338005,652.7409269707485,425579
2022-08-29,626.5595092773438,626.5595092773438,615.3118502297311,619.092568203493,381544
2022-08-30,625.5198364257812,638.4688082493562,619.9433115001779,630.434781794701,270293
2022-08-31,612.003662109375,629.9620707272563,612.003662109375,628.3552542078219,444863
2022-09-01,598.1095581054688,603.0245028957459,591.1152646289614,600.3780119130357,532866
2022-09-02,609.2626342773438,611.1529931273376,595.2739903252242,603.2135205708678,306092
2022-09-05,600.18896484375,601.0396494443961,591.682349593996,595.0849726182269,291469
2022-09-06,603.1190795898438,606.9943505627474,594.6124631911764,598.48773416408,270512
2022-09-07,606.2382202148438,608.8847115644245,596.5973767299854,599.6219629962997,234554
2022-09-08,608.2230224609375,610.3969238238943,595.8411937973113,609.3572494252741,262423
2022-09-09,616.5405883789062,618.5254999812614,607.1833457592763,607.2778406354544,300281
2022-09-12,622.7787475585938,625.7087807067777,613.7995430016234,616.7295761498073,295910
2022-09-13,615.2173461914062,632.2305768198948,614.9337461962564,627.5991742953577,336082
2022-09-14,618.33642578125,620.7938693473292,609.6407630495298,610.3024002216825,314609
2022-09-15,606.2382202148438,622.3062734598794,602.7410441472049,618.2419550171403,334309
2022-09-16,604.4423217773438,606.6162232028975,595.5576109382513,599.2438342561938,1069261
2022-09-19,605.860107421875,610.1134155083,593.4782780681776,598.2041759419832,301806
2022-09-20,599.2437133789062,615.6898572949417,595.462995944339,608.6010121051281,326586
2022-09-21,608.3174438476562,608.3174438476562,587.7125442933086,595.463026975909,290585
2022-09-22,590.6427001953125,606.1436095804642,589.3194258026821,596.7863670240494,383716
2022-09-23,570.1323852539062,594.8015514255608,570.1323852539062,594.8015514255608,553484
2022-09-26,573.5349731445312,587.2400774258336,568.0529429698472,568.5255327726508,401455
2022-09-27,571.077392578125,590.4535698560561,570.8883451644085,578.355285337426,427226
2022-09-28,579.5841064453125,580.5292859869098,563.0434644673594,566.2570402952816,471935
2022-09-29,574.6691284179688,579.0169309849335,565.8789707217794,576.7485348283693,448908
2022-09-30,576.9376220703125,579.8676556081447,565.2173725406203,577.4102118466842,477030
2022-10-03,574.6691284179688,577.0320771367926,562.0982527716612,568.0528720052619,391198
2022-10-04,611.3421630859375,612.003800353887,577.5992393123726,580.4347781557111,574934
2022-10-05,602.3628540039062,616.7295932307959,597.9204990359029,608.8846153068447,386410
2022-10-06,600.2835083007812,607.7504498111475,595.7466580048796,606.6162228148768,227173
2022-10-07,584.3099365234375,600.7560240302006,582.7031199508639,597.9204857336027,398908
2022-10-10,577.0320434570312,583.4592520592583,567.2021542847963,574.5746000085597,332168
2022-10-11,577.0320434570312,580.0566291784247,568.8089708576466,572.1170988709138,335449
2022-10-12,587.8071899414062,595.74666361166,577.5992045680798,588.4687694803742,471430
2022-10-13,583.6483764648438,589.7920435855264,562.6653787609839,589.7920435855264,546414
2022-10-14,590.9263305664062,606.332747371764,583.3648933427521,593.5728220568476,446629
2022-10-17,602.740966796875,606.6161795947529,580.4346964234293,593.1946194216996,288699
2022-10-18,601.2286376953125,611.4366221210236,597.9205095508408,611.1530221287276,278773
2022-10-19,590.7371826171875,605.8600544921875,590.7371826171875,600.6615672851563,265234
2022-10-20,599.2437133789062,601.6066617755108,588.6576930242841,592.343915598655,360047
2022-10-21,596.880859375,601.9848517944959,585.9168001565307,592.154961834422,369381
2022-10-24,601.0396118164062,609.2626265583598,589.3193640192633,594.9904404973958,324512
2022-10-25,621.9280395507812,622.4006292464885,602.2683197471928,605.8599898967337,356513
2022-10-26,626.6541137695312,627.2211984891225,615.4064527544028,623.2514900736072,383180
2022-10-27,619.470703125,627.0321395613665,615.8789746663805,621.9281468911464,417211
2022-10-28,613.7050170898438,615.4063285945617,605.1984018770776,614.3666542553386,333069
2022-10-31,603.9697265625,613.894111740757,603.1190419001199,613.4215219703639,311885
2022-11-01,615.1227416992188,627.4100738935667,611.0584818189227,616.2569685165315,246959
2022-11-02,601.7957763671875,624.4800835069777,599.9054174388716,619.6596336262666,368720
2022-11-03,595.463134765625,598.109626048969,589.4139623843962,597.5425413772464,282102
2022-11-04,629.6785888671875,634.9715709446901,602.2683836096804,603.0245156651554,716225
2022-11-07,620.0377197265625,629.016924509188,617.2021813741544,624.7636169805759,388944
2022-11-08,621.4555053710938,623.6294066277125,612.1927580456033,616.162523382007,303787
2022-11-09,621.9280395507812,624.8580725884976,616.6350580345285,617.2021425937085,256498
2022-11-10,649.1492309570312,649.9999155327674,612.192737752053,614.3666389366091,533108
2022-11-11,667.48583984375,673.4404597393984,660.4914877827127,664.2722061531796,625109
2022-11-14,662.2872924804688,667.8638169615261,660.1133911509319,665.8789630713358,375821
2022-11-15,665.595458984375,671.833621016835,661.2475983864094,662.854415179371,307155
2022-11-16,660.3023071289062,668.9034743001848,655.198372971862,663.6104350357429,367391
2022-11-17,658.6010131835938,664.9337268822115,651.8902623276873,662.9488731612178,324395
2022-11-18,659.92431640625,667.2967047222869,656.1435985324694,662.3817599485368,553905
2022-11-21,660.9640502929688,664.1776838508733,652.7409766388332,657.844969303933,302141
2022-11-22,659.6408081054688,660.2078927400962,649.7164231752311,658.790123464348,281532
2022-11-23,663.4215698242188,664.4612442858347,656.899807651003,663.5160647064808,231994
2022-11-24,663.705078125,665.4063897427561,658.8846279039803,661.6256716192178,245547
2022-11-25,661.814697265625,663.9885985772237,655.1984407673466,663.7050562651332,312997
2022-11-28,660.3969116210938,662.7598603118167,652.7409232496451,656.616193715937,374156
2022-11-29,663.5160522460938,668.1474551736269,661.4366456727282,666.0680486002614,294301
2022-11-30,696.880859375,696.880859375,667.7693412449732,669.1871105469795,1688007
2022-12-01,686.1273803710938,702.2100010083035,682.4159885061783,701.2583680258193,392901
2022-12-02,680.703125,687.554894737179,673.0900604215952,680.4176466949244,366917
2022-12-05,679.9417114257812,683.7482430502782,675.7545034056093,681.7498371806425,291430
2022-12-06,679.6563720703125,680.7031452477505,674.1369117034054,678.5144007329689,347705
2022-12-07,678.3240356445312,682.7967226569474,672.9949137253159,673.3755321006469,336309
2022-12-08,684.2241821289062,686.7936030525418,677.1820741282861,678.7047219008093,279248
2022-12-09,685.4613037109375,691.646918801357,680.7983364156968,686.9839515061161,310103
2022-12-12,681.5595703125,684.509609397001,676.9917435016631,680.0369226535082,318952
2022-12-13,691.5516967773438,703.6374472153984,680.132101040549,682.8918018271005,433319
2022-12-14,692.2178344726562,694.2162404442728,683.653137880472,689.1725974010442,380723
2022-12-15,667.6656494140625,685.1757187942529,657.5783634539289,684.0337476463161,563990
2022-12-16,660.2429809570312,664.8108078592317,651.4879455126894,661.3849522033489,921702
2022-12-19,654.057373046875,668.0463902717436,653.1057400122999,661.8607755470052,336655
2022-12-20,649.8701782226562,650.5362748349735,643.3990275624288,648.0620523470515,355736
2022-12-21,658.0542602539062,658.2445984823078,649.6799009518882,653.7719114886964,352533
2022-12-22,650.9170532226562,662.1463124072505,648.3476321854253,657.863963372891,273558
2022-12-23,641.2103271484375,650.1557009076254,637.6892733035202,648.537913132061,241292
2022-12-27,656.817138671875,659.1962212821882,649.2992143900568,650.250847434182,249850
2022-12-28,653.3911743164062,661.0994362273476,652.6298795566146,658.8154938649056,196630
2022-12-29,662.8123779296875,665.1914604061042,649.2040377811977,651.5831202576144,198655
2022-12-30,647.0153198242188,662.9075449463334,643.8748843612182,662.9075449463334,272368
2023-01-02,660.5285034179688,661.3849964307491,651.9638056224626,656.0558743689971,194703
2023-01-03,668.8076782226562,676.8965589335752,657.8638984372953,658.0542366588722,316482
2023-01-04,702.3052368164062,702.3052368164062,676.5160027085464,680.3225351574157,570725
2023-01-05,693.1695556640625,699.1648324251445,687.1742208199071,693.740512276328,327709
2023-01-06,712.5828247070312,712.5828247070312,693.5501634804382,698.4986670159669,318415
2023-01-09,722.8604125976562,724.7636786214343,710.0133669371548,711.8214928929717,486846
2023-01-10,719.7200927734375,721.7185571079034,711.0602549066415,712.4877045385139,327475
2023-01-11,734.9461669921875,737.8010660415549,722.7652759981675,727.618581148864,450736
2023-01-12,736.2785034179688,749.7917043632367,731.7106763882778,731.9961546870575,462249
2023-01-13,747.3173828125,749.5061270945071,735.4219703199954,742.8446960987045,375528
2023-01-16,754.3594970703125,755.4062701459015,744.1770122679353,750.0771485342437,278890
2023-01-17,758.8321533203125,764.4467529920597,748.9351472015757,751.1238914154115,388436
2023-01-18,763.1145629882812,766.8258970186536,749.1255455923936,751.5046282079163,425156
2023-01-19,739.0382690429688,760.9258311371647,737.2302009372075,760.0693961659338,493048
2023-01-20,744.9382934570312,751.599724391517,737.5155677466464,745.1286316717731,430218
2023-01-23,749.9819946289062,752.8368938213773,739.0382143911007,748.7448832621167,244069
2023-01-24,756.35791015625,756.8337266646627,748.0786912932546,752.0755615805355,325598
2023-01-25,753.9788818359375,761.020989900101,749.0303781759638,755.1208531548659,282357
2023-01-26,762.8289794921875,765.3032601093513,756.0724085146483,758.546631048744,308282
2023-01-27,762.2581176757812,769.1098876535269,745.7948765635686,747.6029446145774,508869
2023-01-30,760.1644287109375,761.0209216440834,748.6496926452625,753.5029977115724,296812
2023-01-31,761.306396484375,763.7806190397218,754.2642890836671,758.8321739290283,334681
2023-02-01,757.0240478515625,763.3048023880652,753.8836705833112,761.306396330924,292831
2023-02-02,769.96630859375,773.4873626374564,756.8337835904015,759.6886828556109,403666
2023-02-03,789.284423828125,790.3311968821588,765.5887391832592,767.9678216543073,505251
2023-02-06,774.819580078125,785.7633592936832,768.3484874629303,780.5293779297206,289604
2023-02-07,768.3484497070312,774.6292038019292,761.9724974694442,773.2968944687983,340198
2023-02-08,761.4015502929688,778.5309445230293,759.8789607057467,774.9147506910749,319321
2023-02-09,770.0614013671875,774.4388897415396,767.8726571800114,768.6339519299336,275408
2023-02-10,759.0224609375,768.9194674146789,752.5513681253764,765.7790901173466,395687
2023-02-13,771.1082153320312,773.5824960044898,759.4031409416498,761.7822234633968,244265
2023-02-14,771.298583984375,778.0551553795104,765.5887857068843,772.0598788047595,263811
2023-02-15,782.8133544921875,789.8554625724486,768.5388581806371,770.1566460458944,378844
2023-02-16,783.4794311523438,789.0940890416343,778.530927974454,782.0519816635141,314812
2023-02-17,778.8164672851562,783.7649123986989,765.6838854717846,774.8195970846983,439757
2023-02-20,774.2485961914062,780.8148872147398,770.9178806457004,780.8148872147398,168536
2023-02-21,769.7759399414062,773.0114572201451,759.8789337266426,769.4904035812541,264826
2023-02-22,770.346923828125,772.8211464280696,755.5014720623179,762.6387196580079,289482
2023-02-23,769.87109375,774.9147370120945,767.5871513264141,770.5372484638016,273432
2023-02-24,739.7042846679688,773.3921145247307,739.7042846679688,772.1550032992367,839007
2023-02-27,756.35791015625,761.4967516803354,749.5061408184928,750.1722955468846,312317
2023-02-28,750.8385009765625,757.30959431133,749.3159112800549,751.7901340576481,440118
2023-03-01,753.8836669921875,771.2985391086879,752.6465557206564,764.4467699577343,379198
2023-03-02,765.3984985351562,766.9211463605615,743.130318617438,747.3174694503823,350482
2023-03-03,775.6760864257812,777.5793525518002,765.4936591180382,769.4904715162198,302048
2023-03-06,785.0972290039062,790.5215487481834,781.1003587669089,786.0488620087594,333821
2023-03-07,776.6276245117188,786.4294903284629,776.247006182906,777.1986391295363,307546
2023-03-08,771.2034301757812,778.7212962573877,765.4936319999972,766.0645885843473,306714
2023-03-09,766.2549438476562,771.7744039237145,763.7806630666149,769.8711378227929,305905
2023-03-10,763.7805786132812,768.2532650725042,747.0318620103518,751.7900267365324,424800
2023-03-13,743.8915405273438,766.8258729890737,737.9914042091224,764.8274668878862,656071
2023-03-14,761.7822265625,765.588758612781,744.4624941171072,747.317393154818,471562
2023-03-15,737.2301025390625,761.6870824488311,730.4734733358591,759.0224635613315,658997
2023-03-16,762.9241333007812,770.1565203517011,739.13330999767,747.3173299807144,600374
2023-03-17,749.2206420898438,768.919456617322,746.5560813320409,766.0645576447329,932225
2023-03-20,765.5887451171875,771.2985430919583,742.9398914338769,751.9804048939308,447024
2023-03-21,767.6824340820312,776.1519338298585,764.4468583058703,771.4889664854795,294749
2023-03-22,775.4857788085938,777.2938467144186,763.5903659423623,765.7791102931347,256456
2023-03-23,781.1004028320312,781.2907410603535,769.9662844305128,772.5357053051821,277171
2023-03-24,774.0582885742188,780.9099995585333,770.5372349342937,778.4357770456494,375369
2023-03-27,777.484130859375,782.0519574656809,773.7727390700265,779.7680732040612,307155
2023-03-28,774.819580078125,790.807002445979,774.0582853145257,784.4310498950839,331452
2023-03-29,782.2423095703125,789.8553734104129,780.8148601002937,781.1955365255258,399785
2023-03-30,787.0004272460938,794.8038288305638,781.8615862291572,787.0004272460938,335213
2023-03-31,803.5589599609375,807.1751538862054,788.1424931394572,788.8086478822077,482929
2023-04-03,803.2733764648438,804.3202075943525,799.2765644089286,800.2281973904451,263789
2023-04-04,809.8396606445312,810.7912936182616,799.7523743562165,805.0814957758795,298342
2023-04-05,803.7492065429688,813.8365511674106,801.4653221985608,808.8880479632569,337453
2023-04-06,788.9989013671875,802.0362851548612,786.7150170045805,800.894313932023,369459
2023-04-11,800.0379028320312,806.98481235955,791.1877272376267,796.5168489916784,386327
2023-04-12,796.1361083984375,805.842776174079,791.7586200305336,805.0814814252782,355214
2023-04-13,841.1485595703125,841.7195162237227,820.0222921479688,824.1143030522826,567492
2023-04-14,849.617919921875,851.616384046168,843.7177837806886,847.7146539462063,390098
2023-04-17,831.3466186523438,851.4261110843595,827.825622793966,850.2841397948253,411960
2023-04-18,835.0579833984375,844.1936372485426,827.5400592320494,828.2062139693234,337609
2023-04-19,842.1952514648438,846.4776002011057,833.1547374660686,834.5821870448226,234283
2023-04-20,853.1389770507812,853.6147935466266,837.9128491837288,837.9128491837288,372465
2023-04-21,857.5164794921875,857.5164794921875,845.8114051210946,847.2388546317906,409312
2023-04-24,858.373046875,860.8472696748911,848.4760395092869,848.9518560541179,319706
2023-04-25,853.0021362304688,857.3179778176847,847.9189870867583,853.5775583604917,287091
2023-04-26,839.5751342773438,847.6313373674573,830.2720855863626,847.6313373674573,426044
2023-04-27,841.2055053710938,853.9612625337239,836.4101255467519,838.7119312773765,301676
2023-04-28,835.3551635742188,845.2336342832978,826.6275957279361,842.1645794949578,460819
2023-05-02,833.1492309570312,841.6849711901214,829.7924653677904,838.3282056008806,351365
2023-05-03,843.2195434570312,850.2207858234606,834.3960334646482,834.3960334646482,256993
2023-05-04,837.9447021484375,843.6032153533712,834.4919934703574,841.3014681053373,323073
2023-05-05,841.0137329101562,844.5622671329978,832.8615872484966,843.4114228106444,320258
2023-05-08,848.3026733398438,850.8921900987751,841.8768528009696,843.9868315874081,211356
2023-05-09,844.3704833984375,850.3167074135117,838.0405470539795,848.8780934994099,270905
2023-05-10,836.6019287109375,844.6581900021981,833.5328740029644,842.0686732630537,272477
2023-05-11,851.2758178710938,853.8653347289386,837.6569857619697,837.7528699451908,280895
2023-05-12,849.1658935546875,865.9497231542421,843.2196107890892,857.893461531515,341785
2023-05-15,845.041748046875,857.7015615739971,841.205444465162,851.6593951402687,213429
2023-05-16,840.1505737304688,842.2605526322396,836.9856346464891,841.1096497278779,279007
2023-05-17,838.615966796875,841.5890785883456,830.9433598125938,837.8486592685703,237058
2023-05-18,836.7937622070312,843.9868317962034,832.8615742465572,840.1505280153116,270438
2023-05-19,838.5201416015625,845.617327471596,838.5201416015625,839.5751603321643,322885
2023-05-22,842.260498046875,846.096801787888,841.1095952171012,843.1236312661932,259639
2023-05-23,800.0610961914062,838.9036686219978,799.8692693114405,837.0814010683406,548567
2023-05-24,783.6609497070312,791.2376732659733,780.2082996386295,791.2376732659733,580209
2023-05-25,789.7031860351562,792.6762981608064,778.8655806218296,786.2504773817359,451526
2023-05-26,808.9805908203125,812.6250678444569,792.6762991262457,794.0190289159922,402885
2023-05-29,805.623779296875,816.4613255728036,805.048357155174,814.2554626464844,170807
2023-05-30,801.7874755859375,813.9677515756339,800.8283996582031,807.2542200814933,350267
2023-05-31,780.5919799804688,794.5944661684966,774.5497543493047,784.8118792589515,859625
2023-06-01,772.8234252929688,788.9358903062816,767.644450040843,786.250489226955,437556
2023-06-02,796.896240234375,801.7875042255954,781.4550821238876,782.6059849857486,407227
2023-06-05,780.687744140625,796.8002067593999,780.2082062142487,794.018921908824,304374
2023-06-06,779.057373046875,785.0036555723641,776.1801452317044,781.9346008620455,337035
2023-06-07,779.4410400390625,784.0445929138388,773.9742953901747,777.0433501524758,252880
2023-06-08,784.5241088867188,788.1685857046396,771.7684107553214,773.207024646923,185796
2023-06-09,786.4422607421875,789.6071995962411,780.783689353615,787.1136255990714,236130
2023-06-12,800.6365966796875,805.0483812014522,794.0190077030667,795.5535058183365,262387
2023-06-13,807.4459838867188,815.3103590497979,800.3487991610657,809.9395576890593,292795
2023-06-14,815.2145385742188,818.4754201434553,810.4191589355469,810.8028127215803,277579
2023-06-15,809.17236328125,816.8449706210512,804.2810409797177,814.3513381132067,243104
2023-06-16,833.0533447265625,836.6978801575684,810.8987137504496,813.7759415934435,1017309
2023-06-19,818.4754028320312,829.8883710082672,817.3245000356227,828.0661619065226,240093
2023-06-20,811.3782348632812,819.5303802490234,809.2682561147958,814.4472895395011,254296
2023-06-21,803.9933471679688,812.3373195365581,799.5816212678341,807.9255936364234,292774
2023-06-22,804.8565673828125,805.4319895510524,790.1827167191761,798.8144004668859,254059
2023-06-23,796.12890625,803.8015136916571,791.2376424208834,802.2670156182653,333101
2023-06-26,800.8284301757812,804.9524451147252,793.0599382800345,802.8424662858337,228317
2023-06-27,805.2401733398438,813.5841461142112,799.1021221601702,804.6647511639643,225272
2023-06-28,814.9268188476562,815.9817789420192,806.6787308343379,809.1723633423708,233766
2023-06-29,820.0099487304688,829.504824183341,813.2964169864766,815.2145689133315,225721
2023-06-30,827.6824951171875,829.3129358416895,815.9817575227776,820.1057721525085,457169
2023-07-03,819.9140625,827.5866701882449,813.0087038731094,827.2030163888921,213569
2023-07-04,821.6403198242188,828.0661399411455,818.8589763514553,821.6403198242188,109863
2023-07-05,812.81689453125,819.9140802111247,810.5150887601144,814.1596243206379,299439
2023-07-06,782.60595703125,804.1851654052734,781.0714589618146,803.7056274414062,444684
2023-07-07,791.621337890625,798.4307539387048,781.2632704691058,786.4423041798655,380704
2023-07-10,796.896240234375,799.1979874207459,786.1545777525905,788.264556576444,219972
2023-07-11,814.543212890625,818.0918057013722,802.7465901196348,805.6238180412106,295807
2023-07-12,831.2310791015625,832.2860391574137,813.775886331935,817.8040167460562,323888
2023-07-13,841.3973388671875,848.3026975758405,834.2042690742888,838.5201109500281,324073
2023-07-14,855.783447265625,856.1671010555389,835.54696840069,836.6978712330817,301762
2023-07-17,823.8462524414062,833.9165500556493,813.3923010269182,830.1761303839899,358674
2023-07-18,824.1339721679688,833.8206746209303,816.173653296868,825.1889908610339,226764
2023-07-19,815.59814453125,835.6427951230135,811.4740714539603,834.4918923697546,295475
2023-07-20,819.0508422851562,819.8180913198739,806.0074330829084,810.8986968994141,324118
2023-07-21,832.382080078125,832.382080078125,817.1327483316425,821.0649364990483,280046
2023-07-24,822.5034790039062,829.984317950001,812.3372977480902,825.7643605207859,205344
2023-07-25,819.0508422851562,834.3960571289062,818.3794774282724,829.0252553485334,262867
2023-07-26,776.8515014648438,792.5803700946271,771.5765838623047,787.4013366699219,751898
2023-07-27,805.9115600585938,807.7338278938086,783.4692165313264,786.442328749462,486260
2023-07-28,806.7747192382812,810.4191962238887,790.3744849970199,803.7056644208506,372986
2023-07-31,813.3922729492188,817.1326924917616,803.7056294695965,806.3910303665597,344979
2023-08-01,795.0739135742188,811.6659147796976,794.4025487431041,810.4191278289685,273202
2023-08-02,780.208251953125,794.7862174770513,777.4269084021514,779.7287139986363,416321
2023-08-03,778.00244140625,784.140492514204,771.0970826896188,772.0561586631134,312193
2023-08-04,782.60595703125,784.9077626727521,774.2619847524911,782.60595703125,251650
2023-08-07,783.9486694335938,789.3194710953668,777.3310222634201,782.3182286849794,154744
2023-08-08,774.1661376953125,784.140492699603,770.8093717872879,780.8796695113616,289837
2023-08-09,773.9743041992188,787.0177139157644,773.4947662164435,784.5241398202737,247800
2023-08-10,800.5406494140625,805.0483177613077,780.1123448604194,781.8386697383963,360999
2023-08-11,786.825927734375,797.759358371645,783.3732192141713,792.1008454254487,225266
2023-08-14,782.7977905273438,789.4153793621223,778.1942377428566,783.8527506418108,219533
2023-08-15,771.19287109375,783.0854351030265,768.2197593601031,782.7017813463358,270647
2023-08-16,770.0421142578125,777.4269523444717,768.6993844944102,769.946171539083,224335
2023-08-17,752.9705200195312,770.4257143668021,748.4629097940795,767.2607753758471,421390
2023-08-18,745.1061401367188,751.9155560688301,733.0217478632018,751.9155560688301,490088
2023-08-21,751.8196411132812,759.8758437618453,743.0920150723173,745.393820707535,283048
2023-08-22,757.86181640625,765.0548859269294,753.7378015885304,756.4232025021141,286404
2023-08-23,758.0536499023438,763.9998739280076,753.6418654354978,760.3553970465958,218009
2023-08-24,751.6278076171875,770.8093259509815,750.4769048096902,766.2057732583406,228144
2023-08-25,753.1622924804688,761.2185534545299,747.3119529060451,748.0792019184921,215140
2023-08-28,765.8221435546875,768.5075444983798,754.8886543457294,762.7530888173177,241609
2023-08-29,776.8515014648438,776.8515014648438,762.6571894418448,770.1379699707031,265269
2023-08-30,771.0970458984375,781.6468811035156,763.8080922625959,781.6468811035156,280091
2023-08-31,750.189208984375,772.056128621719,750.189208984375,772.056128621719,593584
2023-09-01,744.0510864257812,757.8618030775328,740.4066096402033,749.5178308728224,404239
2023-09-04,740.9820556640625,754.2173506058898,740.310749328844,749.0383170601878,172252
2023-09-05,728.0344848632812,737.2416485319558,724.1981813023368,735.6112078110851,389606
2023-09-06,701.5640258789062,726.4999994576507,693.9873027996563,726.3081725688062,699773
2023-09-07,694.4668579101562,707.7021525818894,692.5487060490179,701.3722163177237,504991
2023-09-08,709.7161865234375,714.3197392690927,693.4118957519531,701.3722142446786,489542
2023-09-11,711.826171875,716.4297246633589,707.7980412336799,712.3057098433155,301258
2023-09-12,704.345458984375,718.3479455902849,701.2764039846624,718.3479455902849,259306
2023-09-13,699.7418212890625,706.9348912387336,696.864593309194,701.084551094609,367484
2023-09-14,712.2097778320312,718.1560604359884,690.8223958311692,692.452836655418,551528
2023-09-15,730.048583984375,740.7902457306009,726.4041072858379,728.3222590784729,1180906
2023-09-18,712.1139526367188,725.0614790482954,710.291684763851,725.0614790482954,330109
2023-09-19,706.6471557617188,715.0870125039348,701.0845269000775,707.9898855209275,279403
2023-09-20,706.5512084960938,710.0998009394364,698.4949477348483,701.3721753585294,332191
2023-09-21,699.4540405273438,707.7980125453066,693.6037009659597,696.5768128340701,380318
2023-09-22,702.3313598632812,706.6472019663379,693.795618381871,698.3991715843272,349467
2023-09-25,684.10888671875,702.7149841971546,679.9848717008135,698.3991422752173,470987
2023-09-26,674.2303466796875,676.9157474483251,668.2840644894102,676.1484984483352,515396
2023-09-27,670.1063842773438,679.0257789887942,668.7636545197702,675.1894751526993,354047
2023-09-28,677.1076049804688,679.313467906788,664.9273289907724,666.5577697753906,377885
2023-09-29,687.08203125,702.6190147480482,687.08203125,692.452833133603,546642
2023-10-02,685.6433715820312,700.0295098146602,680.3684542300673,691.4937110483618,308586
2023-10-03,676.4362182617188,689.2878586929445,676.2443913749017,679.9848107871181,319819
2023-10-04,683.341552734375,692.3568892660894,672.1203534241099,673.654909928096,323333
2023-10-05,691.1100463867188,693.6995629352432,684.1088042646678,686.3146670514311,330234
2023-10-06,699.8377075195312,701.3722055699876,686.5065288739661,696.2891149233338,392760
2023-10-09,681.6152954101562,695.2341857282612,678.73806753467,695.2341857282612,370296
2023-10-10,703.4822387695312,704.4413147596738,688.4247340168232,693.4119408730348,499891
2023-10-11,658.02197265625,670.5859024711717,644.0194874825884,662.7214681317477,1544205
2023-10-12,647.3762817382812,662.0501324168786,645.7458408768034,661.5705944304058,628130
2023-10-13,633.5655517578125,651.8839376004765,631.3596887712207,647.3762689094885,442278
2023-10-16,639.799560546875,645.2663053207258,630.7842814896414,639.6077921814451,381824
2023-10-17,641.04638671875,644.882690508719,628.4824566841916,641.5259246924961,319434
2023-10-18,640.3750610351562,650.0617052826524,638.6487359314996,644.1154223368535,350645
2023-10-19,643.1563110351562,648.6230556778569,633.4696673192495,634.9082812495734,364426
2023-10-20,636.826416015625,642.9645253680646,632.3187474478036,633.5655344463885,427190
2023-10-23,642.0054321289062,642.389027367247,628.1947157269922,637.7854747457249,294529
2023-10-24,653.1307373046875,655.5284272360557,642.5809016066676,648.9107796105388,389751
2023-10-25,651.3084716796875,652.3634903753634,641.6218277401065,649.2944355456683,367371
2023-10-26,641.04638671875,646.5130727895755,637.6896209025272,646.4171886097664,314944
2023-10-27,634.3328857421875,643.9236456806098,633.0860401203101,639.2241498958416,331043
2023-10-30,643.5399780273438,649.1026069645211,636.2510240458496,641.4299991788001,238715
2023-10-31,646.896728515625,655.4325278887402,642.1013487638413,644.4990386397332,349214
2023-11-01,647.6640014648438,651.8839592170544,640.6627584763896,650.7330563266921,244374
2023-11-02,672.4081420898438,678.3544248372937,655.5284283590362,658.02200247699,434576
2023-11-03,674.03857421875,682.3825467935483,671.6408843143454,677.1076290038582,323785
2023-11-06,668.6677856445312,679.6971594257651,664.7355390001147,679.0257945316108,273395
2023-11-07,668.9555053710938,671.2573111701076,663.009222504769,666.5578153876849,255096
2023-11-08,674.7099609375,681.1357817967563,656.2956901681957,669.3391587927397,327672
2023-11-09,685.163818359375,688.8082949228871,673.5589653214757,676.1484818530628,351238
2023-11-10,658.9810180664062,676.0526156725431,652.8429675164513,673.2712721873149,518915
2023-11-13,660.32373046875,664.7354560155495,655.04881323189,664.6395718443628,286839
2023-11-14,677.9707641601562,681.4234139191925,657.3506327044734,660.3237445226798,458565
2023-11-15,689.5756225585938,696.8645765170123,683.245744570354,683.8211667375207,419937
2023-11-16,677.2035522460938,683.4375463571216,670.5859628506462,683.1498352594681,427139
2023-11-17,682.4784545898438,686.2188743850811,676.1485764381302,678.3544395190393,398176
2023-11-20,688.328857421875,691.3019696091555,682.9579966954492,683.6293616034216,277032
2023-11-21,675.285400390625,681.9030483251782,673.9427290887687,679.3135313709029,321471
2023-11-22,683.1497802734375,684.8761052577626,674.1345015609176,677.8748626040637,253674
2023-11-23,682.4784545898438,685.4516252965935,678.0667284280256,685.4516252965935,150123
2023-11-24,677.9707641601562,681.9988360332497,675.8607855130357,681.6152408029936,231022
2023-11-27,668.7636108398438,681.1357133181131,667.9004776555081,679.1216188133021,294670
2023-11-28,656.4874877929688,658.8851776680343,648.527169115221,655.0488738679294,478189
2023-11-29,662.2418823242188,668.3799912523718,654.5692754326999,656.5833113267856,292643
2023-11-30,673.942626953125,674.3262221795126,654.2815715773801,664.9272903415037,1013823
2023-12-01,670.5858764648438,676.2443891142726,660.9951175295266,661.7623665368826,384902
2023-12-04,675.4193115234375,680.4460592025914,669.1358916748609,672.4225681947768,246110
2023-12-05,689.4361572265625,691.176169349107,674.4526178910224,675.4192978481541,386508
2023-12-06,694.6561889648438,696.5895488662226,685.6660772237244,688.759464866223,351158
2023-12-07,691.7561645507812,692.8195479211485,686.8261202928255,690.7894845785183,279958
2023-12-08,714.47314453125,720.6599199597933,692.5295563426321,692.5295563426321,572988
2023-12-11,715.3432006835938,720.0799562887063,711.6698284803764,714.4731650821764,368183
2023-12-12,709.1563720703125,721.8199145367405,708.5763877136958,717.5664992500168,322591
2023-12-13,710.0264282226562,717.4698756898165,696.009568849983,696.009568849983,408010
2023-12-14,721.9165649414062,729.6500044351577,716.5031808963646,725.009952539199,477648
2023-12-15,723.4633178710938,730.1333743067556,720.7565667362546,724.8166344370499,822557
2023-12-18,717.0831909179688,718.5332108749348,709.5430989420381,717.7598786981789,272780
2023-12-19,720.659912109375,721.7232364676368,707.0297482374688,716.5998444662127,311605
2023-12-20,722.0133056640625,726.9433499956281,715.9231745467044,722.4966456574107,272127
2023-12-21,718.6299438476562,719.4999204567613,710.9931481594297,716.3098882204451,246163
2023-12-22,713.119873046875,717.4699332008802,708.9631607000078,710.7998173641521,290012
2023-12-27,710.896484375,718.8232130486591,709.253116600657,713.8931687270942,185900
2023-12-28,706.64306640625,715.0531940447567,704.3230108502952,712.3465018971185,162422
2023-12-29,709.1563720703125,713.6997795353445,707.8030555710535,708.5763877136958,139158
2024-01-02,698.9096069335938,715.8265061332312,694.7528949305467,715.3431661560987,271775
2024-01-03,672.2293090820312,696.3963095666963,669.7159056307465,694.0762539195821,422816
2024-01-04,674.54931640625,677.6427043175507,670.295959654495,670.3926040573772,307568
2024-01-05,665.9458618164062,670.9725505111887,657.9223707813098,667.6858739800974,346418
2024-01-08,668.265869140625,668.265869140625,656.4723613943185,664.5924969577333,337785
2024-01-09,658.0191040039062,672.3259565559172,657.1490683818959,668.2658886556457,316477
2024-01-10,660.242431640625,665.5591715733094,658.1157238672585,661.1124672301954,330019
2024-01-11,649.8023071289062,667.0091993108349,649.6089593288131,665.9458749125195,401115
2024-01-12,647.5789184570312,647.5789184570312,626.0219084923172,638.0087634053662,518369
2024-01-15,646.9022827148438,649.4156271722038,643.7122504415895,647.2889193228789,237797
2024-01-16,644.098876953125,644.7755647584119,639.0721291157348,642.0688725387296,302654
2024-01-17,625.8286743164062,636.7521468427869,622.5419386175283,634.5287945765891,512431
2024-01-18,641.2955322265625,651.2523243738842,633.9487288643371,647.6755965924094,625730
2024-01-19,637.4288330078125,646.8055820627055,631.7253972514743,645.9356054398268,341063
2024-01-22,640.8121948242188,647.9655914146732,637.0421192282004,644.7755592188311,307905
2024-01-23,648.062255859375,649.318927982019,642.3588206085417,647.6755602825025,346518
2024-01-24,660.629150390625,666.429230520476,647.1922744892169,647.2889188907945,525671
2024-01-25,662.4657592773438,666.0424868998851,654.4423274763749,662.1757670920484,388550
2024-01-26,747.3402709960938,753.9137420793724,704.5163595644206,707.6097473092345,1519188
2024-01-29,750.4336547851562,753.6236869108354,742.2168749758347,743.8602427379917,489398
2024-01-30,755.9437255859375,759.6170976184156,748.5969815209812,752.1736501569828,353778
2024-01-31,747.8236083984375,755.3637594382749,744.4402284708308,754.0103838666467,460942
2024-02-01,744.923583984375,749.5636951829616,739.7035473881623,742.6035873865466,264135
2024-02-02,752.1736450195312,757.0070447664797,746.7602609035337,746.7602609035337,337368
2024-02-05,754.6870727539062,754.6870727539062,748.5002972766677,750.8203528309981,259307
2024-02-06,753.5269775390625,758.4570213989657,745.503546217386,754.4936574332755,220386
2024-02-07,757.9737548828125,763.0005026199931,754.3970861288906,757.2971260924797,324975
2024-02-08,777.6940307617188,779.1440507072036,757.1037593361261,760.0037992270959,487589
2024-02-09,780.5940551757812,784.5574193476062,771.7972912815056,782.0440750925164,362765
2024-02-12,794.5142822265625,794.5142822265625,781.850739357623,782.0440871497942,371867
2024-02-13,774.1173095703125,797.2209844955199,771.7973130390108,792.7742212246311,333391
2024-02-14,775.8572998046875,777.500667510523,757.8770764387407,765.3205238111992,208942
2024-02-15,788.4241333007812,789.3908132381297,782.9141048590642,786.2974846397836,305395
2024-02-16,788.6174926757812,802.6343519732844,788.5208482812108,790.7442003694879,387495
2024-02-19,794.5142822265625,796.1575909563626,777.2106873528239,780.6907116060576,141478
2024-02-20,792.8709716796875,797.0276840045849,786.4908480866544,789.6809393839043,199095
2024-02-21,794.2242431640625,800.4110185992313,791.6142544350182,797.5109786767703,209929
2024-02-22,812.3978271484375,812.3978271484375,794.1275530872938,798.7676048960328,392244
2024-02-23,821.7745971679688,821.7745971679688,812.011153329708,813.1711810633285,329686
2024-02-26,814.1378784179688,818.5845826569008,811.2378385226315,813.8478862287276,236443
2024-02-27,822.0646362304688,822.0646362304688,812.6878291073757,814.2344933950885,253401
2024-02-28,819.4546508789062,822.0646986890049,814.1379108589317,820.3246274812957,183244
2024-02-29,814.7178344726562,830.2814167707734,812.0111424647325,829.411381231834,534253
2024-03-01,818.1979370117188,821.8713090381776,809.5944618169005,810.0778017941047,233276
2024-03-04,811.8178100585938,814.9111976983103,805.1477538057125,814.3312133290029,190896
2024-03-05,801.474365234375,810.1744852434387,797.8976964318208,809.1111608429168,190990
2024-03-06,804.8577270507812,810.2711703349739,795.5776228513989,798.8643583811396,212634
2024-03-07,811.8178100585938,815.5878854634767,793.4508910120127,799.6376662914457,277910
2024-03-08,816.7479248046875,822.1613089999871,810.3678016443744,812.0111693827033,228912
2024-03-11,822.0646362304688,822.0646362304688,810.0777814955824,810.8511136394387,203515
2024-03-12,830.3781127929688,830.3781127929688,809.5944929733544,823.0313684573188,297304
2024-03-13,838.3048706054688,840.6248671016536,823.2246278736865,824.8679956010648,302204
2024-03-14,843.7183227539062,856.8652066308831,843.0416349291079,844.008314964115,321508
2024-03-15,833.5681762695312,844.6849965905367,832.118156227661,838.3049320068941,800577
2024-03-18,829.508056640625,836.1781720180012,826.4147279453125,834.1481676865195,159251
2024-03-19,831.5381469726562,831.5381469726562,816.4579035867869,823.6113591802529,234362
2024-03-20,818.0045776367188,823.2246139157247,801.2810264625722,806.2110705596546,366591
2024-03-21,819.64794921875,829.31474867173,812.6878418123122,827.5746775690243,312507
2024-03-22,800.9910278320312,811.721211278894,794.9009556062254,810.9478790758728,368170
2024-03-25,797.9943237304688,799.2509959045548,785.7174761804765,797.7043315366741,307087
2024-03-26,794.4175415039062,807.1777281686608,790.5508218480085,807.1777281686608,362907
2024-03-27,802.6343383789062,802.6343383789062,789.3908114666606,794.5142623242784,290229
2024-03-28,805.9210815429688,814.9111932266718,803.794373864742,803.794373864742,456534
2024-04-02,794.4175415039062,815.00781187127,791.3241539788961,805.3410127315256,383110
2024-04-03,788.8108520507812,798.9609916911406,788.8108520507812,792.774216309765,360199
2024-04-04,792.0975952148438,794.7075839465001,783.3974754387535,788.8108596988466,218756
2024-04-05,773.150634765625,780.5940823980727,771.1206304119863,776.3406668933987,419609
2024-04-08,780.4007568359375,781.2707924416922,767.447280159862,769.1872923699061,245195
2024-04-09,768.7039184570312,777.5006825206518,765.6105307748203,776.3406547646399,244279
2024-04-10,766.5772094726562,777.1140446536347,756.3304254812991,776.4373568802894,262823
2024-04-11,764.1605834960938,771.6040317200685,758.7471987885493,762.5172156022601,231588
2024-04-12,755.17041015625,774.9873496932407,749.4669746889209,770.6372897948769,285370
2024-04-15,768.3172607421875,777.9840608496671,755.9437684049067,760.0038362503412,344661
2024-04-16,755.7504272460938,768.5106153004318,754.1070594130827,757.2971506777667,345405
2024-04-17,777.210693359375,796.1575971093419,768.4139292614897,779.4340454828717,504860
2024-04-18,770.2506103515625,781.850770323729,766.1905425610113,777.3073625343375,300881
2024-04-19,770.0572509765625,772.473950934437,758.8437867726101,764.0638822822046,348245
2024-04-22,770.2506103515625,778.8540859315052,766.0938981618291,775.2773581397943,195796
2024-04-23,780.302001953125,780.302001953125,774.3492464417404,775.8130446391727,230251
2024-04-24,780.8875122070312,791.2316617177619,773.3733366451884,775.3250674632204,242086
2024-04-25,759.2233276367188,786.2548127824772,751.611588963578,785.3765100439182,312597
2024-04-26,773.0806274414062,778.4478874583331,765.078518776477,769.9578460645923,230329
2024-04-29,760.3943481445312,775.8130098877422,756.7836341735144,775.3250771771209,228207
2024-04-30,755.710205078125,762.7363884524955,753.3681042452693,761.0774648881626,316018
2024-05-02,748.4888305664062,761.6630146767667,746.5370995870936,761.1750819319385,233167
2024-05-03,763.1267700195312,772.3974916502033,751.904317519244,754.343981106263,232682
2024-05-06,762.8340454101562,768.006120458895,758.1499030936022,765.7616418032651,131557
2024-05-07,770.3482055664062,771.7143814511861,759.0281306751025,768.7867851182438,215579
2024-05-08,768.8843994140625,776.4961378882348,767.0302312642837,770.9336930009976,204110
2024-05-09,769.9578857421875,769.9578857421875,759.3209278811104,766.0544237105414,150180
2024-05-10,769.3723754882812,777.1792994016596,768.006139978599,775.9106266160535,303924
2024-05-13,763.7122802734375,773.9588675377257,763.2243475465666,773.4709348108548,167046
2024-05-14,772.7879028320312,772.7879028320312,761.2726424379563,764.6881716418017,196008
2024-05-15,769.9578857421875,771.6168690180579,754.4416003415529,771.6168690180579,288308
2024-05-16,767.0302734375,769.5674998810273,763.7123069540235,766.6399034175254,199466
2024-05-17,764.2978515625,771.5192203367438,760.3943896643893,763.1268010806465,337814
2024-05-20,760.2967529296875,766.8350633971779,758.9305770285749,764.5905847608426,139035
2024-05-21,749.5621948242188,760.0039665850238,749.1718843989208,758.9305384628325,289755
2024-05-22,733.7532348632812,748.4887789153942,731.5086967422786,746.7322330676474,384139
2024-05-23,734.6314697265625,737.5590659605117,731.6063107763208,733.6556043152461,233402
2024-05-24,731.8991088867188,739.5108477067203,728.6787647200375,729.9473779296875,250821
2024-05-27,737.949462890625,737.949462890625,730.4352870367449,732.191832928822,137570
2024-05-28,727.41015625,740.3891552864052,725.3608029945029,738.1446765836151,260605
2024-05-29,706.7218017578125,726.1414893261615,706.7218017578125,724.8728760980146,531558
2024-05-30,716.6756591796875,717.0659696490452,706.233886240174,706.6241967095317,293903
2024-05-31,717.16357421875,720.969413902003,714.0407927305225,716.4804564616217,556189
2024-06-03,720.188720703125,727.0197790295774,717.1635615548225,724.5801153415587,220908
2024-06-04,717.2611083984375,726.531830207669,717.2611083984375,722.1404356664541,239063
2024-06-05,734.4363403320312,736.7784413213374,717.5538793505985,723.79944228068,282633
2024-06-06,744.2926025390625,748.8791821398861,738.2422247398123,739.8035856599603,348718
2024-06-07,744.097412109375,749.0743021229056,735.1194379787171,747.7081262182603,334398
2024-06-10,728.2883911132812,734.9242644220518,720.2862823164837,732.4846007377905,349551
2024-06-11,718.8224487304688,732.9724974028173,713.5528111690603,731.7038842618541,436146
2024-06-12,717.6514892578125,725.8487234547874,714.5287078466358,719.6032201945353,356415
2024-06-13,713.8455810546875,722.5308074378144,710.4300519587321,718.1394128858717,317043
2024-06-14,694.230712890625,712.0890389173444,690.5223764885546,708.4783247986501,617570
2024-06-17,700.0858764648438,700.0858764648438,684.0816597444147,696.5727252139186,349463
2024-06-18,692.9620361328125,709.161438431539,690.815179780371,706.233842065009,322705
2024-06-19,689.9368896484375,694.2307215559558,686.3261754846745,689.9368896484375,302306
2024-06-20,696.3775634765625,698.5244793857078,689.1561948612017,690.619993040787,375045
2024-06-21,699.98828125,702.1351971704465,693.2548453257232,695.4993239671487,902570
2024-06-24,708.9662475585938,712.5769616265084,699.4027780861903,700.6713912554305,262912
2024-06-25,719.0177001953125,719.9935657112025,703.6965996834191,704.672465199309,315702
2024-06-26,709.4541625976562,723.896958947197,702.9158523504301,720.7741776808399,314903
2024-06-27,698.2317504882812,717.8466227987506,697.3534477320086,709.0638334844326,288905
2024-06-28,696.3775634765625,700.4762102918215,692.2789762234038,697.1583034886883,397918
2024-07-01,694.816162109375,714.7238400171228,694.2306666964812,712.5769242330172,302616
2024-07-02,692.4740600585938,697.4510093074153,686.1309349948363,694.7185981154469,270194
2024-07-03,697.5486450195312,708.0879804698206,695.2066035650798,696.7679645347141,323582
2024-07-04,702.4279174804688,704.8675810307358,700.0858762094715,702.4279174804688,177633
2024-07-05,699.1100463867188,708.47833107192,695.4017099518127,706.4290374101889,172452
2024-07-08,678.9096069335938,701.9400077781509,678.9096069335938,693.8403364381982,475097
2024-07-09,670.322021484375,681.4468522099448,669.053348711739,680.1782389994108,472423
2024-07-10,680.763671875,683.203335348695,668.8581617730458,671.8833206555889,328745
2024-07-11,692.864501953125,695.3041656923966,685.057577987456,688.2779222108738,304957
2024-07-12,707.3073120117188,711.3083963528567,696.5727913671747,696.9631613972725,319569
2024-07-15,688.5706787109375,703.696594086936,683.8865361843393,701.3545526046888,268855
2024-07-16,675.396484375,686.7165598393505,675.2989216504697,685.1551393121455,301037
2024-07-17,673.5423583984375,680.2757943950994,668.467846048858,676.665139810648,411556
2024-07-18,673.6399536132812,682.8131132862203,673.6399536132812,681.7396254816272,297447
2024-07-19,663.3933715820312,676.957926196183,661.6368255505128,673.3472118434422,531464
2024-07-22,675.396484375,679.2023836253279,668.2726781833044,668.7606109301616,300825
2024-07-23,674.9085083007812,685.4479026059792,670.1268034258146,674.7133828642473,278780
2024-07-24,643.4857177734375,656.4647166731438,630.8970293263085,645.2422637152899,884635
2024-07-25,636.8497314453125,642.7049238014586,633.2390771420331,641.1435629979916,454726
2024-07-26,647.0963745117188,650.2191559531348,634.5077455852164,634.8980560390796,354343
2024-07-29,638.8991088867188,650.3167463293039,635.0932098851573,649.5360063356818,285420
2024-07-30,636.6546630859375,645.9253851475262,635.0932425804087,640.7532504529582,373851
2024-07-31,637.2401733398438,645.4374673883524,634.4101395568316,645.047097362384,521957
2024-08-01,626.5056762695312,633.3367350450558,624.0660124211297,632.0681217563081,501010
2024-08-02,615.283203125,625.2370432243756,612.1604215852993,622.114261684675,523366
2024-08-05,609.2328491210938,611.3797652370608,596.7417820310658,606.0125047281961,724542
2024-08-06,606.8908081054688,610.5990852753218,600.3524970216691,608.9401019313568,421207
2024-08-07,616.1614990234375,619.6745909900358,606.1100367482474,612.258037032949,365579
2024-08-08,618.015625,618.6987427798435,606.3052387013279,612.3556168680628,282647
2024-08-09,620.6504516601562,626.7983923349353,617.1373597208832,619.8697711805514,256475
2024-08-12,619.7721557617188,626.0177187919671,618.8939125482204,624.5539205406998,260891
2024-08-13,618.8939208984375,625.0418617242884,610.5014417406771,623.5780634532713,247798
2024-08-14,628.6525268554688,630.5066354497703,622.8948969484122,626.115240980283,385129
2024-08-15,640.167724609375,643.4856909093243,625.6273058200845,628.7500871208427,317095
2024-08-16,642.217041015625,646.0229401677377,638.6063864317401,642.9001587560172,293393
2024-08-19,658.2212524414062,659.9777983561091,644.1687659995811,644.949506016872,372040
2024-08-20,661.4415893554688,663.5885052554801,658.6116152909041,659.5874807398092,282425
2024-08-21,662.41748046875,665.0523291952971,658.7092035316589,658.7092035316589,233343
2024-08-22,661.6367797851562,669.0533334328339,661.6367797851562,664.4668134350362,201641
2024-08-23,664.6619262695312,664.9547335507309,657.1478100435294,661.6367672353305,263102
2024-08-26,665.5402221679688,669.4436838815639,664.4667940215697,665.0522894537694,144375
2024-08-27,653.6347045898438,669.8341077411662,652.170906329537,667.3944439739885,293654
2024-08-28,650.12158203125,657.8308834358969,649.7312120220092,656.5622702490159,282346
2024-08-29,661.0513305664062,661.2464560217538,650.9023052799282,651.6829857876331,267209
2024-08-30,658.0260620117188,671.3954306092355,658.0260620117188,662.3198938230133,410037
2024-09-02,656.95263671875,657.1478217223188,646.2181167055746,654.7081580829607,212577
2024-09-03,654.7081298828125,665.0522794432983,653.8298271856344,661.1488177884587,250244
2024-09-04,627.0911254882812,643.8760234389613,625.8225122931586,636.849780161688,577522
2024-09-05,604.2559204101562,625.4322133535859,602.4993744490367,625.3345910677945,745288
2024-09-06,597.2296752929688,607.1835151269387,597.2296752929688,604.0607336705027,546371
2024-09-09,601.3283081054688,605.2317699437878,593.8141321542845,597.2296612628136,402861
2024-09-10,597.6199951171875,605.8172287444878,595.8633897465329,599.1813559332169,324128
2024-09-11,592.350341796875,604.3534751959894,587.8613844482961,597.6200391731211,453877
2024-09-12,592.1551513671875,602.5969237395481,588.4468745181335,601.8162432811316,438724
2024-09-13,593.4237670898438,600.0596999199554,591.3744734324924,591.3744734324924,545500
2024-09-16,589.0324096679688,598.693502233001,588.642099193507,593.6189895681568,338885
2024-09-17,593.033447265625,597.1320940776394,588.9348004536106,593.5213799917672,519693
2024-09-18,581.5182495117188,594.7899958988966,581.5182495117188,594.2045004496772,674035
2024-09-19,599.181396484375,603.475228362198,592.6430859458223,596.2538000846142,488717
2024-09-20,577.6148071289062,592.2527894731553,577.6148071289062,591.3744867076592,1100069
2024-09-23,580.737548828125,580.737548828125,568.0512970309672,575.7606584863896,488038
2024-09-24,599.2789916992188,608.2569663910264,595.1804041670084,602.0114628034983,615136
2024-09-25,602.596923828125,605.914890229509,596.3513610356732,599.1813947052126,356730
2024-09-26,662.1246948242188,662.1246948242188,627.969404744856,630.4090683219533,1241572
2024-09-27,686.4237670898438,686.4237670898438,666.0281557838574,683.1058008039563,1037670
2024-09-30,671.8833618164062,690.7175530747293,671.005059087231,682.5203190381944,653733
2024-10-01,647.9746704101562,669.5412734167381,644.4615785520501,663.5885178899191,602354
2024-10-02,652.2684936523438,659.7826100027708,645.3398131877117,652.8539891002392,404963
2024-10-03,645.0470581054688,649.4384526008918,638.4111850025829,649.340889881389,338628
2024-10-04,645.9253540039062,653.0491597532287,640.4604718412006,642.4122027074313,468425
2024-10-07,663.3933715820312,665.4427249205568,648.267455953664,649.9264392575833,549344
2024-10-08,639.6798095703125,643.8760191394367,618.1132067109364,623.8707771925391,503394
2024-10-09,640.5581665039062,644.9495614491466,632.7512421568123,642.8026453412746,360690
2024-10-10,639.1918334960938,643.3880427806716,635.2883719174916,640.5580688734432,374144
2024-10-11,637.3377075195312,638.9966907124375,630.5066493057652,634.3125484211323,344991
2024-10-14,622.406982421875,636.4594689598134,617.0397223578445,635.8739139428403,569992
2024-10-15,610.3062744140625,623.5780206691927,606.6955603475329,622.3094075004392,638849
2024-10-16,587.8613891601562,595.7658757257802,564.8309280877133,573.7113396957437,1140718
2024-10-17,594.6924438476562,598.7910311899274,584.0554863532246,590.6913596658702,448798
2024-10-18,608.1593627929688,615.5759164178913,600.3524391616395,600.3524391616395,593408
2024-10-21,596.2537841796875,610.59901806828,594.9851710193847,605.8172535847159,343944
2024-10-22,601.1331176757812,604.7438317560591,594.5948072431863,597.6200258778408,317511
2024-10-23,598.791015625,602.8896624228329,594.4972433870656,596.546537004932,277957
2024-10-24,613.526611328125,620.2600470970979,598.4006970749941,598.4006970749941,517019
2024-10-25,611.86767578125,613.6242217897324,606.5004154673794,611.4773057517633,320113
2024-10-28,616.8445434570312,624.0659718031279,613.0387038384953,617.1373507494663,339359
2024-10-29,615.673583984375,628.945331308954,614.7952811864096,616.2590794749486,361684
2024-10-30,603.182373046875,610.794170729879,593.9116518524384,609.0375653802033,536640
2024-10-31,595.082763671875,602.4017548441974,590.6913689684816,600.1572761304391,525312
2024-11-01,596.2537841796875,599.2789432205711,593.7165578590818,595.9610364599406,263325
2024-11-04,592.0575561523438,603.8655037883635,591.6671861635093,596.2537655028741,239750
2024-11-05,588.0565185546875,596.0586274593286,584.8361743604826,595.8634424495368,310746
2024-11-06,588.54443359375,612.2580118606943,582.7868631317571,590.8865345165916,508054
2024-11-07,604.0607299804688,608.5496873477284,584.5434204495974,587.1782691486853,461210
2024-11-08,583.9579467773438,606.7931640432373,581.0303502384776,606.5004163017716,645633
2024-11-11,585.0313110351562,592.057553872435,583.1771429384794,586.495109144502,386814
2024-11-12,558.58544921875,577.0292718671351,552.047138301893,571.1740787288342,962644
2024-11-13,560.1467895507812,564.4406215185202,556.145764878831,558.0974958528755,550029
2024-11-14,570.2958374023438,573.0282489636,551.7543924023907,558.1950810512167,590102
2024-11-15,572.14990234375,577.22441460434,565.7092141882205,566.977827362843,370430
2024-11-18,574.3944091796875,575.9558297161462,568.1489057201621,575.1751492289685,288165
2024-11-19,563.3671264648438,577.2244281138952,555.4626399469582,574.1992689680628,501362
2024-11-20,561.5130615234375,571.3692797576075,561.5130615234375,568.4416831064157,301138
2024-11-21,561.0250854492188,562.2936986544044,553.2181616485664,556.4385058039152,361231
2024-11-22,568.9295654296875,570.9788590789506,556.9264321366444,565.7092213113737,412214
2024-11-25,578.2003173828125,585.616871468704,576.0534013383374,578.6882501400976,617916
2024-11-26,581.6158447265625,593.0334831210316,567.2706097982349,575.0775338885243,379593
2024-11-27,575.8582153320312,580.8351651850369,572.5403083254649,577.419635889919,386614
2024-11-28,572.3450927734375,578.5906555475532,571.8571600430254,575.3702518771524,260194
2024-11-29,578.2003173828125,578.785812866713,569.3199650250658,570.783763296921,440017
2024-12-02,597.013916015625,599.673452273569,573.4722375727627,576.3287275296695,617665
2024-12-03,600.0675048828125,610.9026040644385,596.3244826441048,600.8555000719858,495066
2024-12-04,601.052490234375,605.288016814575,597.7034356620251,600.953953264496,443542
2024-12-05,600.0675048828125,604.7955361380316,595.6349643085109,596.91546400594,408680
2024-12-06,620.94970703125,624.791206117192,599.3779855572081,599.9689669180672,544275
2024-12-09,642.8168334960938,648.9239011694914,630.4057444502992,630.4057444502992,746422
2024-12-10,626.4657592773438,635.5278546116813,625.1360211005352,632.3758136101488,481366
2024-12-11,634.1488037109375,636.1188217778371,619.1766543784647,621.5407001068163,437445
2024-12-12,636.3157958984375,645.1808766462485,627.2537013321953,642.8168310654283,469338
2024-12-13,629.4207763671875,638.8768391002186,626.6627630800685,633.262335670083,423295
2024-12-16,621.7377319335938,628.534258389013,617.9947095221797,621.442241239042,403172
2024-12-17,626.0717163085938,630.8982846105167,616.3201629698601,617.6006626866417,410131
2024-12-18,626.958251953125,630.0117559192786,621.8361929374844,627.352279615936,441362
2024-12-19,618.0931396484375,623.510689079619,614.4485943706981,615.0396358352971,465932
2024-12-20,618.6841430664062,623.2152206426163,607.8490438174662,616.3201574841999,764729
2024-12-23,619.7677001953125,620.0631908833733,614.1531366414348,616.9111499303033,264215
2024-12-24,621.3436889648438,623.7077347034253,620.457216903011,621.0481982775663,76311
2024-12-27,626.0717163085938,628.4357620320214,620.5556897808361,621.146671151603,254536
2024-12-30,619.8661499023438,626.564199059143,618.5856502300433,622.8211768938886,292211
2024-12-31,625.9732055664062,628.1402373422058,613.7590701902105,616.221592635397,99667
