Price,Close,High,Low,Open,Volume
Ticker,TTE.PA,TTE.PA,TTE.PA,TTE.PA,TTE.PA
Date,,,,,
2019-01-02,30.646520614624023,30.79760165410371,29.411596681716812,29.730179142009185,6652627
2019-01-03,30.38377571105957,30.659662206997556,30.157152870981175,30.23926230512192,5651974
2019-01-04,31.14246940612793,31.30997337128017,30.741774923809135,30.741774923809135,7098402
2019-01-07,31.07021141052246,31.44134768082073,30.656379133758737,31.44134768082073,4898882
2019-01-08,31.0045166015625,31.352659730501177,30.991378794046625,31.162165280191854,5474798
2019-01-09,31.41836166381836,31.520176581630835,31.080068619437725,31.306691506988443,6755539
2019-01-10,31.267271041870117,31.474188416450595,30.938833310313576,31.398646635648937,6105664
2019-01-11,30.73192596435547,31.57929612058579,30.656384165062,31.329682681881476,6319470
2019-01-14,30.906002044677734,31.063653319612893,30.387069625836087,30.54472090077125,4741251
2019-01-15,30.86330223083496,31.063649500747797,30.469175344840753,30.873154964473017,5998007
2019-01-16,30.906002044677734,31.129339889129707,30.607124895859624,31.06693589404133,5166477
2019-01-17,30.81730842590332,31.093194877104867,30.616961238624764,30.774609923374033,4668372
2019-01-18,31.3887939453125,31.546445159207636,31.096484564310778,31.165456187333326,7418150
2019-01-21,31.12604522705078,31.428209868842714,31.014377592091655,31.378943703980237,3571465
2019-01-22,30.879716873168945,31.057073563002078,30.68265471972588,31.004524824781836,4302035
2019-01-23,30.613679885864258,31.08663100923164,30.613679885864258,30.90927433796887,4556479
2019-01-24,30.879716873168945,30.938835769779992,30.373924931451523,30.68922487811668,4864460
2019-01-25,31.168745040893555,31.26399229539684,30.965112720322946,31.004526155015068,4456382
2019-01-28,30.66623878479004,31.06364822853319,30.590696987022582,31.04722533595456,4258836
2019-01-29,31.030811309814453,31.2344411871523,30.65638982968238,30.860022212802335,4703857
2019-01-30,30.88628387451172,31.05707038849707,30.75819336257746,30.88628387451172,5009969
2019-01-31,31.516883850097656,31.59570820262852,31.198298855318303,31.31982171588,8028583
2019-02-01,31.6679744720459,31.71395556706439,31.126051559863154,31.382235168114114,6748382
2019-02-04,31.58914566040039,31.96356452771281,31.28698350533798,31.68767799633793,5268831
2019-02-05,32.1212158203125,32.17704964141024,31.690960625465202,31.809198426484766,6851452
2019-02-06,32.04238510131836,32.186898508717654,31.792774223168244,32.10478907374643,4938521
2019-02-07,31.55958366394043,32.14091991174124,31.55630109045006,32.14091991174124,6484582
2019-02-08,31.812480926513672,31.934003797092103,31.40193373564475,31.530024258733356,7067305
2019-02-11,32.00297927856445,32.295288713203284,31.851898194823825,31.970133494714386,5193717
2019-02-12,32.052242279052734,32.44636912505868,32.052242279052734,32.43651639242028,5827624
2019-02-13,32.12778091430664,32.403669929970924,32.03910382349599,32.38724704000023,5852872
2019-02-14,32.17704391479492,32.380673698036006,32.01611013318611,32.35111550593235,6344567
2019-02-15,32.6434326171875,32.824074408811995,32.09165701505814,32.12121771995194,6794198
2019-02-18,32.52191162109375,32.666425062798474,32.42338177920737,32.57774795452256,3302092
2019-02-19,32.52191162109375,32.65985740898539,32.400391232189044,32.40367631198643,4182611
2019-02-20,32.60074234008789,32.69927219357559,32.400395047146326,32.52191545035935,4342157
2019-02-21,32.66970443725586,32.66970443725586,32.46935720289207,32.58759499713238,5454505
2019-02-22,32.8142204284668,33.00799751958779,32.41680850199901,32.45622193843208,4826550
2019-02-25,32.52191162109375,33.00800069405765,32.52191162109375,32.81422358430058,4565311
2019-02-26,32.64671325683594,32.73867542705371,32.3281282344521,32.45950383724085,4585896
2019-02-27,32.85691452026367,32.95544434692155,32.64999962907896,32.64999962907896,4704225
2019-02-28,32.83720397949219,32.83720397949219,32.51861899374387,32.659847311989594,8271068
2019-03-01,32.76166534423828,33.067112549934606,32.68612355969783,33.021131465703434,5527268
2019-03-04,33.086822509765625,33.218198127901815,32.870054869755194,33.02770360689342,4480026
2019-03-05,33.4021110534668,33.4021110534668,33.11965444820621,33.22475691135493,6483034
2019-03-06,33.513790130615234,33.645165738905646,33.31672797107027,33.31672797107027,5519880
2019-03-07,33.513790130615234,33.62545776890423,33.31015781247603,33.46123888498654,5028463
2019-03-08,33.060546875,33.579476643188315,32.968582195255735,33.23790106433925,7452126
2019-03-11,33.342994689941406,33.40868373437225,33.185345994869046,33.22475942152755,4666045
2019-03-12,33.27731704711914,33.52693047112235,33.014565810717706,33.50722249963427,6764896
2019-03-13,33.63859558105469,33.704284638092,33.21819563914113,33.224765797735515,6392152
2019-03-14,33.79624557495117,33.99330772728644,33.7634023005255,33.80938338587769,4997647
2019-03-15,33.9604606628418,34.249484953626066,33.78967164563855,33.86192834477985,18133770
2019-03-18,34.33488082885742,34.33488082885742,33.94732420458531,34.01958090660264,4364533
2019-03-19,34.27503967285156,34.594248114078894,34.20188726274553,34.39474315541721,6732566
2019-03-20,33.49031066894531,33.94252316297442,33.477010003021796,33.90262116520386,9926478
2019-03-21,33.57011413574219,33.816170127939294,33.536863737365735,33.66321626593338,6037624
2019-03-22,32.87183380126953,33.5435007395666,32.86850800157506,33.5036012906004,8255664
2019-03-25,32.752132415771484,33.07466651144589,32.73218269004879,32.79868346701913,6042550
2019-03-26,32.974918365478516,33.13452380867996,32.74216307002064,32.85854071774958,5889868
2019-03-27,32.825286865234375,33.10126992708756,32.75878354722278,33.084643463374114,6929124
2019-03-28,32.782073974609375,32.90510326621915,32.612496144497264,32.76212423855932,6591211
2019-03-29,32.93170166015625,33.17443188320026,32.72222183983624,33.01815473671314,6687938
2019-04-01,33.25090408325195,33.35730687484465,33.068023096057004,33.25090408325195,5111036
2019-04-02,33.237606048583984,33.36395858084018,33.15447878179476,33.24758091470383,4239685
2019-04-03,33.25090408325195,33.59671379013889,33.25090408325195,33.41715860366821,5289743
2019-04-04,33.164451599121094,33.177752265406845,32.75546689241586,33.11457473476022,5939855
2019-04-05,33.443763732910156,33.60336666999885,33.127878586148746,33.25090785848862,6895522
2019-04-08,33.6499137878418,33.66321445384496,33.38390807830645,33.38390807830645,5362901
2019-04-09,33.40385818481445,34.04892654059294,33.40385818481445,33.68316710033894,5378693
2019-04-10,33.49695587158203,33.57010825730624,33.2908019156418,33.40385375769388,4112608
2019-04-11,33.304115295410156,33.583421743712684,33.230962881756646,33.516920933214934,4303730
2019-04-12,33.24425506591797,33.583413171838636,33.17442593482231,33.38390825442397,4122428
2019-04-15,33.29745864868164,33.390560784013616,33.18440678059079,33.2376069135621,4424527
2019-04-16,32.954978942871094,33.3240642674139,32.87517746473415,33.21433564944858,5274983
2019-04-17,33.310752868652344,33.3174019326707,32.848565545682604,32.925041197684614,5168899
2019-04-18,33.450408935546875,33.583413058990615,33.10459922933021,33.29080601688851,8748985
2019-04-23,34.06222915649414,34.20853141886459,33.92922502419506,34.11542928730808,6943792
2019-04-24,33.27750015258789,34.04226930345031,33.220974233428066,33.97576852053784,6599032
2019-04-25,33.18772888183594,33.43711067995456,33.04142661865948,33.30410908376556,5281470
2019-04-26,32.81531524658203,33.31740202879533,32.70226086320439,33.31740202879533,7133589
2019-04-29,32.31655502319336,32.97492151426614,32.236751025550895,32.918395585234755,6378786
2019-04-30,32.94832229614258,32.94832229614258,32.143650961262374,32.45288449565423,8768349
2019-05-02,32.83858871459961,33.11789504980715,32.69893301015355,33.081318857790606,7623246
2019-05-03,32.69893264770508,33.02146677181651,32.69893264770508,32.7920372952512,5340123
2019-05-06,31.91422462463379,32.283307392783854,31.731343604378388,32.25338279138376,7265522
2019-05-07,31.059663772583008,31.917534977990996,31.05966377258301,31.917534977990996,8449338
2019-05-08,31.242542266845703,31.335644371806172,31.036385793831748,31.215940940616402,6693872
2019-05-09,30.993167877197266,31.25252452721556,30.91004061568665,31.20929926449341,7616486
2019-05-10,31.16939926147461,31.38220486162027,31.0164453949226,31.329004730005284,6126865
2019-05-13,31.166074752807617,31.47530827455269,31.069646822710467,31.25917688204824,5581236
2019-05-14,31.52186393737793,31.5418136717417,31.136152160724208,31.245880773411194,4621271
2019-05-15,31.741313934326172,31.90756846103237,31.39218095034881,31.651537606115635,6644141
2019-05-16,32.32320785522461,32.32320785522461,31.588363081641273,31.59501214713175,5837841
2019-05-17,32.69893264770508,32.81531282292717,32.190194302185915,32.21014656650978,9836069
2019-05-20,32.73551940917969,33.24758372023196,32.552640928917285,32.861874488940956,6889953
2019-05-21,33.094627380371094,33.117902913831955,32.7421685774372,32.90177151064229,5670628
2019-05-22,32.58921432495117,32.98489838911766,32.452884389972446,32.91839759054058,5875158
2019-05-23,31.51519775390625,32.250042226159195,31.452020241859785,32.16026592621492,7811701
2019-05-24,31.624935150146484,31.950792590289012,31.471981295428588,31.7014108090841,5717165
2019-05-27,31.821121215820312,31.97407764078212,31.794522414683808,31.920874964822673,2927814
2019-05-28,31.60165786743164,32.01729414640642,31.60165786743164,31.92086622526317,8622164
2019-05-29,31.146120071411133,31.448704504842663,30.876788570283008,31.368900511525574,6938653
2019-05-30,31.149446487426758,31.66483650620124,31.089594759677734,31.48195552228962,3600086
2019-05-31,31.016448974609375,31.016448974609375,30.597486791100376,30.757092278051523,7720273
2019-06-03,31.062990188598633,31.212620760788052,30.564226688318595,30.66065460279382,5637607
2019-06-04,31.402158737182617,31.43540913824836,30.787014901672894,30.880119576237163,6313093
2019-06-05,31.17272186279297,31.415454573241995,31.036391941495243,31.325675713645296,5432624
2019-06-06,31.415456771850586,31.578385499206746,31.18602471109401,31.18602471109401,5689629
2019-06-07,31.7845401763916,31.934170777138732,31.498584715550052,31.558436448480336,5916268
2019-06-10,32.087135314941406,32.10043598633257,31.887630317761282,31.920880727817355,3300164
2019-06-11,32.53192901611328,32.72400680185365,32.18484131301611,32.30615386937254,7268737
2019-06-12,31.64230728149414,32.33985323838292,31.64230728149414,32.17810229621648,7951966
2019-06-13,31.662527084350586,31.979287972498568,31.56143498900883,31.635568163881786,5782706
2019-06-14,31.844499588012695,31.90178537236129,31.531109171769078,31.75688437192726,5936906
2019-06-17,31.777099609375,31.9220005859119,31.581651302242616,31.884932714871482,5242045
2019-06-18,32.47801208496094,32.58584518572725,31.763618756488082,31.79731611842557,8704242
2019-06-19,32.562259674072266,32.6195480225043,32.420729198768974,32.57573913423603,6519823
2019-06-20,32.814998626708984,33.185677408741604,32.791410210665504,32.95653169391441,8976976
2019-06-21,33.101444244384766,33.50918847589915,32.72065637564791,32.764465285684075,15533206
2019-06-24,33.02392578125,33.33731620017515,32.93631056441488,33.07447312061428,4530139
2019-06-25,32.98686218261719,33.19915795035139,32.90261746306388,32.956535317631506,3867344
2019-06-26,33.3743896484375,33.52939962966932,33.044149204286306,33.057628668429714,5371571
2019-06-27,33.10817337036133,33.42156381655216,33.06436704360476,33.259812830702664,3827552
2019-06-28,33.20925521850586,33.27327942963628,32.86553547056906,33.03739534453746,5655684
2019-07-01,33.546241760253906,33.67092227527943,33.36090238529123,33.67092227527943,3973735
2019-07-02,33.421566009521484,33.687779637920734,33.3946070816202,33.54624912285629,4113489
2019-07-03,33.101444244384766,33.47548852327274,32.89925481240801,33.276672171693136,4924022
2019-07-04,33.330570220947266,33.435032813329,33.07783615219617,33.158710334332234,2420813
2019-07-05,33.303611755371094,33.42155380820063,33.13175186642295,33.3238296584436,3909241
2019-07-08,33.49569320678711,33.55297898571364,33.20926174121027,33.283394917556485,2708969
2019-07-09,33.36763381958008,33.536123190165796,33.18229705450205,33.472098977584984,3263901
2019-07-10,33.536128997802734,33.78549516053322,33.43503690051089,33.45862531364007,3970043
2019-07-11,33.60353088378906,34.14943496808119,33.60353088378906,33.90007134228176,2977040
2019-07-12,33.610267639160156,33.83267490005283,33.53276394832381,33.83267490005283,2825479
2019-07-15,33.75852966308594,33.90006011428967,33.59004029614519,33.83266539589086,3204404
2019-07-16,33.67429733276367,33.78550097276523,33.47884897838724,33.667558886829326,3581400
2019-07-17,32.747596740722656,33.3204596173091,32.72063782228603,33.3204596173091,5876465
2019-07-18,32.37018966674805,32.74086848322065,32.23540017451593,32.737497974631424,5421143
2019-07-19,32.48476028442383,32.79815070454707,32.24887355680356,32.575743438871775,4474246
2019-07-22,32.48139190673828,32.79141183897415,32.48139190673828,32.66336079851446,4423753
2019-07-23,32.92957305908203,33.06436511092027,32.55552633642958,32.68694787996211,4403187
2019-07-24,32.65324783325195,32.90261143759916,32.39040476773133,32.767819396809415,4546048
2019-07-25,32.29604721069336,32.98011633963998,32.080380982681106,32.88239217836189,6570367
2019-07-26,32.37018966674805,32.70380060157339,32.218550202514535,32.4308459666304,3793831
2019-07-29,32.390403747558594,32.70379413987282,32.24550275818869,32.35670381021432,3352310
2019-07-30,31.834383010864258,32.6566119858137,31.740029371957377,32.53866736623625,5705995
2019-07-31,31.699594497680664,32.03657328582267,31.64567922846889,31.831016019380517,5292803
2019-08-01,31.372730255126953,31.62883489963891,31.184022922825815,31.49404284616185,5688453
2019-08-02,30.146121978759766,31.002048406317027,30.12590407424037,31.002048406317027,11045649
2019-08-05,29.745113372802734,29.960782139822204,29.465422961949077,29.92371427134572,9066799
2019-08-06,29.34748077392578,29.87316942000271,29.293565505910543,29.7451158379464,6694060
2019-08-07,29.10148811340332,29.573258927161604,28.744291423574264,29.495752675302644,8348785
2019-08-08,29.593477249145508,29.681092454451857,29.22280109415668,29.623806677150995,6662828
2019-08-09,29.310422897338867,29.67772862724349,29.216066655260658,29.654140209460117,4907618
2019-08-12,29.135189056396484,29.576630496798966,29.08464171818798,29.391293684627005,4034879
2019-08-13,29.802404403686523,30.119162711597028,29.16214420152993,29.23627994517199,8506077
2019-08-14,29.41151237487793,29.842844873315688,29.131819324160027,29.79903855020527,7469377
2019-08-15,29.1823673248291,29.475539844132946,28.81506161956921,29.475539844132946,7646285
2019-08-16,29.13855743408203,29.38792102781567,29.037462765056496,29.266608453362714,6843039
2019-08-19,29.755231857299805,29.83610605701567,29.32726730145844,29.50923617902747,4931989
2019-08-20,29.428361892700195,29.809147045730114,29.293569846274167,29.788929138596764,4630115
2019-08-21,29.913610458374023,30.034923046298683,29.502498433678813,29.55978421938087,4721162
2019-08-22,29.92034149169922,30.193293437984533,29.654127988741596,29.785549486652574,4528988
2019-08-23,29.371078491210938,29.91698259565256,29.32726959427549,29.91698259565256,5431169
2019-08-26,29.546295166015625,29.7282639888322,29.18909853471477,29.209316435824274,3235176
2019-08-27,29.63054847717285,29.86643262862033,29.43172963157189,29.48901798630436,5215532
2019-08-28,29.86642074584961,29.97088588930867,29.522703608929575,29.691192956054643,4487357
2019-08-29,30.32809066772461,30.432553268433548,29.684459953945282,29.799034077803174,4568919
2019-08-30,30.590932846069336,30.745942774374882,30.216886199374464,30.32808981237976,6369174
2019-09-02,30.516796112060547,30.61789076985982,30.425812976796358,30.57071394847188,2109748
2019-09-03,30.17645263671875,30.526908327081525,29.950674886289825,30.526908327081525,4448332
2019-09-04,30.601041793823242,30.60104179382324,30.159600420427452,30.37526663116616,3670507
2019-09-05,31.1536865234375,31.16042753862354,30.553864719080256,30.72909512070121,4935940
2019-09-06,30.853782653808594,31.055972020371026,30.617898487411885,30.954877337089812,5308370
2019-09-09,31.221092224121094,31.22109222412109,30.934660704273956,30.968358076442204,3738291
2019-09-10,31.92874526977539,32.03994890462821,31.244678632074862,31.271637556453342,7212095
2019-09-11,31.773733139038086,32.07027357409692,31.7130768488051,31.8242804760563,5136581
2019-09-12,31.392948150634766,31.66927068059644,31.07618723667466,31.5041492074778,6094404
2019-09-13,31.440128326416016,31.692862468683202,31.33566313270322,31.430016801131828,4597080
2019-09-16,32.22528839111328,32.548787797584616,32.06353997334998,32.37693042507921,8801197
2019-09-17,32.25223922729492,32.9801146374775,32.01972304277369,32.68694216877439,7725070
2019-09-18,32.36344528198242,32.53530519527112,32.02646647134655,32.11408168197628,5558885
2019-09-19,32.46117401123047,32.79478236081746,31.96244417012775,32.201698850816975,5512417
2019-09-20,33.34741973876953,33.41481703729248,32.32637444737941,32.42409860202964,15879170
2019-09-23,32.79814529418945,33.38785815954479,32.717268535860995,33.18567140561177,4798758
2019-09-24,32.17810821533203,33.18904471973657,32.05005718364747,33.15871785865778,6678815
2019-09-25,31.804059982299805,31.854607319291983,31.443492749140667,31.70296787925981,6821799
2019-09-26,31.932109832763672,32.080378747350714,31.608610513286422,31.63893736935739,3982105
2019-09-27,32.526737213134766,32.5506588528831,32.06538981383788,32.2020860155126,8383407
2019-09-30,32.728355407714844,32.76936504202314,32.260174467192776,32.32852125044394,6070562
2019-10-01,32.355865478515625,32.888977761890985,32.355865478515625,32.76595144922544,5162622
2019-10-02,31.0675048828125,32.208912300654696,31.0675048828125,32.14398103304553,6836223
2019-10-03,30.69501304626465,31.135856901378656,30.319100469681064,31.047003984536452,6439103
2019-10-04,30.75653648376465,30.927406130896674,30.452388720450752,30.790709891738274,5416587
2019-10-07,30.903470993041992,30.98890577930969,30.325931003548273,30.41478391130025,4992096
2019-10-08,30.394285202026367,30.87613611697652,30.339605678684496,30.797537561251552,4655946
2019-10-09,30.67450714111328,30.773611808476947,30.29175835066701,30.397696653903452,4213242
2019-10-10,30.958154678344727,31.173452055523935,30.4011206885389,30.472885611844188,4388157
2019-10-11,31.723648071289062,31.768073225186733,31.125604518238266,31.21445482603361,6887943
2019-10-14,31.330642700195312,31.679215456226466,31.00257345708876,31.679215456226466,3347664
2019-10-15,31.750991821289062,31.95261670731407,31.385328357066815,31.645050891352504,5357244
2019-10-16,31.716821670532227,31.843266142460376,31.47418709515425,31.66556286445953,3748090
2019-10-17,31.586950302124023,32.003872489721616,31.457090361422658,31.48442751239047,4919534
2019-10-18,31.66896629333496,31.89109726150599,31.54593999118678,31.6826361721584,5220297
2019-10-21,31.768070220947266,31.966279548385835,31.50834774386441,31.66896555722798,3199735
2019-10-22,32.249935150146484,32.2806904322939,31.80567306586144,31.839846470668675,4210230
2019-10-23,32.34219741821289,32.44813573503308,32.08589302028289,32.13031817730935,3683862
2019-10-24,32.46522903442383,32.78304664399873,32.33878457220118,32.530160326817025,3713444
2019-10-25,32.59850311279297,32.6258428754028,32.17474722139358,32.32169518634237,2948072
2019-10-28,32.70444107055664,32.82405187883026,32.42421502507665,32.64976415320757,3690744
2019-10-29,32.5814094543457,32.783036909518636,32.321689576420404,32.639507091623685,4560718
2019-10-30,32.577999114990234,32.998336878061124,32.04488418099779,32.977833360037145,4876904
2019-10-31,32.21575927734375,32.46864820999058,32.00388260226475,32.35929174977648,7243223
2019-11-01,32.63609313964844,32.69760629907129,32.325109220548725,32.43446826597881,3656445
2019-11-04,33.158958435058594,33.34691606220312,32.656601329111886,32.67027121174635,6169820
2019-11-05,33.69890213012695,33.90394512508166,33.288816140217534,33.34007493350886,6228526
2019-11-06,33.71257400512695,33.83901584574311,33.40842631304436,33.63739096083449,4646756
2019-11-07,33.89369201660156,33.97570868986449,33.71940430456269,33.77066570307565,5235245
2019-11-08,33.69206619262695,33.79800711667327,33.42892815803993,33.78775535792175,5355759
2019-11-11,33.770660400390625,33.8287554261938,33.3981660037275,33.709147253286496,3040535
2019-11-12,33.79458236694336,33.93811217584205,33.69889582767757,33.8321738798353,3306197
2019-11-13,33.770660400390625,33.770660400390625,33.23754819699656,33.5177741766348,4597655
2019-11-14,33.54512405395508,33.815095751147936,33.54512405395508,33.68865390475054,3279856
2019-11-15,33.67839813232422,33.7945882051444,33.42550925513365,33.76041480768335,5335494
2019-11-18,33.507537841796875,33.739920659226094,33.38109336809174,33.57246653282269,3430975
2019-11-19,33.394752502441406,33.72282179662949,33.29222970733007,33.49043905400506,4140214
2019-11-20,33.3264045715332,33.394753973706344,32.844553670712315,33.10427618444403,4854766
2019-11-21,33.3913459777832,33.49045068554066,32.95050197731616,33.00518151563636,4606639
2019-11-22,33.56220626831055,33.93470334930365,33.44601619266519,33.490441349718445,4828223
2019-11-25,33.44601058959961,33.84926287932143,33.44601058959961,33.73648833731369,4103723
2019-11-26,32.89239501953125,33.463098806075074,32.89239501953125,33.39475201517344,7840320
2019-11-27,32.83089065551758,33.131620266175396,32.83089065551758,32.888985704065625,4454765
2019-11-28,32.80012512207031,33.008583607162976,32.73519384853776,32.80695875794924,2838436
2019-11-29,32.5609130859375,32.926573954026445,32.5609130859375,32.75570434076501,4543665
2019-12-02,32.17817306518555,32.998345282187486,32.130327165505335,32.59509281234718,6359812
2019-12-03,31.874021530151367,32.41397021883248,31.62797143840788,32.25677046274756,6404913
2019-12-04,32.26700973510742,32.29093137118187,31.77490713482408,31.798828770898528,4376307
2019-12-05,32.212345123291016,32.57458792419738,32.212345123291016,32.352456871706885,3208789
2019-12-06,32.776214599609375,32.87190117793748,32.219177921499224,32.40029931722938,4908403
2019-12-09,32.52332305908203,32.806967255891834,32.52332305908203,32.806967255891834,3152918
2019-12-10,32.564327239990234,32.564327239990234,32.07564010132276,32.38320588916646,4082383
2019-12-11,32.39345169067383,32.605330884950746,32.31485054540998,32.45154671567694,4099933
2019-12-12,32.550655364990234,32.80354161626993,32.32510626530568,32.49256033286406,4354361
2019-12-13,32.68394088745117,33.155540102668645,32.67710724980896,32.806967223118946,5660681
2019-12-16,32.99834442138672,33.148710540637744,32.636101614751595,32.67027502169124,4413533
2019-12-17,33.34349060058594,33.49043854748276,33.0154213113597,33.04617658507016,5599136
2019-12-18,33.223880767822266,33.541698283407925,33.223880767822266,33.32298543475358,5332920
2019-12-19,33.490440368652344,33.51436200748229,33.285397377643825,33.29564913610479,4838642
2019-12-20,33.53828048706055,33.709150064682525,33.370829031024606,33.49043721390742,11608763
2019-12-23,33.73307418823242,33.78433558675083,33.415256646133905,33.45968440823928,2862183
2019-12-24,33.815093994140625,33.921034922829875,33.774086957337424,33.79800859789372,617245
2019-12-25,33.815093994140625,33.815093994140625,33.815093994140625,33.815093994140625,0
2019-12-27,33.68865203857422,34.09873804877702,33.68523391643127,33.94495644676679,2811750
2019-12-30,33.616886138916016,33.958625339894986,33.531451338671275,33.65447765960476,3075084
2019-12-31,33.62714385986328,33.637395620548176,33.51778740045168,33.58613420986006,1359317
2020-01-02,34.047481536865234,34.23543917277996,33.77067357057594,33.77067357057594,4326276
2020-01-03,34.43363952636719,34.55666583624517,34.071394232942936,34.14316175309089,4960724
2020-01-06,34.93227005004883,35.27162118849465,34.71758093969032,34.828388989451184,7596924
2020-01-07,34.7037353515625,35.091562269029026,34.7037353515625,34.987681191224524,5380020
2020-01-08,34.79377746582031,35.146977456157366,34.63448834658907,35.146977456157366,4922510
2020-01-09,34.599853515625,34.800693975603345,34.45095491831317,34.682961552640585,4672439
2020-01-10,34.47865676879883,34.918425559478955,34.47865676879883,34.91150121083049,4010141
2020-01-13,34.32283020019531,34.60331252359945,34.10121408063876,34.55483416256349,4239465
2020-01-14,34.04581832885742,34.33669121895585,33.95578592931823,34.33669121895585,4294712
2020-01-15,33.64413833618164,34.03889230615758,33.481388382584456,33.86575450733048,4906773
2020-01-16,33.78957748413086,33.872682897757585,33.50216806974133,33.55757344007479,3722798
2020-01-17,33.59218215942383,33.976548120447504,33.48483497340228,33.796483406917694,5055368
2020-01-20,33.63720703125,33.90384068670044,33.554101638194645,33.806881312617584,2315053
2020-01-21,33.32210159301758,33.51947857604096,33.159351641040324,33.51947857604096,3716193
2020-01-22,33.10395050048828,33.50216801299678,32.93081268129966,33.50216801299678,4828862
2020-01-23,32.771514892578125,33.1524174349382,32.57760144742156,32.9654283377347,5108974
2020-01-24,32.816532135009766,33.25630355523871,32.69187536972097,33.138568496531605,4131511
2020-01-27,31.933530807495117,32.56721568145105,31.878125452847012,32.54990084765534,6661225
2020-01-28,32.186317443847656,32.21055663128775,31.666904019954213,31.985479594432558,5423321
2020-01-29,31.982009887695312,32.286731419462,31.857350478819676,32.2036260275025,4524756
2020-01-30,31.10939598083496,31.684214695875543,30.912019011355245,31.64958766720546,7604963
2020-01-31,30.57266616821289,31.20981186088182,30.434155430975814,31.164796994075616,7613249
2020-02-03,30.3060359954834,30.569206162081773,30.243706288706754,30.441085895060194,6579474
2020-02-04,31.026288986206055,31.112857874360575,30.579593206303986,30.680013433587966,7154948
2020-02-05,31.466060638427734,31.715376818890242,30.756194693827005,30.825448748087787,7592709
2020-02-06,31.788095474243164,32.54990060179133,31.514537481948068,32.54990060179133,6967286
2020-02-07,31.344863891601562,31.704990806684062,31.223667968706728,31.64958808844913,5762786
2020-02-10,30.870464324951172,31.4348924932087,30.87046432495117,31.285993908200894,6230114
2020-02-11,31.15787124633789,31.337933347346276,30.984733493037634,30.991657840745763,5567042
2020-02-12,31.500688552856445,31.614960123291034,31.209815704647763,31.310235935465467,6114806
2020-02-13,31.43836212158203,31.545706712457676,30.96742709302546,31.545706712457676,6159148
2020-02-14,31.337942123413086,31.608036671500802,31.28253675874217,31.389883992323767,4177910
2020-02-17,31.30677604675293,31.587258417487956,31.30331255127375,31.49376253266096,3425814
2020-02-18,30.953571319580078,31.20635363445493,30.82198756115934,31.130172590468735,6540203
2020-02-19,31.199424743652344,31.324084145878174,30.839297875208004,31.30330845946475,5338322
2020-02-20,30.991661071777344,31.317160927315957,30.991661071777347,31.292921745001767,4565865
2020-02-21,30.67655372619629,30.932799568922647,30.389146989858393,30.88085770124173,6766843
2020-02-24,29.201417922973633,30.257556771043582,29.076758512951777,30.035940629198677,12143442
2020-02-25,28.49155044555664,29.48882567185074,28.40498156226709,29.40571764174446,9849446
2020-02-26,28.425752639770508,28.59196603115978,28.003298776989226,28.31148374017963,9179832
2020-02-27,27.480432510375977,28.169520231778762,27.02681230850066,27.788617590686062,14792562
2020-02-28,26.58011245727539,27.0648987647611,26.123028828359796,26.663217851112908,18297577
2020-03-02,27.07874870300293,27.6743431101882,26.278852976215227,27.643179576773438,12536722
2020-03-03,27.231109619140625,27.940975568469945,26.995642134463505,27.632790533772766,11402716
2020-03-04,27.66395378112793,27.837091558024145,26.98525401271949,27.438874142788283,9181945
2020-03-05,27.044118881225586,27.802463151810816,26.870981112918287,27.767836126523893,9513451
2020-03-06,25.728273391723633,26.836354050612766,25.6001504922788,26.663216282544294,14629953
2020-03-09,21.455230712890625,23.165832611998386,21.455230712890625,21.87076159741194,32826361
2020-03-10,21.825748443603516,23.522499240816515,21.458697190029635,22.31745911195209,22112318
2020-03-11,21.444847106933594,22.964996715308043,21.444847106933594,22.345163100491366,17801253
2020-03-12,18.269495010375977,20.644945179237013,18.037491056738403,20.426792562784545,27090214
2020-03-13,18.02364158630371,20.243267744064664,17.795099782823698,18.968973651649954,22235596
2020-03-16,16.853229522705078,17.6600521469998,16.240322992968466,17.6600521469998,23911999
2020-03-17,17.417659759521484,18.214093253873575,16.38922228260087,18.165614888616652,17666245
2020-03-18,15.094149589538574,16.984813564103415,14.820591618602567,16.96750005272666,21448374
2020-03-19,15.582404136657715,16.898251332899235,14.626683930821551,14.792896083100155,19510727
2020-03-20,17.31377601623535,17.833189296722413,16.53465609550476,16.967500495910645,25488221
2020-03-23,18.352603912353516,19.80003579828574,16.461939750860317,16.621226184772993,24443724
2020-03-24,21.105493545532227,21.105493545532227,18.968972866095747,19.391429429947795,20173135
2020-03-25,22.75030517578125,22.937294311155586,20.845790754268517,22.040441802355826,22567101
2020-03-26,22.854188919067383,22.902667290273133,21.18514068247102,21.822287820324906,14865273
2020-03-27,22.334774017333984,22.390179376018615,21.4829364416046,22.120083536176857,15675420
2020-03-30,23.749711990356445,23.799234558321924,21.906757285990988,22.073012777922617,13162508
2020-03-31,25.03729820251465,25.03729820251465,23.80276699668909,24.053917874169098,15715197
2020-04-01,24.902881622314453,25.4405562764078,23.441958036134512,23.5586909389155,14558263
2020-04-02,25.66695213317871,26.78475347641242,25.25308377583793,25.43702706717453,19013971
2020-04-03,23.72141456604004,25.196488229721282,23.523324277835574,25.185873936757957,13210362
2020-04-06,23.923036575317383,24.7118648177776,23.38890001931244,24.057457262579252,8975746
2020-04-07,24.241405487060547,24.84982877280413,23.78508802275286,24.573916515031552,9038306
2020-04-08,23.969030380249023,23.969030380249023,23.176663821440044,23.75679039794504,7059009
2020-04-09,23.788618087768555,24.549146938136627,23.261555037466632,24.315681138070477,9804128
2020-04-14,23.105915069580078,24.298000152411852,22.9608854683089,24.26616267485931,8917658
2020-04-15,21.708663940429688,22.720345152945885,21.21343695072181,22.638985112734968,11172441
2020-04-16,21.234661102294922,21.95627910946593,20.98704827086355,21.80771141060711,8038878
2020-04-17,21.945669174194336,22.416134938839573,21.52118788206626,21.62730786775107,11114053
2020-04-20,21.83954429626465,21.89614169924417,21.03302961707085,21.669750737937566,8124023
2020-04-21,21.011810302734375,21.482276048607126,20.651001286291923,21.188677388281338,9637034
2020-04-22,22.012874603271484,22.355997138920323,20.764193564384062,21.096703158618404,10022725
2020-04-23,22.93611717224121,23.484406092974442,22.359531575289555,22.501025751489447,8062956
2020-04-24,22.539945602416992,23.148368910766568,22.161450083680176,22.631915908628695,6164822
2020-04-27,22.815853118896484,22.879525375086363,22.133146088162903,22.638986040455425,5183138
2020-04-28,23.2014217376709,23.349992132603525,22.458581907506094,22.784018029075966,5654471
2020-04-29,23.926578521728516,24.156506266975732,23.37475409215718,23.99732427467651,7905325
2020-04-30,23.240331649780273,24.47486572722604,22.978569144864466,24.16357796040772,10676617
2020-05-04,21.570711135864258,22.154373099715496,21.362007905999942,21.931520178140985,15718504
2020-05-05,23.28278160095215,23.6223660604557,22.568238457378826,23.275708105427597,10638994
2020-05-06,22.78048324584961,23.321696145416652,22.334777393768245,23.275711670520256,7796987
2020-05-07,23.042245864868164,23.41012976139576,22.67436196834057,22.734496135397958,8133121
2020-05-08,23.33584213256836,23.487947923880505,23.01040736471175,23.28278147071019,4399911
2020-05-11,22.911359786987305,23.73556100703396,22.826464346352438,23.70018813166755,4810933
2020-05-12,22.861841201782227,23.25095099488585,22.59654189157025,22.667289004008282,4608202
2020-05-13,21.995189666748047,22.71680766026917,21.93859225643592,22.692046377594405,6666925
2020-05-14,21.79709815979004,21.927980768138596,20.994121469457117,21.79709815979004,9626237
2020-05-15,21.832475662231445,22.493958250716524,21.62730917470546,22.256955630622333,7377008
2020-05-18,23.449037551879883,23.57992016130927,22.624836319751786,22.63898600986124,11001937
2020-05-19,23.314620971679688,23.654205458768807,22.89721453361184,23.55515762193741,9254456
2020-05-20,23.608213424682617,23.781545079344895,22.822923279357834,23.105911643020168,7197361
2020-05-21,23.18373680114746,23.583455424023697,22.950270963851263,23.34999228550492,5892544
2020-05-22,23.112991333007812,23.53393589462437,22.554091998679848,22.78048302017064,6899072
2020-05-25,23.533933639526367,23.551621427342894,23.1271388087438,23.427815008959726,3587299
2020-05-26,23.61175537109375,24.025623693936662,23.46318767039796,23.813383735974462,7216048
2020-05-27,24.08222007751465,24.393505138537563,23.700186571638422,23.721409755705807,9557588
2020-05-28,24.280311584472656,24.471328347314902,23.961950313068915,24.082221326166934,7785204
2020-05-29,23.788618087768555,24.170651561271168,23.64005041433209,24.07514184350702,13829106
2020-06-01,24.43949317932129,24.45010747168517,23.965490673950868,24.38289711393536,6340992
2020-06-02,25.146963119506836,25.4334896582358,24.506705077629647,24.584527033857817,10107212
2020-06-03,25.769529342651367,25.932246709201785,25.327361705684883,25.43348301806767,10680499
2020-06-04,25.550220489501953,26.10204493547616,25.359203712331446,25.65987721946412,8943433
2020-06-05,27.120800018310547,27.265832333328223,25.741236121342702,25.787223293800857,12910779
2020-06-08,27.48514747619629,27.76106243137373,27.13495135836439,27.279983682192707,10077308
2020-06-09,26.67155647277832,27.90254985067936,26.445166823997035,27.90254985067936,10178280
2020-06-10,26.186935424804688,27.08542037753524,26.002994877220843,26.784746927312025,7233925
2020-06-11,24.566837310791016,25.624504434429273,24.566837310791016,25.610354743612508,12109359
2020-06-12,24.828598022460938,25.475929392115525,24.000858802431882,24.124665201066527,8638989
2020-06-15,24.542076110839844,24.70125810899195,23.990251660978743,24.053923920484067,8112517
2020-06-16,25.34858512878418,25.87211004885891,24.89580324547457,25.274298598055275,9476153
2020-06-17,25.429946899414062,25.843815192101445,25.2919908018516,25.29552889888013,7921463
2020-06-18,25.242473602294922,25.454713589891306,24.84275491400877,25.29199617610815,7202416
2020-06-19,25.24953842163086,25.875649273460755,25.24953842163086,25.486542313461175,19329928
2020-06-22,25.069141387939453,25.30614263213315,24.70833102626836,25.044380104199476,5854997
2020-06-23,25.599740982055664,25.765993762822546,24.938257160977688,25.200019671974268,6064534
2020-06-24,24.711868286132812,25.702324999721164,24.711868286132812,25.440559781880967,6031103
2020-06-25,24.90995979309082,25.13988754509453,24.181268260959186,24.418269508954562,6303018
2020-06-26,24.863971710205078,25.514841197988613,24.78261167484355,25.157571678592664,7456480
2020-06-29,24.92529296875,25.206648953099595,24.384222921300907,24.845935588133532,7742305
2020-06-30,24.510473251342773,25.015472537480072,24.312082542091314,24.824294884991062,7504261
2020-07-01,24.643932342529297,24.860359770338277,24.171398804076887,24.744931625371883,6921431
2020-07-02,25.13811492919922,25.34011353007223,24.643936635463998,24.701652094013163,6924899
2020-07-03,24.990219116210938,25.22107542774908,24.70165010280041,25.188612548950427,3421196
2020-07-06,25.31125831604004,25.6719717117437,25.213866910090967,25.430294397108202,5659023
2020-07-07,25.022687911987305,25.18500783055997,24.885615067657383,25.14172123466242,4627913
2020-07-08,24.730510711669922,25.06597429580074,24.586227548107157,24.748547483127737,6443080
2020-07-09,23.922508239746094,24.863970263180786,23.81068798667183,24.835112535927966,6553942
2020-07-10,24.037940979003906,24.149761253394086,23.2660145159994,23.63754888112472,6580173
2020-07-13,24.319292068481445,24.474398910592317,24.063185934209873,24.409470401056968,6185049
2020-07-14,24.56096839904785,24.600647084024036,24.001864409697973,24.09565064255297,6682304
2020-07-15,24.76658058166504,25.055149618020298,24.64393660839504,24.723293987800712,6711056
2020-07-16,24.835111618041992,24.968576537635286,24.611471120159045,24.79182778078684,4549601
2020-07-17,24.402259826660156,24.7774020585632,24.21468733469634,24.564579740991707,6720837
2020-07-20,23.954975128173828,24.340938306358264,23.886438710357368,24.074008443296513,6003852
2020-07-21,24.351760864257812,24.452760169545382,23.86119045112562,23.922511064760975,6495865
2020-07-22,23.587047576904297,24.49965198329357,23.561797750514955,24.21108293199036,6743549
2020-07-23,23.46800994873047,23.897259720970073,23.323726808638547,23.709689987635876,5411031
2020-07-24,23.554580688476562,23.810686813168473,23.39225804469772,23.446365592624,5608687
2020-07-27,23.36701011657715,23.760189094820685,23.36701011657715,23.4860461812584,5231311
2020-07-28,23.377832412719727,23.76019045275822,23.294869879521222,23.53293927046539,4983500
2020-07-29,23.410303115844727,23.529339213104194,23.05680272908106,23.31651684963801,5019339
2020-07-30,23.035154342651367,23.958579621627308,22.876439590818222,23.157795558504677,8810163
2020-07-31,22.580657958984375,23.522120139362112,22.501301947834698,23.10369403254134,8176289
2020-08-03,23.37422752380371,23.543760496343882,22.721335827426643,22.99547738373239,7861924
2020-08-04,23.951364517211914,24.10286344808242,23.590651204458794,23.684437436341373,6154876
2020-08-05,24.41307830810547,24.49604358497645,23.998257427799185,24.17500618910342,4926375
2020-08-06,23.839540481567383,24.36257641351538,23.742149102252405,24.178611861449255,4772634
2020-08-07,23.65918731689453,23.82150997568719,23.446367761264028,23.749365654437852,3713452
2020-08-10,23.980226516723633,24.207474953531978,23.716904540591237,23.810690789189376,3136855
2020-08-11,24.665576934814453,25.00104044750957,24.167793521664166,24.243542992011534,6642179
2020-08-12,24.83150291442871,25.044325198167005,24.57179164319047,24.586220505818844,4678467
2020-08-13,24.52129554748535,24.936113711959912,24.50325877858448,24.708865284741492,3390803
2020-08-14,24.16779327392578,24.384220722988907,23.87922150715873,24.384220722988907,3947327
2020-08-17,24.016300201416016,24.42751328069319,23.991050372057767,24.23272770334742,2634942
2020-08-18,23.666404724121094,24.18943801640285,23.57261847617225,23.850369315706427,4462337
2020-08-19,23.86480140686035,23.86480140686035,23.457193477229186,23.590658434581208,4002291
2020-08-20,23.460796356201172,23.734939269752765,23.31651046738326,23.504082948453874,5016519
2020-08-21,23.345369338989258,23.67001191672419,23.13615492755735,23.6050834011772,4771676
2020-08-24,24.257976531982422,24.29404732214545,23.496871025835556,23.496871025835556,4745831
2020-08-25,23.994653701782227,24.651151967243404,23.944154046902504,24.420295615786163,4747861
2020-08-26,24.070402145385742,24.24715090962939,23.72772282464063,23.8179011587276,3093113
2020-08-27,24.009078979492188,24.117294082075404,23.724115111245798,23.95136627626568,4163023
2020-08-28,24.023509979248047,24.211082473466213,23.853974254405536,24.203866664906105,3617169
2020-08-31,23.87922477722168,24.604259445293785,23.817904162794232,24.297653621131854,5586958
2020-09-01,23.77100944519043,24.095651998710736,23.496866538659468,24.034328639917085,5911707
2020-09-02,24.016300201416016,24.272406399771096,23.80708575700482,23.835943491135676,5281735
2020-09-03,23.958580017089844,24.27600952599565,23.767402382148546,24.005474513827906,5380634
2020-09-04,23.781829833984375,24.236329398000567,23.547365620292133,23.709688269167206,7289667
2020-09-07,24.221899032592773,24.312077359034276,23.71329195049111,23.771007400385255,3433391
2020-09-08,23.338151931762695,24.268793006839534,23.100082559082793,24.13893598464163,7134336
2020-09-09,23.6195125579834,23.926118370514168,23.388653470498607,23.39226137474709,5976849
2020-09-10,23.615903854370117,23.846760182016155,23.388652678825938,23.61951175849648,4386776
2020-09-11,23.45718765258789,23.576223713206915,23.2010815158776,23.399474950242638,4627760
2020-09-14,23.103694915771484,23.742156437940352,22.91973030686524,23.561799733686165,5676389
2020-09-15,23.312902450561523,23.403080786633357,22.88004753822649,23.11090385840843,4944057
2020-09-16,23.22272491455078,23.489654779977162,22.779049026925673,23.22272491455078,5784229
2020-09-17,22.750192642211914,23.110906020240975,22.6852641240857,23.009906714716788,6271339
2020-09-18,22.44358253479004,22.876437404944046,22.371439597760347,22.746581769505088,17657552
2020-09-21,21.44801139831543,22.256009754718832,21.372261939405977,22.256009754718832,10220861
2020-09-22,21.599517822265625,22.025159725526958,21.31816044701733,21.5706600910556,6753991
2020-09-23,21.426376342773438,21.859231318577017,21.354233388135373,21.57066087603716,6570768
2020-09-24,20.939409255981445,21.386694406106713,20.83840996040989,20.968266983866005,7926735
2020-09-25,20.714258193969727,21.315902235737553,20.55185182668336,21.20517055767732,8483483
2020-09-28,21.260528564453125,21.36018746370256,20.8397474840861,20.86927667261743,7511548
2020-09-29,20.913572311401367,21.463541565383778,20.891425416546365,21.419247775673774,5536061
2020-09-30,21.55582046508789,21.950764312976474,20.73271171949475,20.82129790026835,12427176
2020-10-01,21.03168487548828,21.939686383987205,20.898806331214423,21.84002747578181,8283681
2020-10-02,20.824987411499023,20.987395167626133,20.49648286192121,20.817606520792804,7680559
2020-10-05,21.30113410949707,21.496761496642325,21.02430425616891,21.234694832055954,6273524
2020-10-06,21.79204750061035,22.079950112149525,21.26791555280136,21.552127718974695,6705358
2020-10-07,21.533674240112305,21.83634147115709,21.341738682469092,21.659170512108652,5329794
2020-10-08,21.773591995239258,22.057802747346287,21.507834877598988,21.736680502217283,6220680
2020-10-09,22.10947608947754,22.2275900364079,21.865865897930007,21.972905694315493,5783149
2020-10-12,21.910160064697266,22.26450193441569,21.83264804470188,22.006127126401637,5525995
2020-10-13,21.563199996948242,21.976600270461393,21.408175950402928,21.92492558827962,4653208
2020-10-14,21.533674240112305,21.59642167209567,21.323283638240433,21.526291940814918,5475936
2020-10-15,20.82868003845215,21.168257344730602,20.651509086303015,21.050143376631176,7180557
2020-10-16,21.00585174560547,21.090746075226402,20.603525587296936,21.05014413322734,6567075
2020-10-19,20.824987411499023,21.212550350962704,20.485410117832366,20.920955887034044,2397961
2020-10-20,20.839752197265625,20.991085802641734,20.514939498135625,20.695800890691952,5960051
2020-10-21,20.50386619567871,21.039070912785306,20.463264254597373,21.035380467245904,5862902
2020-10-22,20.389442443847656,20.426352528398926,20.01664411294424,20.40789748612329,7243673
2020-10-23,20.729021072387695,20.961558562631105,20.374679168798398,20.42266340825202,6143163
2020-10-26,19.972349166870117,20.537081554604676,19.972349166870117,20.234414394430534,7703813
2020-10-27,19.33010482788086,20.07939189572699,19.193535832551323,20.01664306563759,11379302
2020-10-28,18.65464210510254,18.865032689082458,18.208023595813902,18.857650390412875,13742409
2020-10-29,18.551288604736328,18.98314386123299,18.093597418738227,18.654639362888556,11040599
2020-10-30,19.060659408569336,19.296887342960567,18.322446409581957,18.455324974684416,11492174
2020-11-02,19.99818992614746,20.072011506437402,18.964692026176877,19.141862974055016,9276079
2020-11-03,20.489097595214844,20.732707786087573,20.28239889267393,20.485407150396316,9346198
2020-11-04,20.596139907836914,20.662579182380693,19.769342237115595,19.935439015445656,8010963
2020-11-05,20.304540634155273,20.721631223216487,20.20857359824434,20.677338853413676,9267750
2020-11-06,20.39682388305664,20.651508260612225,20.020336504810963,20.252872578192793,7810270
2020-11-09,23.471479415893555,23.541609135112722,20.45957081402774,20.71056331485234,25020128
2020-11-10,24.401628494262695,24.482832366692268,23.216797085957428,23.62281363204646,19505706
2020-11-11,23.98823356628418,24.818723292369068,23.822136747490983,24.64893461962996,10629689
2020-11-12,23.774152755737305,24.02883434444653,23.327532787965538,23.63019861943298,7903490
2020-11-13,24.098960876464844,24.16909200432018,23.364438408690372,23.386585302965116,7551635
2020-11-16,25.272720336914062,25.586460271780176,24.324116825956217,24.453303526658868,15320445
2020-11-17,25.568004608154297,25.671356787953357,24.818718904979583,25.269029260754856,8349599
2020-11-18,25.66766357421875,25.881745996938687,25.184135012608905,25.5274041331568,9333773
2020-11-19,25.180444717407227,25.331776911065987,24.92945219635898,25.150915522917085,7885640
2020-11-20,25.468345642089844,25.697192660191238,25.280100559717063,25.324394348527953,9033983
2020-11-23,26.664249420166016,26.782363372678315,25.926036512949445,25.926036512949445,10783321
2020-11-24,28.173900604248047,28.173900604248047,27.20314867997782,27.20314867997782,14624479
2020-11-25,27.885995864868164,28.579915037827842,27.33233614140467,28.34737896775441,11088199
2020-11-26,27.58332633972168,27.790025051273467,27.439372232966697,27.767879565338273,5410581
2020-11-27,27.830631256103516,27.974582568885463,26.841425702387546,27.387701757032072,7522155
2020-11-30,26.44647216796875,27.587009507938436,26.44647216796875,27.587009507938436,19439474
2020-12-01,26.819278717041016,27.23636803387945,25.992478157984646,26.02569920619,9636868
2020-12-02,27.099788665771484,27.158847035930197,26.243462010876748,26.391105120215446,7736394
2020-12-03,26.918930053710938,26.944767389250075,26.42432600988668,26.89678457069407,8598997
2020-12-04,27.823246002197266,27.860158903778864,27.062887539407846,27.062887539407846,7958888
2020-12-07,27.431991577148438,27.793717141510243,27.144088993298613,27.756804243224867,5833441
2020-12-08,27.276966094970703,27.435681974577275,26.981679820706834,27.133014810683186,5193516
2020-12-09,27.236370086669922,28.007801351506725,27.236370086669922,27.431996089099954,6415823
2020-12-10,27.80478858947754,28.044708336863636,27.158852324392697,27.302803609612628,7127189
2020-12-11,27.32863998413086,27.89706421529335,27.037045571102524,27.727275598098093,7010049
2020-12-14,27.018590927124023,27.933976159260872,26.852494151578984,27.67560277151109,7403812
2020-12-15,26.98906135559082,27.358167760703097,26.756522518092716,26.930002979064827,7415344
2020-12-16,26.933698654174805,27.420919065429384,26.667941554207072,27.28804051544552,6491468
2020-12-17,26.859878540039062,27.077652837558293,26.53506583655206,26.930009675588167,7024497
2020-12-18,26.56828498840332,26.907862265444304,26.40587724022768,26.660561606037863,17021033
2020-12-21,25.579078674316406,25.77470464655195,24.981125198376706,25.641826096343127,11529031
2020-12-22,25.75625228881836,26.044154921320285,25.6049200812983,25.64921106103137,5817973
2020-12-23,26.47600555419922,26.568282162017194,25.656588826206224,25.711955354108728,4174280
2020-12-24,26.494455337524414,26.756520527732658,26.483382596764063,26.52767637586364,968184
2020-12-28,26.4686279296875,26.749149670399778,26.372659447011863,26.66425393263686,2735839
2020-12-29,26.405872344970703,26.693774888048193,26.243464626903044,26.391107750959247,3035633
2020-12-30,26.272994995117188,26.53136836177798,26.199174837802246,26.387417083772895,3165912
2020-12-31,26.058917999267578,26.265619551510532,25.962949522014032,26.077374450452172,2123866
2021-01-04,26.017541885375977,26.878900802745896,25.80690489936891,26.25451136434764,6860489
2021-01-05,26.702116012573242,26.702116012573242,25.829473346500603,26.028826626077613,7310673
2021-01-06,27.87566566467285,28.093827005844396,26.89770469319317,27.345308218346837,13184367
2021-01-07,28.180343627929688,28.383459107519553,27.713931898712527,28.17658430273065,9961531
2021-01-08,28.19915008544922,28.50758404687198,27.96218060491399,28.42107078721184,6404257
2021-01-11,27.770353317260742,28.0035577467916,27.45063562309774,27.984752511672536,6020005
2021-01-12,27.871910095214844,28.251811435520835,27.800445609007095,28.0524581476487,5779492
2021-01-13,28.161537170410156,28.518868189353118,27.97346760892149,28.101353533271173,8019342
2021-01-14,28.436119079589844,28.500062046164057,28.007320679470833,28.05621773572512,5812995
2021-01-15,27.9057559967041,28.492531974504516,27.405490390136773,28.323270556204584,9058388
2021-01-18,27.819252014160156,27.894481568218247,27.315226915684228,27.42806694220027,3450376
2021-01-19,27.947139739990234,28.11640120807299,27.736499866490824,27.87191018884261,4531231
2021-01-20,28.093835830688477,28.19539214501709,27.804207059603392,27.935855196590175,5361458
2021-01-21,27.439348220825195,28.293185647837145,27.35283782848448,28.28566125824259,7485975
2021-01-22,27.247520446777344,27.360360467888537,26.709641357310286,27.130915361001012,6981692
2021-01-25,26.593034744262695,27.473201780893294,26.404965183497858,27.394212909737714,7407980
2021-01-26,27.066974639892578,27.420546382064405,26.5178117897472,26.581754760650654,7282290
2021-01-27,26.950361251831055,27.1685225713113,26.337252815005986,26.905223536510427,7779147
2021-01-28,26.942838668823242,27.22870514557285,26.318449348492948,26.457618958054248,7588146
2021-01-29,26.250751495361328,27.06321056316381,26.250751495361328,26.638174358825314,9125180
2021-02-01,25.994972229003906,26.54037275090826,25.919745560366568,26.404962451590283,8174457
2021-02-02,26.2319393157959,26.442579157462298,25.953597192899085,26.329736282651247,9585924
2021-02-03,26.43505096435547,26.581744958670974,25.96487716982805,26.495234587517267,8926614
2021-02-04,26.28083610534668,26.94660095227475,26.06267477053129,26.555416001137452,8131794
2021-02-05,26.382404327392578,26.766067933978007,26.119108024610007,26.35231250144186,8551066
2021-02-08,26.46514320373535,26.818714821243514,26.310924819175188,26.615599394358814,9766094
2021-02-09,26.00249671936035,27.217427357709774,25.79562192211078,27.08201704291808,11114046
2021-02-10,26.137907028198242,26.246987718961915,25.509755377327174,26.152952937584313,8035582
2021-02-11,26.058916091918945,26.246985639776,25.727914720787417,26.149188671370535,7695925
2021-02-12,26.310930252075195,26.37111388863706,25.679016416744346,25.976166665412624,6657816
2021-02-15,27.488243103027344,27.488243103027344,26.465144404041727,26.781099835939077,10171605
2021-02-16,27.379167556762695,28.052456942345426,27.104584729793384,27.755306685934244,9086169
2021-02-17,27.807964324951172,28.1540116150289,27.446871126211764,27.48072226841531,8746290
2021-02-18,27.51457405090332,28.43611364148075,27.51457405090332,28.13520410176993,7942637
2021-02-19,27.796680450439453,27.864385604169396,27.082015576559733,27.104583004565168,7848775
2021-02-22,28.187864303588867,28.57904930128638,27.62741499367926,27.875668170371597,8724065
2021-02-23,28.819780349731445,29.188395079552905,28.364652359809337,28.58657306270193,11048892
2021-02-24,29.320039749145508,29.406552999071707,28.63546674741581,29.000322109329673,7987796
2021-02-25,29.68113136291504,30.068554093280877,29.372694612450456,29.4667293671883,10111097
2021-02-26,28.868677139282227,29.32004293038226,28.62042394537761,29.26738368374438,10736610
2021-03-01,29.214717864990234,29.399028056474275,28.992797214041335,29.32379852840536,6866121
2021-03-02,29.27491569519043,29.436655671893146,28.718228396160427,28.846117221088242,5794344
2021-03-03,29.572057723999023,29.797740615008482,29.24857786132379,29.481782271824315,5886246
2021-03-04,30.512407302856445,30.538736927206,29.331330662524223,29.489308408621543,10044460
2021-03-05,30.824602127075195,31.291016738247304,30.354428190605383,30.504884424218517,11439169
2021-03-08,30.78322410583496,31.403854225811934,30.358187934678167,31.25339800434574,9723534
2021-03-09,30.591402053833008,31.144327141128205,30.15884139665065,30.843414630988903,7349666
2021-03-10,31.076616287231445,31.17065107074069,30.305529914570116,30.51240758617599,6460112
2021-03-11,31.40009117126465,31.403850495812332,30.771936736481,31.257156486477683,6317586
2021-03-12,31.738616943359375,31.738616943359375,31.196978578503735,31.219546006706235,5859380
2021-03-15,31.061574935913086,31.734864429012816,30.873505341294646,31.591929700485668,6486139
2021-03-16,30.666616439819336,31.09165540504907,30.33937730130877,31.016425872847105,7763507
2021-03-17,30.55002212524414,30.738091699647548,30.098653424847576,30.143791155801424,7091584
2021-03-18,30.41836929321289,30.79450838385362,30.230299747892523,30.670381795210936,7257522
2021-03-19,30.2641544342041,30.448461806690922,29.714991641896734,30.05727963194326,19589808
2021-03-22,29.888010025024414,30.166352132067836,29.857918210826924,30.09112546628746,5478764
2021-03-23,29.669843673706055,29.767640618500614,29.23352392026847,29.71498138739113,6582096
2021-03-24,30.140024185180664,30.14002418518066,29.278665326527562,29.37646229324156,5912545
2021-03-25,29.635204315185547,30.117078386345106,29.08066880089766,30.117078386345106,7654953
2021-03-26,29.952634811401367,30.14385439087093,29.70404877453509,29.857025021666583,6016964
2021-03-29,30.40008544921875,30.40008544921875,29.853197379800815,30.059714858928462,4978205
2021-03-30,30.786348342895508,30.939324570391133,30.48039588790426,30.568358166992372,7384999
2021-03-31,30.423030853271484,30.73663079115055,30.243284013673968,30.618072688862288,7612862
2021-04-01,29.906736373901367,30.453624402168124,29.906736373901367,30.423031491760792,7635402
2021-04-06,29.692577362060547,30.075016537685002,29.68492986237097,29.73082069606712,6503814
2021-04-07,29.76524543762207,30.143859451557038,29.600796454958644,29.692581051535058,4598272
2021-04-08,29.264244079589844,29.910567212235936,29.008010535300077,29.818782628178873,6964071
2021-04-09,28.946819305419922,29.367501773904056,28.816788481180637,29.248946574745737,6503641
2021-04-12,28.812965393066406,29.057729143894072,28.675289977533566,28.912400393298338,5512721
2021-04-13,28.969758987426758,29.122735195998573,28.797662576395027,29.07684145809348,5965920
2021-04-14,29.29100799560547,29.298658411229134,28.847380176128585,29.076843042601364,6024321
2021-04-15,29.065372467041016,29.42868845576748,28.98123539568654,29.394270336274577,4827479
2021-04-16,29.027124404907227,29.19922080985922,28.89709361099238,29.061542518786272,5378963
2021-04-19,29.095970153808594,29.26041909892437,28.858856839196836,28.981237245949572,3417176
2021-04-20,28.19340705871582,29.222169030551044,28.120742705975523,29.141854262902097,8078750
2021-04-21,28.227832794189453,28.835912561364538,28.147520922634094,28.380809038105014,8902901
2021-04-22,28.220178604125977,28.300490456639782,27.856859746245274,28.239298806470135,5744256
2021-04-23,28.12839698791504,28.227829053170183,27.944824935989242,28.086328453469104,4143678
2021-04-26,28.19340705871582,28.327260141833435,27.814793218532174,28.093972089352,4853080
2021-04-27,28.139873504638672,28.357863704569148,28.044263716637953,28.281374123501067,5038308
2021-04-28,28.6408634185791,28.847380878768373,28.243126412041843,28.35020889115212,5547579
2021-04-29,28.376985549926758,29.294840151284408,28.32726950769639,29.279542234187524,6974192
2021-04-30,28.166643142700195,28.679110187913064,27.92570461799286,28.49554103533317,7202915
2021-05-03,28.484066009521484,28.50701142228153,28.143692519500725,28.37698060849065,4106273
2021-05-04,28.80913543701172,29.417212149201042,28.568196958931903,28.65998443523779,8099356
2021-05-05,29.841716766357422,29.89143570717283,29.06919121676874,29.06919121676874,7941114
2021-05-06,29.937332153320312,30.1514971147166,29.61608471122588,29.89908882703937,6125235
2021-05-07,29.86849594116211,30.243287578304017,29.509005137374338,30.224164454390397,5581911
2021-05-10,30.090309143066406,30.250932868207077,29.826425224778994,30.243285369867497,4658841
2021-05-11,29.386619567871094,29.922034900981348,29.298660207257573,29.772883882742047,5948412
2021-05-12,30.05971336364746,30.25475812608449,29.118913506273035,29.30630785257905,5770670
2021-05-13,29.684919357299805,29.883786374425394,28.927688773713605,29.551063358977494,5223652
2021-05-14,30.403907775878906,30.426853187680948,29.63902959283793,29.76905748342111,5244515
2021-05-17,30.449800491333008,30.510989226669754,29.929683110966877,30.4880438156408,4081153
2021-05-18,30.361845016479492,30.7748800141378,30.315951266368813,30.633376472964326,6041487
2021-05-19,29.359851837158203,29.952633678198737,29.065374979738927,29.834078477102278,7239048
2021-05-20,29.48223114013672,29.497529055474853,29.050075973505667,29.405744481225046,5630563
2021-05-21,29.830245971679688,29.83789346887557,29.4095635992245,29.558714595660625,5191318
2021-05-24,29.8608455657959,29.86849306395724,29.56254353526457,29.830249737593,2131708
2021-05-25,29.317781448364258,30.021467959231607,29.294833119337788,29.994697340182928,4614236
2021-05-26,29.424863815307617,29.474579845419534,29.115086175718915,29.31395613172384,3996706
2021-05-27,29.099788665771484,29.363672568914605,29.099788665771484,29.225994264472863,10773976
2021-05-28,29.176279067993164,29.298659462354436,29.000357433460007,29.298659462354436,3778193
2021-05-31,28.99271011352539,29.218350722154977,28.9200486614066,29.210700305439904,3784945
2021-06-01,29.692577362060547,29.83790319839727,29.14951443294086,29.21070318379551,5737898
2021-06-02,30.358015060424805,30.3580150604248,29.879966179868852,29.94880533538006,6476694
2021-06-03,30.358015060424805,30.3580150604248,30.3580150604248,30.3580150604248,0
2021-06-04,30.358015060424805,30.3580150604248,30.3580150604248,30.3580150604248,0
2021-06-07,30.205045700073242,30.411560275815436,29.876147793847977,30.300655488678746,4477409
2021-06-08,30.315950393676758,30.411560181987277,29.864672076139936,30.26623435415579,3500343
2021-06-09,30.606603622436523,30.606603622436523,30.086486163456005,30.39626384806204,4908829
2021-06-10,30.45745277404785,30.778703167815756,30.220339457642467,30.56453526604413,4004846
2021-06-11,30.847537994384766,30.847537994384762,30.32742060540039,30.419205168815672,4677485
2021-06-14,31.272045135498047,31.474740317290088,30.82076686329223,30.90108164505111,8826255
2021-06-15,31.294992446899414,31.294992446899414,30.86283439384709,31.12671830816904,5767933
2021-06-16,31.32176399230957,31.53210375415524,31.184085677969662,31.360007320119795,5243878
2021-06-17,31.14584732055664,31.71185566514347,31.10377877791824,31.26057732229645,5382637
2021-06-18,30.239456176757812,31.11524196905695,30.009993325684928,31.096118849059852,14265235
2021-06-21,30.564531326293945,30.87430897281482,29.723166496678274,30.0214685195824,5469003
2021-06-22,30.751924514770508,31.015805467490402,30.54922937324419,30.832236362796415,4162999
2021-06-23,30.6257266998291,31.145844158019216,30.61042878426127,30.83606647388394,4588506
2021-06-24,31.306217193603516,31.387875084232245,30.691835387904497,30.761828289397812,7850826
2021-06-25,31.057344436645508,31.356756608129345,30.913469360297213,31.278988060561574,4578906
2021-06-28,30.163000106811523,31.018466246374263,30.116337184648163,30.92125405021119,6645101
2021-06-29,30.02301788330078,30.419645352233058,29.972468603279708,30.147449390544384,4976165
2021-06-30,29.673046112060547,30.046340542835758,29.501954685463836,29.867470480173495,8577424
2021-07-01,30.143543243408203,30.372965468276593,29.789692547441703,29.789692547441703,5199871
2021-07-02,30.030790328979492,30.450744725157282,29.894690892857984,30.256320349761452,4086623
2021-07-05,30.10466957092285,30.213546746463464,29.8091466563642,30.01912237108936,2679466
2021-07-06,29.478622436523438,30.446857948483718,29.346415287107135,30.2291006337385,6256509
2021-07-07,29.140321731567383,29.785809013266597,28.89534515858196,29.56805469655073,8986114
2021-07-08,28.85257911682129,29.07811212769297,28.366518127881033,28.96923494083929,8889739
2021-07-09,29.124774932861328,29.124774932861328,28.471508847700072,28.64648961633864,6140096
2021-07-12,29.140321731567383,29.31141313755268,28.62315226268712,29.078104517259952,4356696
2021-07-13,28.922565460205078,29.214201987445698,28.708700453570057,29.148098419941064,5542747
2021-07-14,28.85646629333496,29.260869362115372,28.751478432856874,28.82535768034863,3785439
2021-07-15,28.49872398376465,28.541497581708356,28.02432805506562,28.490945347767394,6735172
2021-07-16,28.218753814697266,28.68537113043703,27.907673626417065,28.459841108948453,7249288
2021-07-19,27.133861541748047,28.032101080486118,26.916107221249145,27.892118279222622,10678934
2021-07-20,27.114425659179688,27.565488683413182,26.64780536168087,27.30107140483471,8737348
2021-07-21,27.837678909301758,27.96599970106467,27.075535761276523,27.304958052611454,8255255
2021-07-22,27.717140197753906,28.11376760945806,27.623817322456752,27.99711179032608,4283311
2021-07-23,27.713245391845703,28.08265343483015,27.67825043304388,27.89211840354435,4478444
2021-07-26,28.35485076904297,28.529834490445605,27.46050040414723,27.627705489035655,4784517
2021-07-27,28.347070693969727,28.53371640777706,28.160422013482265,28.47927782735991,4116038
2021-07-28,28.54926872253418,28.65037020769897,28.245967233719732,28.47927584306316,4214433
2021-07-29,29.16754150390625,29.5097272882204,28.81368776670629,28.83702070579779,6659171
2021-07-30,28.54149627685547,29.206427223562535,28.448173415917704,29.039222157430565,8155157
2021-08-02,28.533714294433594,29.046994419407973,28.533714294433594,28.770912220117502,4488857
2021-08-03,29.311416625976562,29.431961751373564,28.669818585483416,28.669818585483416,7324353
2021-08-04,29.2336483001709,29.47473558621965,28.922568122474473,29.45529196260846,4702013
2021-08-05,29.29975128173828,29.46695635470254,28.887572576297256,28.91090255081493,4239949
2021-08-06,29.501953125,29.579721681459556,29.09755010471374,29.12476939614261,4160940
2021-08-09,29.408628463745117,29.50584064651568,29.113105564132486,29.40085279446284,3820417
2021-08-10,29.264759063720703,29.52917634420661,29.183101178572493,29.35419261887703,4244872
2021-08-11,29.676929473876953,29.781917306247305,29.280305147869182,29.311410785847173,3640347
2021-08-12,29.805259704589844,30.05801200597968,29.669163224358627,29.67693889465151,3596049
2021-08-13,29.72359848022461,29.832475652189025,29.521395475136035,29.74303913711515,4086224
2021-08-16,29.358083724975586,29.451406604159178,29.05867146119951,29.42418730745226,4006558
2021-08-17,29.41640853881836,29.587499971522025,29.062554752215686,29.16365625791367,4064003
2021-08-18,29.338634490966797,29.38529740497987,29.07033089376239,29.33085882197142,3754908
2021-08-19,28.23430633544922,28.63482005002507,28.102096225451938,28.541497186114277,10540641
2021-08-20,28.358739852905273,28.362629171130234,28.137096180971707,28.34318554668601,5835436
2021-08-23,28.83702278137207,28.926456326506194,28.413176129751044,28.650374088606412,5853018
2021-08-24,28.89923667907715,29.05477676002216,28.778694525517896,28.930345288602208,4120930
2021-08-25,29.035327911376953,29.054771530500563,28.782575696168802,28.984778655007226,2625755
2021-08-26,29.01589012145996,29.202535830068992,28.82924144617088,28.965337893423307,2685683
2021-08-27,29.358083724975586,29.358083724975586,28.910907021921247,29.050892824037053,3126438
2021-08-30,29.32308006286621,29.517504400744873,29.249197865134732,29.428067899981507,2212395
2021-08-31,29.043115615844727,29.31141925012711,28.821471935343272,29.303643580057184,9453228
2021-09-01,28.85257911682129,29.544732457084123,28.829249138690027,29.323088764794598,4650752
2021-09-02,29.225873947143555,29.38141107631712,28.759253659581137,28.837025190848493,4043538
2021-09-03,28.980897903442383,29.463069540085073,28.91090500726194,29.229760875043812,3745680
2021-09-06,29.29197120666504,29.49028189359824,28.891457548723956,28.98089108204365,2980357
2021-09-07,29.253093719482422,29.44362878251024,29.06255568977398,29.291978002411273,2713500
2021-09-08,28.977008819580078,29.272534713253062,28.77869808436486,29.116994613073565,4265614
2021-09-09,28.732032775878906,28.872018557735693,28.533719090468388,28.697037813754914,5052232
2021-09-10,28.487058639526367,28.907013011024073,28.393732808811002,28.700923659884936,5242783
2021-09-13,29.358083724975586,29.3853030216825,28.642603373433314,28.658154714396545,6317875
2021-09-14,29.431961059570312,29.890802675530093,29.229758060439373,29.373633157256375,5673389
2021-09-15,30.089107513427734,30.209652612447982,29.428065994123482,29.431955311299557,9334848
2021-09-16,30.112449645996094,30.62961625452327,30.069676044035706,30.252435440288156,7340521
2021-09-17,29.855806350708008,30.516851001296423,29.680825601050184,30.407970860012778,11808387
2021-09-20,29.431961059570312,29.595276812705062,29.03533369717981,29.486399643948562,6943257
2021-09-21,30.152217864990234,30.421328203524325,29.70897641936487,29.748550847521436,9358190
2021-09-22,30.923938751220703,31.169305107896555,30.500485906518577,30.55193237611065,8707498
2021-09-23,31.3671875,31.42655068269892,30.975392305789274,31.185142620570375,6660186
2021-09-24,31.418628692626953,31.549227068713424,31.113902167761566,31.375095900598126,5267276
2021-09-27,32.499027252197266,32.60587854259596,31.489862421455552,31.5888000315543,12904333
2021-09-28,32.92247772216797,33.24303458952226,32.673153030371495,32.89081696458492,13880191
2021-09-29,32.4792366027832,32.8472846113708,31.952887823526606,32.5306830700328,8722511
2021-09-30,32.7166862487793,33.13618374394821,32.35259658977962,32.61774864452921,10163250
2021-10-01,32.66920471191406,32.76418398571243,32.06766226607217,32.21409103681952,6843143
2021-10-04,33.314266204833984,33.57941822759565,32.5979590026661,32.91455748647034,8850439
2021-10-05,34.311561584472656,34.37092475372434,33.10056621681764,33.215334205547904,11031582
2021-10-06,33.84062194824219,34.19679795840749,33.492359618597746,34.19679795840749,11594677
2021-10-07,33.79312515258789,34.058277186046254,33.148053111636386,33.899979447425984,8205608
2021-10-08,34.311561584472656,34.517353501966994,33.91581114857638,34.125561415843826,7492965
2021-10-11,35.000179290771484,35.05558412572205,34.556937591829886,34.70732171250471,7165322
2021-10-12,34.58858871459961,34.92101763159987,34.43028793631254,34.667737594075035,5690310
2021-10-13,34.25220489501953,34.61233625801398,33.83666568761249,34.43029140143025,6009732
2021-10-14,34.66773223876953,34.853735398073745,34.35113375043822,34.612327427828156,5392985
2021-10-15,35.1861686706543,35.30885032552885,34.80229030875354,34.893311207745676,8019827
2021-10-18,35.34050750732422,35.5779571137567,35.14658766165795,35.23365322186149,5862350
2021-10-19,35.482994079589844,35.6966967094389,35.10702926331678,35.261371728950515,5657379
2021-10-20,35.51069259643555,35.74022558464843,35.166388585111314,35.30490065196476,4801321
2021-10-21,35.000179290771484,35.494867473785156,34.90519698571018,35.415715552900735,4341551
2021-10-22,34.671695709228516,35.17825578085031,34.53713899182737,34.826038136696525,5061555
2021-10-25,34.766666412353516,35.0753511913276,34.67168717713121,34.82602956661825,4097437
2021-10-26,34.62420654296875,35.023915348861465,34.54109930954605,34.83395380151218,4954047
2021-10-27,34.537139892578125,34.69544067392257,34.220541349225506,34.58067268293126,4623519
2021-10-28,34.268028259277344,34.663778688986994,33.899983258210085,34.54901372138702,5903395
2021-10-29,34.327388763427734,34.75875826838716,34.129513563930146,34.406540654828326,7805387
2021-11-01,34.45403289794922,34.762717763052365,34.16513676290091,34.192839173375894,4807172
2021-11-02,34.56879806518555,34.57275641474035,34.02266358072932,34.16908930156031,5957680
2021-11-03,33.96330261230469,34.39467216160744,33.73772498246226,34.19283859195803,6578422
2021-11-04,34.23241424560547,34.616292668794514,33.78917265049319,33.82875011133291,4889313
2021-11-05,34.35905075073242,34.6360748322177,33.87623476357004,33.888106792871405,5733591
2021-11-08,34.43028259277344,34.849777023693356,34.29572891468054,34.43028259277344,5847805
2021-11-09,34.457984924316406,34.86560732621686,34.23240733203481,34.31947289736029,5497680
2021-11-10,34.75875473022461,35.20199319960609,34.6004539828731,34.61232601054073,6752352
2021-11-11,34.719181060791016,34.928928272421004,34.35904677717296,34.43028196407897,5283755
2021-11-12,34.17304611206055,34.76667170643103,34.17304611206055,34.62815967161177,5638576
2021-11-15,34.54109573364258,34.71522688240761,34.16908937740311,34.232410893076235,4850767
2021-11-16,34.71522521972656,35.28510675614606,34.61232927135395,34.68752281278039,6712875
2021-11-17,34.461944580078125,34.84186459099186,34.366962312847804,34.67565015234258,5446414
2021-11-18,34.08993911743164,34.184918367747265,33.86040316144428,34.12555822338496,6178698
2021-11-19,33.15993118286133,34.56880184480504,33.02537445731072,34.42633143861563,12727917
2021-11-22,33.55567932128906,33.72981047667284,33.09660737321771,33.19554498071555,7472702
2021-11-23,33.94351577758789,34.31156382780835,33.34593475423595,33.46070275046989,6764292
2021-11-24,34.12556457519531,34.537142409615534,33.91185895770607,34.05828470016864,6418515
2021-11-25,34.101810455322266,34.3115576793816,33.88414955195361,34.248239186899475,4557711
2021-11-26,32.079524993896484,32.75625778469417,31.739179423880927,32.65732018920908,15479769
2021-11-29,32.609832763671875,33.334056702541154,32.459445682987145,32.732514418473954,9637094
2021-11-30,32.14285659790039,32.46737189222347,31.72731735863963,31.818341303577316,14105234
2021-12-01,33.191585540771484,33.409246438715684,32.54255515749124,32.59400162005934,8058706
2021-12-02,33.26282501220703,33.46070022817653,32.65732431509797,32.752306592685386,8494764
2021-12-03,33.50818634033203,33.93955585535924,33.381546330471345,33.72189192309744,7821778
2021-12-06,34.38279342651367,34.61628773094853,33.72980768651241,33.72980768651241,7791727
2021-12-07,35.04765319824219,35.09514433149635,34.59649800000304,34.62420040623401,7929206
2021-12-08,35.008087158203125,35.20992074876168,34.56880388310679,34.82604229941294,6448620
2021-12-09,34.790428161621094,35.027877859510134,34.493615284425616,34.87353540491542,4942452
2021-12-10,34.89727020263672,35.07535667393205,34.632118160722015,34.73501109023953,4442611
2021-12-13,34.394676208496094,35.18221883070164,34.394676208496094,34.84187317098737,5979628
2021-12-14,34.61233139038086,34.7627154631046,34.26407210754564,34.687524936410775,6375347
2021-12-15,34.26011657714844,34.699399821290854,34.08994376167582,34.53714068636602,6793530
2021-12-16,35.36030197143555,35.49485869398738,34.78646502881541,34.89727467130732,9137943
2021-12-17,34.55693054199219,35.2811546188187,34.52526978009742,35.043704943280815,13753862
2021-12-20,34.32343292236328,34.37883773585089,33.480482652678134,33.78916747620502,7655859
2021-12-21,35.14264678955078,35.21388200271982,34.4421666901657,34.588595467051185,5664033
2021-12-22,35.38800048828125,35.419661245319936,34.9170595595087,35.332595673131536,5164530
2021-12-23,35.7125129699707,35.926218534643695,35.38008410448099,35.42757221707338,5517384
2021-12-24,35.439449310302734,35.82332465970536,35.43549096091296,35.57400299619596,1043080
2021-12-27,35.58192443847656,35.633370910058424,35.20991804897848,35.300938961726104,3282268
2021-12-28,35.819374084472656,35.91435334708383,35.53839162721803,35.60171012918004,2916252
2021-12-29,35.42361831665039,36.05285998857648,35.352383125551604,35.81936870734681,4141465
2021-12-30,35.53839111328125,35.66107278485221,35.35238792132768,35.53443276342327,4099251
2021-12-31,35.324684143066406,35.490898598629784,35.29302338410115,35.39591934107016,1711261
2022-01-03,36.14413833618164,36.44942112752419,35.609888854345954,35.65407508605612,5436592
2022-01-04,36.44941711425781,36.61411178970881,36.15216682292885,36.332926431180624,5584211
2022-01-05,36.887264251708984,37.188532330083625,36.52172417891221,36.61009663891395,5641479
2022-01-06,36.903324127197266,37.30099704501242,36.3289063282835,36.4654796893821,5444172
2022-01-07,37.325103759765625,37.521934433846674,37.027853462827565,37.1764801436252,5732405
2022-01-10,37.550052642822266,37.83123494184236,37.28493527689714,37.397408196505175,5681747
2022-01-11,38.2409553527832,38.27309134593,37.35321922853776,37.61431880970571,6505491
2022-01-12,39.41389465332031,39.4460275818655,38.578377218005535,38.60247768057868,9331583
2022-01-13,39.20903396606445,39.40987933908408,38.81939345206123,39.22510196366488,6197728
2022-01-14,39.79549789428711,39.952157023562734,39.10458939355519,39.237148061298214,6533053
2022-01-17,39.90797424316406,40.12890537512507,39.703111108496316,39.847720019478594,3805535
2022-01-18,40.506492614746094,40.8358819625125,39.879856043137494,40.08873694344511,8906341
2022-01-19,41.181331634521484,41.285772080760175,40.44222217414185,40.57879554912882,8139395
2022-01-20,40.71537399291992,41.350046102958565,40.18514233426088,41.25363811799716,6354172
2022-01-21,39.86378860473633,40.54666470881507,39.506284087495274,40.2654793490213,9987592
2022-01-24,38.4940299987793,40.14899412906741,38.28113436568166,39.86379402957269,9884998
2022-01-25,39.450050354003906,39.52235481555688,38.54624611692045,38.96400488759791,8177125
2022-01-26,41.02869415283203,41.261675530124236,39.9441303221587,40.08472147581527,10006277
2022-01-27,41.566959381103516,42.16949549483546,40.185142246254635,40.41008808135761,8553119
2022-01-28,41.16526794433594,41.751736050718335,40.56273184076617,41.6633635985163,9191640
2022-01-31,40.345821380615234,41.48662168114271,40.2012124601741,41.41431722092214,7585497
2022-02-01,41.213470458984375,41.26167445240357,40.43419248564606,40.635037861240185,5651831
2022-02-02,40.36991500854492,41.253633315207566,40.345814547438955,41.13312794502092,5459094
2022-02-03,39.936100006103516,40.73948163437994,39.610731427342024,40.4502637578552,13793140
2022-02-04,40.9483528137207,41.084926186939136,40.249408757163046,40.32974873963592,7789174
2022-02-07,41.15723419189453,41.20543818553965,40.56273359355752,41.00459280900416,5365826
2022-02-08,41.20543670654297,42.073087108411755,41.14920024830411,41.33397762032564,6931199
2022-02-09,42.097190856933594,42.14539178444357,40.97245555695816,41.028692015491224,6436455
2022-02-10,41.7196044921875,42.121295270610524,41.30184571486867,41.944550347414015,6299551
2022-02-11,41.9766845703125,42.177529951031694,41.31791196672611,41.45448535457966,5570067
2022-02-14,41.07689666748047,41.99275108076702,40.956388217455526,41.77583770951644,7999873
2022-02-15,40.97245407104492,41.69549860404382,40.25744506877769,41.17329943413828,7559606
2022-02-16,41.30987548828125,41.478587933357275,40.61093443750535,40.74751088688526,4714726
2022-02-17,40.69127655029297,41.31791317578337,40.34582224017458,40.89212193688937,5859702
2022-02-18,40.699317932128906,41.09297632453444,40.31369507315547,40.68324992992275,6486390
2022-02-21,40.12086486816406,40.90817824994494,39.956173279483906,40.57075954260603,6145128
2022-02-22,40.07667541503906,40.57878873521908,39.494225189492845,39.574562094859054,6588023
2022-02-23,39.79549789428711,40.52255708731793,39.72319344503244,40.0365117035837,5897010
2022-02-24,38.25702667236328,39.5062851663783,38.044131062423396,39.084511712155106,18829075
2022-02-25,38.77922439575195,39.00417022939434,38.04412960625426,38.104383830167656,10597115
2022-02-28,36.62615966796875,37.86336781081015,35.95131914138771,37.83926428384361,17814292
2022-03-01,35.62997817993164,37.12426867466878,35.32469533182474,36.84308629755504,14935059
2022-03-02,38.54222869873047,38.56231446337644,35.569719410571125,35.638006106915576,19496825
2022-03-03,37.096134185791016,39.369704936314804,37.096134185791016,38.93186049558332,10922562
2022-03-04,35.75048065185547,36.999739265873814,35.57373572187498,36.859148100960944,10794060
2022-03-07,36.06379318237305,36.545823896276005,35.027430365371586,35.3206659461785,13924706
2022-03-08,36.74265670776367,37.37331111957496,36.107984529985885,36.22045745978802,14726942
2022-03-09,37.13631057739258,37.57415511169098,36.54180995213161,37.124260344599875,14321264
2022-03-10,36.714534759521484,37.61432117153084,36.45745292751881,37.116225505107806,12006495
2022-03-11,36.62615966796875,37.409455339599894,36.56992321280841,37.236728208848284,10974577
2022-03-14,36.754703521728516,37.23271649357573,36.47753592431698,36.85512620894635,7542301
2022-03-15,36.75871658325195,36.794867274988654,35.617913408825906,36.22848498518261,9011242
2022-03-16,36.58599853515625,37.365276597558214,36.39720337017523,37.02785779903196,9554064
2022-03-17,36.96357727050781,37.13630439598641,36.485567416237586,36.64624431092926,9187133
2022-03-18,36.55787658691406,37.02785403624093,36.120032068949875,36.778804664072304,20405549
2022-03-21,36.77479553222656,37.26084105316998,36.66231952912345,36.69847329628531,7544828
2022-03-22,37.479881286621094,37.69996795919751,37.239418118680334,37.49618434860725,9074292
2022-03-23,37.76924514770508,37.862986955673854,37.170120969770565,37.170120969770565,6638858
2022-03-24,38.05454635620117,38.665897088290464,37.79777705864968,37.82223320238687,7239142
2022-03-25,38.800392150878906,38.81262177757626,37.402436676249955,37.90374564815956,6296989
2022-03-28,38.058631896972656,39.41990824377274,38.058631896972656,38.35615738275407,7343974
2022-03-29,37.341304779052734,39.02455605119138,37.03155286297596,38.242027840620196,9838729
2022-03-30,38.28279113769531,38.48249821547302,37.61845765313363,37.79371169144627,6483258
2022-03-31,37.520633697509766,38.15644061448767,37.422818444701946,37.85076522865876,6495026
2022-04-01,38.111610412597656,38.29093786929609,37.20273417244506,37.467653479000106,6071152
2022-04-04,38.021949768066406,38.5354853824008,37.63475900832954,38.486576192157536,4690279
2022-04-05,37.740726470947266,38.3602304280413,37.255723561206054,38.31132123895767,5262056
2022-04-06,37.21088790893555,37.68366426058246,36.91336247432408,37.30055008410796,6068545
2022-04-07,36.60768508911133,37.422819473735935,36.46096065111963,36.81146868526748,6334970
2022-04-08,37.219032287597656,37.373906686321114,36.77885901607971,36.90928038066014,5623325
2022-04-11,38.005645751953125,38.52325478704751,37.20273777849513,37.20273777849513,6022190
2022-04-12,37.842613220214844,38.04232027397995,37.34130731450984,37.708115300346314,5575258
2022-04-13,38.29908752441406,38.63736902233943,37.73664283882955,37.76109898352284,5133546
2022-04-14,38.058631896972656,38.31132473271178,37.73257993515519,38.16867680507341,4758738
2022-04-19,38.59254455566406,39.44028208690728,38.26648950630724,38.37245786377191,5924175
2022-04-20,38.33984375,38.698501741983925,38.136060163976936,38.63329261139173,5094582
2022-04-21,38.433589935302734,39.10607335800662,38.290938921283264,39.06124071522754,6047792
2022-04-22,37.39020919799805,37.932274249827465,37.34537656306535,37.858912038982204,5622015
2022-04-25,35.8903694152832,36.83185183461845,35.8903694152832,36.68105083952799,7062909
2022-04-26,36.48133850097656,37.04785662230046,35.869987741894015,36.852223011218115,7962378
2022-04-27,36.787017822265625,37.129372791479796,36.314238358694325,36.48134240997107,6046151
2022-04-28,38.131988525390625,38.38468132397231,36.8807572706797,36.937816433344736,7544258
2022-04-29,38.49472427368164,38.75964359951172,38.04232439205415,38.678131395944575,6109500
2022-05-02,38.29501724243164,38.7963263124719,37.94450916960475,38.193125433109664,5828178
2022-05-03,39.77855682373047,39.77855682373047,37.96896062815771,38.59661135969784,7052181
2022-05-04,39.7989387512207,40.49180176569206,39.692970405769316,39.745953023749486,6933231
2022-05-05,40.36138153076172,41.00126194545508,40.194280586537914,40.446970274314076,8170451
2022-05-06,41.24580001831055,41.604461149794425,40.30024422442845,40.36137992724875,9701008
2022-05-09,39.23649215698242,41.49034133791838,39.15905650505231,41.31101077862379,7183004
2022-05-10,39.24463653564453,39.91712287431622,38.616982826850304,39.126441703193976,5848216
2022-05-11,41.042015075683594,41.042015075683594,39.448428968595366,39.448428968595366,8797325
2022-05-12,40.24318313598633,41.16428584840005,40.080155639441024,40.45104327181886,7785862
2022-05-13,41.637062072753906,41.84084565037821,40.83822771211487,41.28655407048085,7967412
2022-05-16,42.15059280395508,42.38698249104826,41.18058413174959,41.30285240785639,6645780
2022-05-17,42.655982971191406,43.06355015520283,42.24026270218488,42.38698713718826,7078811
2022-05-18,42.533714294433594,43.30809261551522,42.31362762784254,42.32993068938533,5409262
2022-05-19,42.003875732421875,42.786407140043394,41.62076466888421,42.43589909014288,5656368
2022-05-20,42.15059280395508,42.859761865234624,41.8326909327907,42.63152215275236,6462269
2022-05-23,43.43851089477539,43.43851089477539,42.53371125548857,42.79455400255439,7359549
2022-05-24,42.75380325317383,43.18582352400082,42.566322699617,42.794559354470316,5431602
2022-05-25,43.97650146484375,44.58785226432863,43.03094568602011,43.19397318778094,8414560
2022-05-26,44.930206298828125,44.995418541992585,44.245493293055745,44.253646378196756,6201292
2022-05-27,44.734580993652344,45.22366043633173,44.294407629546136,44.96281765230389,6085373
2022-05-30,44.9791145324707,45.25626034109213,44.50633510797323,44.669362602954806,4780314
2022-05-31,45.313323974609375,45.631225911010375,44.90575675163555,45.14214648723824,12431159
2022-06-01,44.11507034301758,45.44374020994791,44.11507034301758,44.9872638525479,6996945
2022-06-02,44.155826568603516,44.23734186989179,43.389601393438525,44.139526617836665,4883491
2022-06-03,44.40852355957031,44.530794968379716,43.9846532810531,44.32701136002478,3146284
2022-06-06,45.23180389404297,45.435587470029034,44.70196535268296,44.832386716934415,4635253
2022-06-07,45.411136627197266,45.4681957863745,44.95466335377936,45.28071524772201,4925987
2022-06-08,46.07139587402344,46.16921112969482,45.492651206188945,45.63937564444148,6888933
2022-06-09,45.411136627197266,46.79686572755368,45.411136627197266,46.27518020965267,6628185
2022-06-10,44.424827575683594,45.598620065605935,44.424827575683594,45.45189561567925,7594810
2022-06-13,43.4874153137207,44.38406494348764,43.13690730264219,43.66674586157223,7799410
2022-06-14,44.08246994018555,44.799785974908154,43.42220995533647,43.870533254410844,6886090
2022-06-15,43.63414764404297,44.34331687925254,43.25103655355834,44.24549850298767,7704110
2022-06-16,42.36253356933594,43.82162170656539,41.75933277639606,43.650444237707475,7330449
2022-06-17,40.21873092651367,42.50110659658904,40.21873092651367,42.38698827950891,16928170
2022-06-20,40.96050262451172,41.31916063255341,39.95381116696787,40.283939596068635,6026167
2022-06-21,41.71215057373047,42.11688371815795,41.200041884575434,41.45609465371506,5380452
2022-06-22,40.51034164428711,41.03484270339484,39.80825723467709,40.88616548592144,6997764
2022-06-23,39.72565841674805,41.18351809196021,39.717396821213285,40.36166578527873,6561491
2022-06-24,40.93159103393555,41.12156676076097,39.23832638103475,39.27962490410544,6726853
2022-06-27,41.29914855957031,41.670841526781444,40.70443981203251,40.774650759248765,5031536
2022-06-28,41.83604431152344,42.43074998722717,41.72040403345218,41.79474263677458,5344547
2022-06-29,42.09209442138672,42.959375972068756,41.83604169883666,42.125134498772276,6183440
2022-06-30,41.604766845703125,42.11687862378999,41.13808753994896,41.76996409183194,7951972
2022-07-01,41.42305374145508,42.14165815648933,41.01832063591251,41.505650791137,6672745
2022-07-04,43.30629348754883,43.30629348754883,42.26555303382145,42.34815323301632,5655336
2022-07-05,40.52685546875,43.29802810406154,40.51446622767356,43.27324962190865,6941767
2022-07-06,39.34983444213867,41.29915506536393,38.77577643880015,41.010062240256566,8692108
2022-07-07,40.78291320800781,41.092656852625595,39.80825295420718,39.82064219585184,6977326
2022-07-08,40.69618606567383,41.530427576476505,40.27080529055474,40.64662594736735,4266297
2022-07-11,40.4070930480957,40.803567721705285,39.886725946874826,40.36579452193342,3400071
2022-07-12,39.8660774230957,40.754009966080936,39.5232936493821,40.56816501212215,5045734
2022-07-13,39.932151794433594,40.241895439997926,39.151598059681504,39.67196511559936,4912501
2022-07-14,38.06956481933594,40.10561348017216,37.838290537659056,40.03540566621678,6375847
2022-07-15,39.26310729980469,39.50677395752204,38.11912207033239,38.416473345408285,5618585
2022-07-18,40.17994689941406,40.754004882153566,39.688485963491246,39.812384684591656,3862460
2022-07-19,40.55576705932617,40.75400438047144,39.78347491338338,40.04365844344093,4245206
2022-07-20,40.638370513916016,41.17525765640757,40.32449604313789,41.138089928080525,3485514
2022-07-21,39.55219268798828,40.76638864853575,39.11442272708339,40.74161016799395,5268507
2022-07-22,40.09321975708008,40.171686007667375,39.31679363955529,39.49851092678457,4695108
2022-07-25,40.55576705932617,40.57228709866122,39.523288232450504,40.10147700567594,4106096
2022-07-26,40.638370513916016,41.15460996873996,40.62598127114033,40.79943697175104,3976500
2022-07-27,41.088531494140625,41.28263804126899,40.51447344886244,40.720969239275476,3628557
2022-07-28,39.72153091430664,40.93572718685719,39.510904322953316,40.79943920710647,6537052
2022-07-29,41.10091781616211,41.27024586468608,39.589370376227855,39.78760455644441,7249813
2022-08-01,40.43187713623047,41.49739619055733,40.43187713623047,40.99354594854808,4625194
2022-08-02,39.845428466796875,40.708579344489124,39.845428466796875,40.47317427322072,5363885
2022-08-03,40.17994689941406,41.07613777596418,39.53155031418939,39.88259248947338,5484815
2022-08-04,40.175819396972656,40.92333312986242,39.64719069188759,39.76695862520774,5443280
2022-08-05,40.38231658935547,40.551644651257654,39.3415791838037,39.89498639408006,5624000
2022-08-08,41.15047836303711,41.47261127238342,40.07670094825759,40.758137645423126,4433097
2022-08-09,42.00123596191406,42.31511039665589,40.93984789069028,41.0637466059733,5807127
2022-08-10,41.74518585205078,42.35641157016684,41.35697279400719,41.819524455700076,4828451
2022-08-11,42.95112609863281,42.95112609863281,42.16644143396339,42.27382013145521,5853954
2022-08-12,42.89330291748047,43.75232610334641,42.678545545576235,43.38063307572408,4923926
2022-08-15,41.885597229003906,43.289768961029914,41.27437157268824,43.28151051740407,4366322
2022-08-16,42.538124084472656,42.942857136904124,41.99297543583287,42.067314031141706,4945532
2022-08-17,42.5711669921875,42.926339954414104,42.050796790410686,42.76940115894754,4312278
2022-08-18,43.611907958984375,43.6862465655691,42.5876906581232,42.64550922425848,5238130
2022-08-19,43.52104568481445,44.10749604382929,43.28151299544953,43.48800875754448,5364002
2022-08-22,43.81013870239258,44.00011441266657,42.827216924219464,43.01719578536852,5433708
2022-08-23,45.230838775634766,45.29691894424513,43.62017405170545,43.62017405170545,7449542
2022-08-24,44.305728912353516,45.26386909435603,44.305728912353516,45.2473490557676,4979158
2022-08-25,44.63612365722656,45.23909089047872,44.63612365722656,44.8673978971383,4435613
2022-08-26,44.570037841796875,45.13170648242588,44.39658218389301,44.677416504207514,5137140
2022-08-29,44.9334831237793,45.16475738979618,43.85144409900284,44.61134705927292,4260541
2022-08-30,43.30629348754883,45.28039256061254,43.24847492355013,45.14823539277617,5932492
2022-08-31,41.86908721923828,43.16588058948187,41.35697851814947,43.075025084335735,8940042
2022-09-01,41.47260284423828,41.943412870046316,41.15873159428284,41.85255424210531,5489709
2022-09-02,42.58769226074219,42.98416379382184,41.456093078938615,41.546951729391886,5595554
2022-09-05,43.925777435302734,44.3800674679855,42.27381138854708,42.45552866197026,6275171
2022-09-06,42.711578369140625,44.082709965172576,42.59594125816653,43.90099585544542,5889428
2022-09-07,41.12982940673828,42.34815644247422,40.85312580793452,42.12514061405941,7397732
2022-09-08,40.638370513916016,41.819526638623245,40.4566532175378,41.088529806102216,7900781
2022-09-09,41.16286087036133,41.6791002305822,40.89028812661971,40.89028812661971,5006277
2022-09-12,41.794742584228516,42.009499949501155,41.340452520440785,41.720403980999585,5252651
2022-09-13,41.315670013427734,41.88559714877229,40.96875551517989,41.6708429552856,5381636
2022-09-14,42.33989334106445,42.86852518455309,40.95637224536211,40.95637224536211,7432928
2022-09-15,41.32394027709961,42.546395087928374,41.18765543786395,42.18296359850663,7419261
2022-09-16,41.11330795288086,41.72040285348884,40.86964131243079,41.26198515532066,11658305
2022-09-19,40.72097396850586,41.290904432796566,39.92389999890637,41.290904432796566,5198075
2022-09-20,40.365787506103516,41.34044767833417,40.266670430366084,41.15047197030617,5664763
2022-09-21,40.98996353149414,41.580622699510606,40.746997212905804,40.79307714215532,6458138
2022-09-22,40.98158645629883,41.53873236252635,40.4872771072248,40.7721333964539,5748727
2022-09-23,38.966644287109375,40.87266833378219,38.71111450464988,40.755375136325384,7712933
2022-09-26,39.39812469482422,39.762570999966584,38.63152567311051,38.68179236568171,6841654
2022-09-27,40.08512878417969,40.57105823526298,39.38136635474858,39.51960294931529,6175010
2022-09-28,39.511226654052734,40.20242241825407,38.799087500633284,39.423256748936225,7467853
2022-09-29,39.6327018737793,39.81702155955764,38.840969690412564,39.69134846543613,6386339
2022-09-30,40.44538879394531,40.81821500008648,39.96783605358471,40.059992719057654,6218163
2022-10-03,41.68952941894531,41.915739073421854,39.879855379132565,40.1856582072211,5525970
2022-10-04,42.9881477355957,43.24786748788242,42.1084423155275,42.3430319190124,6660326
2022-10-05,43.45732116699219,43.61650754232925,42.25924937577184,42.91274511389212,5850376
2022-10-06,42.95463562011719,43.725421377195076,42.58599937055823,43.35678512763611,4458233
2022-10-07,44.06892395019531,44.236487042736016,43.21435825063806,43.281381570054236,6182146
2022-10-10,43.14732360839844,44.13594215258151,42.895980614928064,43.51595978575501,4187958
2022-10-11,42.259246826171875,42.67815293220609,41.80264070467455,42.51896976247307,4326044
2022-10-12,41.68534469604492,42.59437011781544,41.304138631173565,42.44356367413004,4757162
2022-10-13,42.97976303100586,43.2646192923326,41.68534478203568,41.70210140870193,5753679
2022-10-14,43.73380661010742,44.345409260280114,43.24787389857262,43.46570690581255,6719974
2022-10-17,44.39567184448242,44.55485501895101,43.90973921294664,43.99351915824589,5594092
2022-10-18,43.66677474975586,44.672150116000466,43.66677474975586,44.487830393322234,4782124
2022-10-19,44.07730484008789,44.479454353503606,43.683532043284906,43.90974174383128,3565309
2022-10-20,44.37053298950195,45.216725094482946,44.37053298950195,44.739172399988675,4262518
2022-10-21,44.3789176940918,44.44594101487339,43.68353196448142,44.08568147717167,5396712
2022-10-24,44.82294845581055,45.13293804557832,43.633256778539874,44.14431948750851,5017614
2022-10-25,44.61349868774414,44.94024492733666,44.48782558205478,44.8229517332265,3951699
2022-10-26,44.33702850341797,44.714044704161424,43.90974560657573,44.40405502621704,4574909
2022-10-27,45.644004821777344,45.77805463580313,44.521336430811466,44.82294931136941,7455904
2022-10-28,45.73617172241211,46.649387220064966,45.2753756153763,45.30888887305167,7009218
2022-10-31,46.163455963134766,46.74154848945803,45.00727730248874,45.7445498175673,6171638
2022-11-01,47.336395263671875,47.36990852293402,46.80857261629421,46.87559913481849,4966599
2022-11-02,47.11018371582031,48.023399221008376,47.009647137964805,47.46206653231489,5767784
2022-11-03,47.654762268066406,47.813945446987816,46.615873658894714,46.892353238916265,4767222
2022-11-04,48.392032623291016,48.86120861901267,47.93123653956439,48.11555625145504,6813963
2022-11-07,48.7271614074707,48.95337110348271,47.77205593275346,47.855835881202275,5007705
2022-11-08,47.87259292602539,48.66013851068747,47.83907966795462,48.383658925603925,4949391
2022-11-09,47.512332916259766,48.190962003400195,47.18558664334036,48.090425426194265,6005000
2022-11-10,47.353153228759766,48.1071824074213,46.92586715111786,47.210723470878996,6715663
2022-11-11,47.78042984008789,48.257982549370205,47.009644132474335,47.12693733180683,6404977
2022-11-14,47.688270568847656,48.433926137739356,47.62124725240797,47.688270568847656,5162544
2022-11-15,48.408790588378906,48.51770707532267,47.23585536067715,47.32801521916802,5591312
2022-11-16,48.794189453125,49.556598513517564,48.46743997352795,48.534466491188965,6723703
2022-11-17,48.11555480957031,49.0371469494061,47.98988170141093,48.59310750697612,4773178
2022-11-18,48.090423583984375,49.47281185461108,47.70502752679144,48.67688959188659,8763208
2022-11-21,46.60749816894531,48.4674392627589,46.506958393928194,47.931239913335155,7131003
2022-11-22,48.651756286621094,48.83607600125271,47.65476087638658,47.7217841933435,7090227
2022-11-23,48.2663688659668,49.4225507768052,48.03178243617365,48.80256824606565,4876026
2022-11-24,48.44230651855469,48.87796929437154,48.29987996284547,48.542843098820036,3992229
2022-11-25,48.96174240112305,49.221465326170005,48.44229974702895,48.44229974702895,3906723
2022-11-28,48.37528610229492,48.50933594936603,47.65476697578752,48.17420973368802,5425808
2022-11-29,49.380645751953125,49.74090522324356,48.57634687483945,48.702019972638304,5275940
2022-11-30,50.52845764160156,50.63737093232093,49.49794896387168,49.648752227636955,11137687
2022-12-01,49.657135009765625,50.41116415617122,49.648755097072076,50.10955441520914,4539663
2022-12-02,49.33876419067383,49.6068638620553,48.6433816667782,49.363897536115786,5694945
2022-12-05,49.22984313964844,49.74928900132742,49.028770002740345,49.16281982601237,5299979
2022-12-06,49.19575500488281,49.442924547898095,48.49685508739318,49.084952846842036,7256100
2022-12-07,48.19002151489258,48.888921449380064,48.096266090526505,48.599133433763356,5709652
2022-12-08,48.42014694213867,49.22984577538137,48.403100205993326,48.66731648791496,4901712
2022-12-09,47.97694396972656,48.420149377802474,47.35475270011979,48.36900916679396,5351717
2022-12-12,48.25820541381836,48.377529317578784,47.58487720669418,47.64453915857439,4958521
2022-12-13,49.34064865112305,49.87760946783475,48.411622651372795,48.43719438162836,5817155
2022-12-14,48.9911994934082,49.96284072453925,48.78664515597671,49.34917446091218,6946106
2022-12-15,48.09626388549805,49.38326153473355,48.070695407782246,48.1729725699778,7221555
2022-12-16,47.43997573852539,48.55651245316303,47.24394317055063,48.32638641649731,14509793
2022-12-19,48.283775329589844,49.04233719041568,47.8746601730255,47.891706908826706,4871006
2022-12-20,48.83778381347656,49.21280553070029,47.849095811279575,48.079221887394304,5152750
2022-12-21,50.27820587158203,50.414576528281714,48.77812539655263,48.837787355650434,5570095
2022-12-22,50.286712646484375,51.10493634312445,50.141820289328756,50.670256020325645,4761020
2022-12-23,50.46570587158203,50.67026345140756,50.01397874910505,50.048072220964706,2891433
2022-12-27,50.82368087768555,51.34359494443673,50.82368087768555,50.95152652029707,2963938
2022-12-28,50.602073669433594,51.35211375161444,50.320810670698435,50.91743338944837,3315104
2022-12-29,50.61060333251953,50.89186635720734,50.031027295264735,50.05659577441838,3328421
2022-12-30,49.988407135009766,50.60207333332505,49.988407135009766,50.35490380617901,3979635
2023-01-02,51.76509094238281,51.86858570370616,50.43689556024975,50.45414523547684,3907873
2023-01-03,50.868125915527344,52.54993135999068,50.61801056793228,51.575346126628595,5540506
2023-01-04,49.677913665771484,50.497254935457924,49.48817386660877,50.152271388774054,7364586
2023-01-05,49.971160888671875,50.18677687966724,49.445060634275876,49.505432848551465,5310799
2023-01-06,50.6093864440918,50.919874002282626,50.109155758109026,50.204027322005,4484094
2023-01-09,50.29890060424805,50.85950352458198,49.93666730067652,50.02291238532524,5476365
2023-01-10,50.376522064208984,50.64388708838852,49.86766817305378,49.96253973937681,4271013
2023-01-11,50.70425796508789,51.22173503494213,50.540387703937505,50.60075991908587,5506370
2023-01-12,51.27348327636719,51.609843695649104,50.919873183014545,51.20448458008427,5196954
2023-01-13,51.51497268676758,52.16182066619465,51.36835539064947,51.40285144912264,4834882
2023-01-16,51.21310806274414,51.963450745661525,51.21310806274414,51.74783476746376,3004776
2023-01-17,51.4028434753418,51.61845943503708,50.12639738875029,51.24759972115811,5951772
2023-01-18,51.4028434753418,51.85995154712195,50.88536648808848,50.91986583124895,4160371
2023-01-19,50.3161506652832,50.90262645750422,49.997039901587364,50.618011753909116,5908361
2023-01-20,50.756004333496094,51.32523043347784,50.531765144428924,51.290734374417596,4432005
2023-01-23,51.057865142822266,51.282104316253374,50.44551654418464,50.66975571761575,2854543
2023-01-24,50.618011474609375,51.092369311317135,50.48001736485051,50.98887126146867,3256019
2023-01-25,50.35926818847656,50.85949884552755,49.72104672469837,50.540384823599666,3975685
2023-01-26,50.462764739990234,50.80775163924016,50.083281782846434,50.48001441395662,3853592
2023-01-27,50.55763626098633,51.083739801400405,50.28164805782467,50.86812381205292,4442112
2023-01-30,49.94528579711914,50.18677464346131,49.5313035076588,49.89353677717206,4237634
2023-01-31,49.14319610595703,49.971160718957925,48.84995822759768,49.867665964842544,6043711
2023-02-01,48.2721061706543,49.47955367251062,48.2721061706543,49.143193273493225,5463460
2023-02-02,47.590755462646484,48.39284710561546,47.28026795052449,48.01336090633814,7436226
2023-02-03,48.5998420715332,49.08282306600979,47.539011812093236,47.57351115956418,6885333
2023-02-06,48.004737854003906,48.82407917112633,47.875366960233556,48.59983672726285,4990200
2023-02-07,49.62617111206055,49.62617111206055,48.6170866887402,48.7033350484471,5946952
2023-02-08,48.677467346191406,49.77279702933538,47.99612328143369,49.32431535111618,6647138
2023-02-09,49.89353561401367,49.9021620954898,48.88445442386087,48.99657565277964,5865632
2023-02-10,51.187232971191406,51.670213956798904,49.50543093835213,49.686547574190385,7483955
2023-02-13,51.35110092163086,51.50634468540103,50.81637093973865,51.17860748521527,4363617
2023-02-14,51.730587005615234,52.084197091322324,51.264855685892094,51.40284978543537,4513712
2023-02-15,51.747833251953125,51.920326687467366,51.42009605347994,51.747833251953125,4003007
2023-02-16,51.696083068847656,52.21356336372426,51.42872137536471,52.049693123162655,4559961
2023-02-17,50.59213638305664,51.49772289416564,50.29889850145536,51.35110559838448,6001310
2023-02-20,50.81637191772461,50.98886535745992,50.6266320950506,50.876747418164875,2339163
2023-02-21,50.57488250732422,51.04061380236008,50.12640088507177,50.84224750040896,3216732
2023-02-22,50.367897033691406,50.65250843223473,49.962537916027784,50.58351302563351,3643782
2023-02-23,50.98024368286133,51.43734851522775,50.25577384644803,50.51451236873017,4212988
2023-02-24,50.186771392822266,51.79095471685104,50.186771392822266,51.24760155773581,7818721
2023-02-27,51.07511520385742,51.2734815137934,50.54038519616342,50.652506428749426,3705232
2023-02-28,50.51450729370117,51.1958545229545,50.488634431083966,50.66112785862181,5134204
2023-03-01,50.00565719604492,50.76462635940733,49.988407523009556,50.54038389998632,4233092
2023-03-02,50.988868713378906,51.02336806160435,50.08328220771418,50.16952728823885,3962438
2023-03-03,50.89399337768555,51.14410869871896,49.79004063662592,51.0233642789204,4591569
2023-03-06,51.14411163330078,51.307981889606076,50.919872453671005,51.00611753275041,2939160
2023-03-07,50.88536834716797,51.50634338658981,50.79049679502979,51.40284535332713,3232677
2023-03-08,50.79912185668945,51.152731902026396,50.704250307202244,50.885366925293205,3066612
2023-03-09,50.4368896484375,50.78187653246424,50.057406708039096,50.78187653246424,3364708
2023-03-10,50.057411193847656,50.117783410456674,49.24669293074533,49.5830566533315,4766081
2023-03-13,47.556270599365234,49.90217403632909,47.219910122161636,49.90217403632909,8949682
2023-03-14,48.686092376708984,48.780963941008174,46.80592063526373,47.478641487510366,6586419
2023-03-15,45.943450927734375,48.392848459627274,45.63296340692507,48.34972592396789,12938098
2023-03-16,45.97795104980469,47.116403118665296,44.77912348195364,46.81453878386765,10421882
2023-03-17,45.831336975097656,47.487269585483055,45.39148177751789,46.616179092769116,17071713
2023-03-20,46.45231246948242,46.80592258475537,44.66701221797765,44.9171275724495,6375094
2023-03-21,47.616634368896484,48.228982989947156,47.1164069836846,47.314773299375425,6002122
2023-03-22,47.538028717041016,47.913582028471716,47.32841624930036,47.72143754401587,4699698
2023-03-23,46.66465377807617,47.398292484236684,46.63845346660962,47.24981627867884,4673803
2023-03-24,45.24977111816406,46.455031844002406,44.41132467329277,46.37642759391062,7869472
2023-03-27,45.52925109863281,46.11441346664575,44.84801316976453,45.86986839722861,5149680
2023-03-28,46.734519958496094,46.952864760516434,46.175557798392376,46.49871050419012,4556532
2023-03-29,47.02273941040039,47.16247995849179,46.498713187977025,47.145011973520674,3823711
2023-03-30,47.52055740356445,47.826238760434045,46.78691881540051,46.88299105089578,4041982
2023-03-31,47.476890563964844,47.67776736628108,47.08386928479089,47.42448661618265,4107237
2023-04-03,50.2717170715332,50.455125937204095,49.23239350270911,49.54681060481798,6909528
2023-04-04,49.54680252075195,50.621058556562886,49.54680252075195,50.36777778433631,4951522
2023-04-05,49.90488052368164,50.35030572401888,49.538062906158565,49.65159978871943,4394531
2023-04-06,50.219303131103516,50.926741470267196,50.06209461128936,50.1232308876974,4724688
2023-04-11,51.04902267456055,51.23243153486767,50.498792761961404,51.04902267456055,5937113
2023-04-12,51.05774688720703,51.660380663406194,50.88307038205254,51.083950528570405,4181958
2023-04-13,50.856868743896484,51.38963057144629,50.76953215943923,50.944208660030874,4042541
2023-04-14,51.284828186035156,51.52937329826307,50.621058121877574,50.83067059784241,3749179
2023-04-17,51.293556213378906,52.01846249484063,51.293556213378906,51.52936897969741,4233906
2023-04-18,51.22369384765625,51.49443928025305,50.70839996189399,51.35469873487739,3879152
2023-04-19,50.71712875366211,51.13635036057161,50.315375130166814,51.03154579176353,3813440
2023-04-20,50.2891731262207,50.778263318628326,50.10576097239078,50.6297904621266,3803974
2023-04-21,50.393978118896484,50.70839514906918,49.97475652255858,50.36777447859736,4733765
2023-04-24,50.83940505981445,50.94421296803861,49.86995356464414,50.149434656553744,2989471
2023-04-25,50.35030746459961,50.93546987421328,50.079558738727606,50.926737548974735,3437018
2023-04-26,51.005340576171875,51.180013730157455,50.35030625369541,50.52497940768099,5519770
2023-04-27,49.669071197509766,50.89180333697733,49.57299895819312,50.105760771365745,4578032
2023-04-28,50.60358810424805,50.70839600385708,48.82189712269738,49.90488543190689,5601590
2023-05-02,48.035858154296875,50.59485959159633,48.035858154296875,50.28917819055813,6736518
2023-05-03,47.71270751953125,48.76076324543094,47.40702279481863,48.2978699952495,5737923
2023-05-04,47.73890686035156,48.68215799400794,47.31094958711623,47.98345196981333,5681202
2023-05-05,49.022769927978516,49.188710757954325,48.00965030292871,48.16685880782237,5654428
2023-05-08,49.08391571044922,49.66034589620551,48.89177120463795,49.15378431967672,2789782
2023-05-09,48.42888259887695,48.98784481489468,48.18433413061099,48.76076766401658,4808038
2023-05-10,48.551143646240234,49.22364594395455,48.27166260455075,48.59481193431481,4400114
2023-05-11,47.92231750488281,48.996573559946405,47.50309587351732,48.55115161776974,3480678
2023-05-12,48.69961929321289,48.83935982209545,47.8000398467612,47.86117611991751,5045585
2023-05-15,48.80443572998047,48.944176283319266,48.35901042568471,48.57735524850643,3081718
2023-05-16,48.15813446044922,48.86557289860452,48.07079786241024,48.64722807182941,3482245
2023-05-17,48.20179748535156,48.47254624033202,47.79131152146949,47.91358407801638,3626153
2023-05-18,48.63847732543945,49.101370480154756,48.53367277396735,48.56860873501692,3570231
2023-05-19,49.0140380859375,49.398327052998376,48.821896934084194,48.83936158560775,4284593
2023-05-22,48.83935546875,49.05770023389643,48.52494180554757,48.629746359948385,2776246
2023-05-23,49.800079345703125,49.95728785864666,48.62975115583295,48.935432524513686,4171976
2023-05-24,49.66034698486328,50.10576895702601,49.101384772079626,49.78261955245001,4733500
2023-05-25,48.035858154296875,49.58173980742735,48.009657843258566,49.546803838258015,4285361
2023-05-26,48.69961929321289,48.743290915476265,47.81750782933115,48.55987876433033,3582070
2023-05-29,48.673423767089844,49.206185626944574,48.61228748792723,49.04024477374283,1854258
2023-05-30,47.005271911621094,48.67342617932532,47.005271911621094,48.66469385258818,5005853
2023-05-31,46.35897445678711,47.16248180688434,45.642800371613255,46.734524487513355,20748665
2023-06-01,46.979061126708984,47.232341857429844,46.16681832245019,46.29782318436746,3734990
2023-06-02,48.19306182861328,48.3328023595349,47.20614245491098,47.24981074613454,4788534
2023-06-05,47.904850006103516,48.96164141912487,47.7738451190422,48.85683351146294,3599391
2023-06-06,47.45942306518555,47.773840091729966,46.87425730318854,47.43322275686587,4122580
2023-06-07,47.85245132446289,48.04459249961334,46.996540033912616,47.511833939942406,3877214
2023-06-08,48.06206512451172,48.66469901530903,47.904856573145274,48.586094739625814,2721136
2023-06-09,47.992183685302734,48.262929082344854,47.56422644722121,48.12318855532013,3414257
2023-06-12,47.118804931640625,47.87864384512539,46.99653238598526,47.87864384512539,4603542
2023-06-13,47.302215576171875,47.791309109351225,46.91792994189482,47.075138458571146,4599884
2023-06-14,47.08386993408203,47.97471706860218,46.90919343740958,47.04020164283318,5283995
2023-06-15,46.944122314453125,47.26727161891109,46.65590563871313,47.05766251989705,4712235
2023-06-16,46.98780059814453,47.49436213663212,46.891728352453626,47.092605169954034,14221553
2023-06-19,46.99653244018555,47.581694861261646,46.84805625480637,46.87425656271217,3198357
2023-06-20,46.42884063720703,46.96160251094489,46.22796381019852,46.94413452620362,4843986
2023-06-21,47.695396423339844,47.73968454671113,46.68568937872818,46.72997412339002,5015479
2023-06-22,46.50855255126953,47.35883529193963,46.41998305141486,47.22597766344778,4549703
2023-06-23,46.10112762451172,46.84512291378525,45.98598457128693,46.38455407959594,4056035
2023-06-26,46.56169891357422,46.90712471275063,45.43684863246768,46.57941349028968,3915562
2023-06-27,46.05683898925781,47.1551189440954,45.67598408885757,47.13740436980823,3869258
2023-06-28,46.07455825805664,46.45541319726199,45.41913245748863,45.97712977890505,3652335
2023-06-29,45.994842529296875,46.48198152700861,45.97712795390793,46.09227100458118,2850371
2023-06-30,46.54397964477539,47.110832527685766,46.464265746946765,46.73883659029197,5980961
2023-07-03,47.385406494140625,47.83711635913465,46.81855357386972,46.89826747695219,3778611
2023-07-04,47.50054931640625,47.83711612447239,47.3942618603444,47.47397576303584,2222930
2023-07-05,46.67683410644531,47.58025709442019,46.623690385255216,47.37654456458902,4168681
2023-07-06,44.79913330078125,46.42883354257724,44.79913330078125,46.41997794504986,6645342
2023-07-07,45.259700775146484,45.50770144048618,44.790276374393954,45.10913195932383,3854940
2023-07-10,45.37484359741211,45.94169646618474,45.171131058866294,45.20656020784199,2929335
2023-07-11,46.0479850769043,46.10998439982389,45.303989823159476,45.34827457114351,2993897
2023-07-12,46.56169891357422,46.79198503216518,46.171988361964175,46.242843290115985,4116589
2023-07-13,46.62369155883789,47.12854509736855,46.55283664084371,46.641406133013824,4720779
2023-07-14,45.41912841796875,46.60597788090319,45.29512977506225,46.092268734760616,4619487
2023-07-17,45.13570022583008,45.977123899705504,45.091415480617584,45.21541411869637,3420502
2023-07-18,45.66712951660156,45.78226918398947,44.77256207791305,44.81684682527068,3194379
2023-07-19,46.340267181396484,46.53512412725049,45.41912955571714,45.658271249617144,3482010
2023-07-20,47.208255767822266,47.47396760489596,46.42883145085802,46.45540499966191,3966156
2023-07-21,47.819400787353516,47.899114683143964,47.44740148076156,47.73082791496991,3640287
2023-07-24,48.5279655456543,48.660819782531796,47.57139882233066,47.78397033152797,3507786
2023-07-25,48.129398345947266,48.90882274479243,47.934541401558555,48.71396580040372,2798807
2023-07-26,47.70425796508789,48.28882541070754,47.287973909717515,48.14711219294246,3848339
2023-07-27,48.1116828918457,48.35082457957691,47.3854022307552,47.651114090886665,4434934
2023-07-28,48.21796798706055,48.39511035715736,47.71311442844594,47.97882629423631,3948350
2023-07-31,48.94424819946289,49.130249544590946,48.12054243693714,48.27996685193174,4870605
2023-08-01,48.36853790283203,49.45795886628551,48.34196773111911,49.02396024895386,3157910
2023-08-02,47.039974212646484,48.58996393070509,46.99568946787242,48.25339378874515,4830711
2023-08-03,47.91682434082031,48.014252807960105,46.78311864037797,46.96911659834876,3961077
2023-08-04,49.21882247924805,49.28968078305081,48.005402745659744,48.173686149126475,4819429
2023-08-07,49.09482192993164,49.34281922624222,48.696252433211235,48.93539413124348,2908682
2023-08-08,48.855682373046875,48.997395602679326,47.71311755861096,48.80253864491849,4129912
2023-08-09,50.52081298828125,50.742240110377104,49.33396347869906,49.3516780539119,5811493
2023-08-10,51.21166229248047,51.46851855378941,50.95480603117153,50.99909415662518,5740615
2023-08-11,50.63595199584961,50.892808265006735,50.0779580881479,50.830808941928765,3998433
2023-08-14,50.11338424682617,50.689092695144474,49.874242566924295,50.35252254801855,3282687
2023-08-15,49.68824005126953,50.37909490305482,49.54652684195373,50.28166643814219,2927307
2023-08-16,49.883094787597656,50.11338085430292,49.440240605620616,49.475669751069,2958850
2023-08-17,50.27280807495117,50.40566568848988,49.590815569666894,49.6528148883291,3692613
2023-08-18,50.494239807128906,50.494239807128906,49.76795911161471,50.042529961366576,4022524
2023-08-21,51.00794982910156,51.645660995019426,50.79537831422574,50.83966643974417,4032124
2023-08-22,51.35337448120117,51.64565988553769,50.813091797095154,50.86623551934985,3192068
2023-08-23,50.45881271362305,51.37109135828129,50.007099500981425,51.37109135828129,4565278
2023-08-24,50.63595199584961,50.97252216306551,50.35252555357613,50.51195334969368,3675723
2023-08-25,50.76880645751953,51.273659987551724,50.74223628605768,50.79537662898139,3193362
2023-08-28,51.27366256713867,51.53051883322406,50.85737850684233,51.202807646772506,3013652
2023-08-29,51.24708938598633,51.58365952941954,51.20280464101841,51.24708938598633,3942878
2023-08-30,51.31795120239258,51.663380368491374,51.08766847036997,51.46852340998076,3306813
2023-08-31,51.4330940246582,51.813948962542916,51.2382370670307,51.45966419934926,15495463
2023-09-01,52.15937423706055,52.54908814849528,51.663379627903424,51.663379627903424,5079157
2023-09-04,52.00880432128906,52.54908704813029,51.83166194513804,52.336515521007094,2625890
2023-09-05,53.05393600463867,53.25764853692685,51.619085923585345,51.813942858256425,5901408
2023-09-06,52.70850372314453,53.13364671490465,52.47822103309133,52.80593218464333,3922557
2023-09-07,53.03622817993164,53.26651091308571,52.61108848730956,52.74394274072962,3647909
2023-09-08,53.47907638549805,53.5587902799964,52.7085076124441,53.053936741076676,3946074
2023-09-11,53.79793167114258,54.20535673916034,53.54993101254563,53.567645586638946,3958740
2023-09-12,54.285072326660156,54.355927246534236,53.46136318852743,53.55879165972522,4172597
2023-09-13,54.23192596435547,54.76335304175068,54.00164326258084,54.29392528324515,4838628
2023-09-14,55.16191864013672,55.25049150827652,54.23192548628018,54.4179234413096,6027529
2023-09-15,55.241634368896484,55.835060779681584,54.958207938844055,55.356777411952024,11416102
2023-09-18,54.90506362915039,55.41877272949951,54.72792127848509,55.16191648997029,2920791
2023-09-19,55.83506774902344,56.0210657334536,55.153071760736196,55.19735651245148,5182126
2023-09-20,55.82610321044922,56.19355695039918,55.0911957305493,55.71855327277446,5849513
2023-09-21,55.45864486694336,56.18458808235627,54.99260543223134,55.40486990256977,4339849
2023-09-22,55.485530853271484,55.66477731636478,54.858169941865924,55.29732360550239,3664079
2023-09-25,55.68270492553711,56.07704442783033,55.22562625219248,55.42279771276013,3846288
2023-09-26,55.485530853271484,55.60204156710841,54.795434192609555,55.56619159072137,3829260
2023-09-27,56.39969253540039,56.417617526072064,55.440727756941705,55.566199272800986,4817734
2023-09-28,57.01808166503906,57.851578234451424,56.83883520125711,56.87468517778189,5291582
2023-09-29,55.84402847290039,56.88365394360708,55.61100702564212,56.72233245514895,5302832
2023-10-02,55.16288757324219,56.534120101681424,54.956755338513574,55.852984229772886,3757875
2023-10-03,54.920902252197266,55.57514889550586,54.60722352555674,55.118073691138,4937929
2023-10-04,53.85440444946289,55.09120151177357,53.406289918653194,54.992615767980624,4791244
2023-10-05,53.56760787963867,53.88128666291791,52.94024689423788,53.522797113290544,4347964
2023-10-06,54.07845687866211,54.365249879225175,53.26288864227797,53.827513857879985,4534468
2023-10-09,55.019493103027344,55.74543976232545,54.42798214987994,54.88506081571868,5031105
2023-10-10,55.46760559082031,55.46760559082031,54.356283679052254,55.19873760693074,4160122
2023-10-11,55.28835678100586,56.363832089740114,55.252510225160066,55.56618895657175,4900536
2023-10-12,55.718544006347656,56.12184765845001,55.48552601782276,55.55722596434834,3502737
2023-10-13,56.61478042602539,57.009123347177734,55.960533710926924,55.960533710926924,4813149
2023-10-16,56.51620101928711,57.260069298965476,56.40865107953133,56.91950132742337,3263358
2023-10-17,56.623741149902344,56.9643090830095,56.202512480502484,56.34590896515152,3025021
2023-10-18,57.16147994995117,57.511008684955144,56.820915418781276,57.00912267319233,3976524
2023-10-19,56.75818634033203,57.34073316088093,55.86195730670993,56.9912043847831,4004637
2023-10-20,56.07704544067383,57.33176734520691,56.0322346766924,57.07186012773558,5307933
2023-10-23,55.83506774902344,56.229410709320604,55.521388956825625,55.65582125969222,3450318
2023-10-24,55.59308624267578,56.381768754946044,55.386953973790625,55.39591817874007,3034036
2023-10-25,55.74544143676758,55.84402716839374,55.01053397044441,55.09119471278926,3233178
2023-10-26,55.99637985229492,56.238362059465196,54.965718694542105,54.965718694542105,4339376
2023-10-27,56.46242904663086,57.60063690930699,56.310071752152574,57.000165098585605,5486583
2023-10-30,56.453460693359375,57.17044313947279,56.16666429607203,56.462421478192425,3524500
2023-10-31,56.64167404174805,56.86573129395524,55.90676652801582,56.43554177997851,4603192
2023-11-01,57.02705001831055,57.573746815306485,56.471385598267965,56.60582131059747,3545953
2023-11-02,57.88742446899414,57.93223865146766,56.489309498178834,57.340727682543765,4449462
2023-11-03,55.86195373535156,58.075640400902635,55.2883643186764,58.003940441752405,5702375
2023-11-06,56.157711029052734,56.44450404589098,55.619974977191625,55.619974977191625,2997232
2023-11-07,54.88505935668945,55.835059802914465,54.88505935668945,55.66477754264668,3820985
2023-11-08,54.47279357910156,55.216665236248076,54.427982816116824,54.72374000573182,4155905
2023-11-09,54.992610931396484,54.992610931396484,54.01572120339482,54.2218534591769,4280731
2023-11-10,55.60204315185547,56.08600759034854,55.100153724657986,55.13600370206681,4340517
2023-11-13,56.27421569824219,56.38176221326019,55.61996898538275,55.64685475942672,3205876
2023-11-14,56.0501594543457,56.7133669639871,55.69166650616399,56.46242395156518,4106459
2023-11-15,56.112892150878906,56.2383636502552,55.61100273453177,55.90675991349757,3698059
2023-11-16,54.63411331176758,56.18458890952592,54.535527585052215,56.08600660165251,4534470
2023-11-17,55.39590835571289,55.69166210859344,54.79543322775005,55.073265411594576,4899574
2023-11-20,56.46242904663086,56.56997557325332,55.55723922811047,55.64686076382211,3995526
2023-11-21,56.4176139831543,56.749217742650096,56.02327105082636,56.184592537898304,2942580
2023-11-22,55.43175506591797,56.91053409093572,54.76854760681127,56.72232684596019,4483162
2023-11-23,56.29214096069336,56.44449823947219,55.861951479689374,55.942608802213165,2706809
2023-11-24,56.58789825439453,56.97327699614084,56.202519512648216,56.202519512648216,3073543
2023-11-27,56.336952209472656,56.88365241468179,55.996384252010195,56.12185575769581,3354541
2023-11-28,56.63270568847656,56.883652117378325,56.193555420872144,56.22940539912126,3167871
2023-11-29,55.27939987182617,56.24732532434909,55.17185335906629,55.754400103787475,3898942
2023-11-30,55.79921340942383,56.955349585530456,55.440723877602146,55.440723877602146,12263058
2023-12-01,55.88883972167969,56.283179241968526,55.611007507186635,56.20251849704101,2970446
2023-12-04,55.019493103027344,55.38694682515161,54.481757116108625,55.07326806925603,4802465
2023-12-05,55.00156784057617,55.59307879078,54.75958562201433,54.79543559932171,4240825
2023-12-06,54.356285095214844,55.29732477276651,54.338360106642945,54.85817109986,4298435
2023-12-07,54.374210357666016,54.64308178566238,54.14119232809036,54.30251381735129,3742989
2023-12-08,55.47657012939453,55.54826666340527,54.55345204004707,54.55345204004707,3668041
2023-12-11,55.539306640625,55.870910380012795,55.100152970482796,55.56619241389261,3493872
2023-12-12,54.94779586791992,56.094967782136045,54.91194589089017,55.476571063161785,4042135
2023-12-13,54.992610931396484,55.31525391221792,54.696853726029424,55.02846091123048,5328497
2023-12-14,55.037418365478516,55.29732557528,54.58930390120371,55.05534335431055,5278495
2023-12-15,55.23459243774414,56.45346438526899,55.0643067452021,55.4765746701653,11877782
2023-12-18,55.87987518310547,56.27421811987792,55.207703452343935,55.207703452343935,3931620
2023-12-19,55.55723190307617,55.763364143109065,55.24354973175848,55.41383541353842,3651206
2023-12-20,55.700626373291016,56.39968380708927,55.566190673479724,55.66477639749576,3566464
2023-12-21,55.566192626953125,55.9515713331958,54.97468168090376,55.566192626953125,2710158
2023-12-22,55.83506774902344,56.32799303055248,55.77233199058387,55.79025698140124,2558139
2023-12-27,55.9874267578125,56.33695552100863,55.87987681618114,56.08601249488676,2788341
2023-12-28,55.037418365478516,56.01430803435129,54.94779684016037,55.80817579104592,3359184
2023-12-29,55.207698822021484,55.50345599979539,54.81335933716488,54.89402007484486,2199645
2024-01-02,56.23275375366211,56.523033856147535,55.91525751253557,56.10575318096443,4444831
2024-01-03,56.0059700012207,56.305319831187134,55.5796196035592,56.16017978566155,3492054
2024-01-04,56.67723846435547,57.1489444528666,56.28717396347918,56.40510132570982,3956219
2024-01-05,56.69539260864258,56.87681855707266,56.16925770423654,56.44139835708775,2376845
2024-01-08,54.926490783691406,56.28718008532081,54.926490783691406,56.24182446734887,3900649
2024-01-09,54.53642654418945,55.48890836855352,54.53642654418945,55.19862825942184,3053098
2024-01-10,54.21894073486328,54.699716578667285,54.155442169093405,54.42757937388035,2757095
2024-01-11,53.95586395263672,54.59085296108625,53.84700978160334,54.16450255562225,4264632
2024-01-12,54.554569244384766,55.18955827798086,54.509213626359006,54.65435368028853,3034026
2024-01-15,54.37314224243164,54.672495544255106,54.11914801815362,54.5454984321161,2068080
2024-01-16,54.04658508300781,54.50921796031277,53.72001907059861,53.974013320067044,3483825
2024-01-17,52.84917068481445,53.29366404367481,52.40468078636591,53.27552110449563,4637885
2024-01-18,53.075958251953125,53.13038707566208,52.54075359692452,52.67682392599079,3715641
2024-01-19,52.867313385009766,53.720014220517534,52.85824364566708,53.47508973332351,3426875
2024-01-22,52.386539459228516,53.30273542329351,52.11440228399023,52.958029949517254,4019036
2024-01-23,52.722171783447266,53.0396680177006,52.39560581011776,52.89452796959989,3795632
2024-01-24,53.3934440612793,53.5295109032475,52.53167355383456,52.74031214651502,4325754
2024-01-25,53.46601867675781,54.1191506687894,53.25738005939482,53.69280023394523,3108343
2024-01-26,54.082862854003906,54.68156600514004,53.99215161853945,54.21893316761241,3519412
2024-01-29,54.618072509765625,55.45263048710791,54.37314799881991,55.02628002800847,3413933
2024-01-30,54.8176383972168,54.96277845571016,54.40943090132549,54.51828508009252,2824518
2024-01-31,54.51828384399414,55.38912763562152,54.51828384399414,55.334698817266094,5020356
2024-02-01,54.95370864868164,55.33470000410562,54.545501153290274,55.162347266234576,3477664
2024-02-02,54.246150970458984,54.81764149702324,54.019369399963416,54.71785705233924,3260710
2024-02-05,53.72001647949219,54.228004953926984,53.41159342269451,54.064721955598095,3591602
2024-02-06,54.699710845947266,55.062562721243246,54.40036099017823,54.491072228796256,4251414
2024-02-07,52.96709442138672,54.40035537439632,52.76752556453435,53.06687884981291,5782026
2024-02-08,53.6837272644043,53.7925814363898,52.24139650905241,52.885455262216574,3394759
2024-02-09,54.173580169677734,54.336863169739466,53.76537266952341,53.90143952930019,3136947
2024-02-12,54.26428985595703,54.50921434903751,53.93772386518307,54.20079129779675,3055670
2024-02-13,54.699710845947266,55.253058398588266,54.03750911488224,54.40036099017823,3140127
2024-02-14,54.80856704711914,55.053491552921244,54.48200449979507,54.81764024756296,2957326
2024-02-15,54.20079040527344,54.645283765487854,53.22109244908421,54.20079040527344,5495770
2024-02-16,54.32778549194336,54.80856125227187,54.02843565677653,54.708780280824065,4848959
2024-02-19,54.1463623046875,54.64528448921301,53.9558666308206,54.50014443382701,2312753
2024-02-20,53.157588958740234,54.11914388645901,53.13944948160103,53.937717971363384,3442884
2024-02-21,53.447872161865234,53.638371287073475,52.903597845186106,53.06688083227218,3222466
2024-02-22,53.638370513916016,54.20985750006803,53.320874283419904,53.72001200628226,3543583
2024-02-23,54.11914825439453,54.1735770714396,53.45694655219923,53.62022954292265,3264682
2024-02-26,53.69280242919922,53.765374191464055,53.13038511329508,53.68373268912216,2855778
2024-02-27,53.9740104675293,54.327789142137945,53.565802973591644,53.59301911346211,2365829
2024-02-28,53.883296966552734,54.1282179922194,53.59301686314386,53.91957938417001,2786832
2024-02-29,53.511375427246094,54.07379269567428,53.511375427246094,53.64744227938857,14240651
2024-03-01,54.246150970458984,54.2824368522372,53.64744776276716,53.72001952632357,3010134
2024-03-04,53.87422561645508,54.46385904322935,53.729085559767675,53.96494031464214,2741093
2024-03-05,53.665584564208984,53.783511936290964,53.257377091934245,53.56580013094052,3098188
2024-03-06,54.4094352722168,54.65435978942718,53.68373492145208,53.75630322632244,3491791
2024-03-07,54.35499572753906,54.618063134183956,54.00121709259461,54.1372873954555,3151539
2024-03-08,54.47292709350586,55.089773180400414,54.46385735417438,54.618067145692116,3278520
2024-03-11,54.545494079589844,54.69063411908304,54.218928125627265,54.309639352656205,2712053
2024-03-12,55.03534698486328,55.243989063956064,54.70878444719678,54.98999136522171,3505196
2024-03-13,56.0059700012207,56.12389390917724,54.908344730246085,55.05348477577167,4217299
2024-03-14,56.88588333129883,56.9221692098996,56.024112746795666,56.160183061342636,6905212
2024-03-15,56.67723846435547,57.52993575488821,56.67723846435547,56.90401998996208,14595607
2024-03-18,56.813316345214844,57.14895207898561,56.57746158928042,56.67724602752868,3014932
2024-03-19,58.328216552734375,58.437067265773216,56.97659701244303,57.13988000282485,4728370
2024-03-20,57.99784851074219,58.337391892728554,57.77760197874842,58.13549953012591,4243839
2024-03-21,57.74088668823242,58.52092304029359,57.60323568542124,58.27314703439412,3750719
2024-03-22,57.67665100097656,58.03455202329038,57.36463714867448,57.538999993040086,2400377
2024-03-25,58.0253791809082,58.163033703758934,57.55736010447561,57.584889608765785,2815602
2024-03-26,57.79595184326172,58.25479554176399,57.59405949569685,57.814306011285765,2681684
2024-03-27,57.85101318359375,58.236440202246534,57.162747649685606,57.447228496586604,2687714
2024-03-28,58.24562072753906,58.41998007427301,57.97949053986648,58.17220405478816,3452878
2024-04-02,60.53065872192383,60.62242605960959,58.915526973338004,58.915526973338004,6167933
2024-04-03,61.17304611206055,61.26481345278187,60.549018393196526,60.83349924985242,3604306
2024-04-04,61.530941009521484,61.65941668131493,61.02621015504795,61.090447990944675,3487338
2024-04-05,61.30153274536133,61.8337862172308,61.24646672996751,61.65943033911863,3537494
2024-04-08,62.33851623535156,62.50370027621949,61.19140678526883,61.23729396383232,3533695
2024-04-09,61.85213088989258,62.48533042193575,61.650238545815384,62.15496940600836,3013797
2024-04-10,62.476165771484375,62.67805813877141,61.76037065212117,62.27427340419734,3069874
2024-04-11,62.127437591552734,63.41220142239333,61.95308173692838,62.76982300767284,3406929
2024-04-12,63.40302276611328,63.61409396091584,62.84323986107964,62.907477702732656,3391229
2024-04-15,62.668880462646484,63.458092275875075,62.54958360767938,63.22867039996909,3609707
2024-04-16,61.71448516845703,62.1549782547364,60.016764671909606,61.87049036512677,3252933
2024-04-17,62.09074020385742,62.41192943164591,61.677776624072166,61.686955459551854,2967935
2024-04-18,61.870487213134766,62.08155841071146,61.255638291889184,61.73283269309776,3721241
2024-04-19,61.74201202392578,61.98061272714588,60.732557204548115,61.46670998304084,4151819
2024-04-22,62.31097412109375,62.44862862753147,61.714475927463006,61.98978494033844,2603386
2024-04-23,62.320159912109375,62.852413327606165,62.05402970366107,62.40274842435205,2651398
2024-04-24,62.320159912109375,63.045126857572214,62.072380372581726,62.852413327606165,2559602
2024-04-25,62.45781707763672,62.56794211236629,61.88885523503619,62.22839517300079,2708031
2024-04-26,63.76092529296875,64.33906584951997,62.210031306135264,62.29261981361426,4902657
2024-04-29,63.54985046386719,64.00869414952687,63.21030361597537,63.38466645697373,3282811
2024-04-30,62.944175720214844,64.1004638103911,62.93500388717641,63.94445863194649,3628541
2024-05-02,61.347412109375,62.33851635650883,60.80597980855588,62.164153479309235,4081964
2024-05-03,60.89773178100586,61.63188444559058,60.55818494839065,61.34739661232968,2803917
2024-05-06,61.723663330078125,61.93472753470339,61.22811123894922,61.4208247741549,1730316
2024-05-07,61.54930114746094,61.93472822215037,61.411646620386115,61.65942616940082,2163667
2024-05-08,61.69613265991211,61.76954233760387,61.136342734288135,61.46671078880064,2516216
2024-05-09,62.723941802978516,62.79735848633229,61.861320278472576,61.861320278472576,2421906
2024-05-10,63.02677917480469,63.50397360474875,62.925832987458804,63.01760033920957,3111904
2024-05-13,63.09102249145508,63.24702770309777,62.705595379843466,62.96254678758454,1627993
2024-05-14,62.696407318115234,63.34796457798681,62.622990640591745,63.09101320805433,1723131
2024-05-15,61.91637420654297,63.24701822642421,61.576827324960995,63.091013038156696,2714425
2024-05-16,60.989505767822266,62.15497272490069,60.68666723553579,61.99896054071103,3434553
2024-05-17,61.439178466796875,61.81543372171275,61.0721090491428,61.127168061510844,3520169
2024-05-20,61.48505783081055,62.356858089045836,61.48505783081055,61.842955368519725,2152355
2024-05-21,60.9344482421875,61.45752981002138,60.6407885374632,61.301524623442766,2660592
2024-05-22,59.805694580078125,60.50313906245752,59.76898623875287,60.47560955681364,3025648
2024-05-23,60.29206085205078,60.60407821639928,59.7965158051786,59.842395975459674,2051948
2024-05-24,60.558189392089844,60.64995673154706,59.768977670239245,60.090173860438306,2351491
2024-05-27,60.9344482421875,61.03539442206769,60.45724684613575,60.58572252936516,1545713
2024-05-28,60.69584274291992,61.43916728014769,60.59489657102491,61.22810310356654,1878177
2024-05-29,60.227821350097656,61.42999660122873,60.17276234672038,60.88855739622177,3239603
2024-05-30,59.934165954589844,60.1819454903279,59.530388231912546,60.04429097062895,3499796
2024-05-31,61.494239807128906,61.494239807128906,60.20029710361414,60.218654773941914,9410554
2024-06-03,60.49394989013672,62.18249829557399,60.42053322003096,61.85213028149712,2959073
2024-06-04,59.03483200073242,59.75062705103411,58.631047305116404,59.530384035879564,4535748
2024-06-05,59.392730712890625,60.08099627522839,58.998124843761,59.37437304377797,2946877
2024-06-06,59.622154235839844,59.622154235839844,59.02565599817113,59.54873756013302,2705044
2024-06-07,59.59462356567383,59.97087176885348,59.31013570323131,59.585444731040354,3178823
2024-06-10,59.8423957824707,59.8423957824707,58.62187333495984,59.05318404162774,3702340
2024-06-11,58.823760986328125,60.34712543220677,58.695285310338264,59.91581123364114,3744259
2024-06-12,58.67692947387695,59.28260300110773,58.45668646435641,58.82375931379049,3028206
2024-06-13,57.18110656738281,58.777884279002045,57.10768989066477,58.59434258720694,4992598
2024-06-14,56.36436080932617,57.474765270777745,55.84127924927946,57.25451874516345,6707644
2024-06-17,56.89662170410156,57.16275190385321,56.17164778092974,56.19000194995052,3550252
2024-06-18,57.68583297729492,57.851016996375606,56.612136853270464,56.933329557349474,3657541
2024-06-19,57.416316986083984,58.21557351939292,57.37914498438181,57.87170857317464,3879374
2024-06-20,57.90888214111328,58.26203918937424,57.193268840286855,57.49066611527249,4946318
2024-06-21,57.40702438354492,57.890295854114285,57.07245155428495,57.620778458848726,7655355
2024-06-24,58.09475326538086,58.2062799033755,57.05386279421728,57.09103834021549,2740180
2024-06-25,58.43862533569336,58.89401339373583,58.2062834768232,58.47579733871847,2926768
2024-06-26,57.657955169677734,58.894011985784324,57.50925652536592,58.75460900094812,3708769
2024-06-27,57.657955169677734,57.95535245830136,57.50925652536592,57.732302719205975,2275177
2024-06-28,57.92747116088867,58.47579451792668,57.58360267376468,58.31780376323883,3842392
2024-07-01,59.117061614990234,59.85126272096426,58.72672545861271,58.92189530942913,3968464
2024-07-02,59.488807678222656,59.87914027412569,58.77319437381192,59.479512019126766,3568058
2024-07-03,60.25088882446289,60.34382414417161,59.516687744896345,59.53527197263393,3733317
2024-07-04,61.14308547973633,61.14308547973633,60.23230225752061,60.33453324441761,2692925
2024-07-05,60.74345397949219,61.22672190884701,60.37170560048278,61.01297137701124,3001682
2024-07-08,60.11148452758789,60.79921442753458,60.07430898022447,60.24159539810454,2731401
2024-07-09,58.75460433959961,59.67467602039197,58.47579130153642,59.62821190772151,3564862
2024-07-10,58.58732223510742,58.96836273047267,58.36427249733628,58.55014668793635,3029126
2024-07-11,58.38286590576172,58.87542954492481,58.05758869975886,58.60591566506058,3134492
2024-07-12,59.014827728271484,59.42374809293143,58.754606000329254,59.04270761476382,3135787
2024-07-15,58.810367584228516,59.200703733416404,58.494382528316514,58.98694965813112,3073244
2024-07-16,57.89958953857422,58.73602163441092,57.6858354574727,58.73602163441092,2557447
2024-07-17,58.392154693603516,58.81036718202684,57.8717076799974,57.89958756715755,2858921
2024-07-18,59.293636322021484,59.460922728927045,58.60590646719202,58.63378635325792,3422747
2024-07-19,58.29921340942383,59.163525328089904,58.14122266172932,59.01482669397827,4161797
2024-07-22,58.680259704589844,58.83825401321946,58.12264065764453,58.4943855071896,2462653
2024-07-23,57.74159240722656,58.67095972437698,57.67653697864643,58.392150238282845,2672344
2024-07-24,58.04828643798828,58.122637531050984,57.128214705496426,57.51854730830988,2478368
2024-07-25,57.592899322509766,57.72301019219523,56.2453158738647,57.08174441266642,2587208
2024-07-26,57.74159240722656,58.49437766515522,57.60218589155202,58.262035835867614,2587272
2024-07-29,57.37914276123047,58.62449517401195,57.174680806141595,58.35497778689573,1951085
2024-07-30,57.695133209228516,58.03899817431757,57.397732362503234,57.79736065108868,2382486
2024-07-31,58.066871643066406,58.73601727001471,57.927468667622236,58.16910261887852,4072989
2024-08-01,57.53713607788086,58.44791571213844,57.30479422591958,57.91817657328715,3223324
2024-08-02,56.8215217590332,57.81594458449216,56.74717421123289,56.970220399889065,4188934
2024-08-05,55.29735565185547,55.520405369018846,53.89401255572898,55.31594342372367,5144823
2024-08-06,55.04643249511719,55.724870294099844,54.200708274987534,55.69699040566048,3930534
2024-08-07,56.617061614990234,56.98881000168537,55.13937081827824,55.15795504688317,4208443
2024-08-08,56.607765197753906,56.80293149056874,56.03155843290555,56.45906656342997,2571282
2024-08-09,57.01668930053711,57.2490311535063,56.579889027728655,56.96092952478791,1895672
2024-08-12,57.360557556152344,57.61148718174259,57.044572495622624,57.30479423538052,2429529
2024-08-13,57.00739669799805,57.65795458979008,56.71929152649228,57.56501572224534,2281396
2024-08-14,57.11892318725586,57.43490826517021,56.70070712159635,57.2304498349354,2127767
2024-08-15,58.066871643066406,58.16910261887852,57.25832304067393,57.509252650779544,2235687
2024-08-16,57.92747116088867,58.243452670264375,57.555722786526886,58.020406481851495,3093759
2024-08-19,58.475791931152344,58.65237399652765,57.750886532995025,57.89029305352763,2036242
2024-08-20,57.592899322509766,58.25274933034625,57.592899322509766,58.08546291353484,2187536
2024-08-21,57.74159240722656,57.85311549261322,57.36055194900509,57.6114815500663,1811404
2024-08-22,57.267616271972656,57.611484751007495,57.137505407583326,57.16538529416528,2050324
2024-08-23,57.76947784423828,57.84382893847826,57.54642810677363,57.611487086861274,2355294
2024-08-26,58.4200325012207,58.670962112495644,57.76018253004684,57.95534882373121,2112563
2024-08-27,58.28992462158203,58.95906674063484,58.2806289622137,58.810368098039184,1876471
2024-08-28,58.00181579589844,58.46649946788777,57.88099704850979,58.33638860697157,2202823
2024-08-29,58.28062438964844,58.30850782031047,57.49995569095691,57.760180954024094,2226817
2024-08-30,57.797359466552734,58.93118887095359,57.685836367101054,58.420037491106704,4432349
2024-09-02,58.066871643066406,58.16910261887852,57.59289585414808,57.7694743744794,1391271
2024-09-03,56.23602294921875,58.224872274110574,56.189555285679255,58.00182252576333,3566724
2024-09-04,55.9200325012207,56.70999688651741,55.67839854687727,56.12449445545717,3561212
2024-09-05,56.28248977661133,56.682118033401125,55.892153633703884,55.92003352060613,3766255
2024-09-06,55.631935119628906,56.366136242731876,55.50182424621935,55.854981318258034,4014800
2024-09-09,56.65423583984375,56.7564668210606,55.9665059493481,56.03156138371241,3953410
2024-09-10,55.64122772216797,56.88658023541438,55.278774987274424,56.505539726262775,3670909
2024-09-11,55.93862533569336,56.18955497171109,55.42747394910411,55.67840358512184,3497158
2024-09-12,56.607765197753906,56.83081492186735,56.040850546501694,56.440478790982596,3350991
2024-09-13,56.75646209716797,57.063155015292196,56.58917569551021,56.66352678302698,2596972
2024-09-16,56.895870208740234,56.96092563951378,56.39401098969705,56.42189087566998,2240585
2024-09-17,57.06315994262695,57.37914500134821,56.93304552823737,57.04457216914273,3261846
2024-09-18,56.90516662597656,57.295502785393566,56.72858809270181,57.23044734969996,2815423
2024-09-19,58.22486877441406,58.32709620995422,57.54642745554541,57.63007066299119,3887980
2024-09-20,57.61148452758789,58.159811414855895,57.37914268629222,57.74159539147265,7466641
2024-09-23,57.732295989990234,58.37356169935964,57.48136639222677,58.15980764465481,3232740
2024-09-24,58.27133560180664,58.708135860883104,58.02969809697223,58.07616930230938,3726537
2024-09-25,57.14186096191406,57.94190565533245,56.81243311729687,57.5465886512976,5128839
2024-09-26,55.814735412597656,56.06886701976877,54.82644822281743,55.82414968906388,7503258
2024-09-27,55.67355728149414,56.11593136146728,55.37236504345063,55.37236504345063,4691916
2024-09-30,55.06175231933594,56.13474999518237,54.78879576235906,56.106514348079344,5762846
2024-10-01,55.82415008544922,56.021806806709854,54.43113516959722,54.675852502039746,4963687
2024-10-02,57.07597732543945,57.85719708411639,56.63359969869496,56.64301397485661,5178446
2024-10-03,57.904258728027344,58.139565369351985,57.39599552104746,57.603066514371356,3953389
2024-10-04,58.96784591674805,59.33492370376,57.97955514803044,58.32781156331896,4538190
2024-10-07,59.560813903808594,59.74905992864818,58.704297901758046,59.109025598490156,3710863
2024-10-08,58.43135070800781,59.52317345134198,58.28075100086345,59.31610244451312,3138382
2024-10-09,58.33721923828125,58.46899037651079,57.923080862346396,58.00779139270742,2584475
2024-10-10,58.741947174072266,59.005489451631554,58.36545512856393,58.57252611264294,3050825
2024-10-11,58.70430374145508,58.949024675238796,58.41252578489824,58.77018931812886,2518382
2024-10-14,58.8172492980957,59.08079158586526,58.506642809943536,58.56311769610603,2279185
2024-10-15,55.993568420410156,57.000680530538816,55.76767247108952,57.000680530538816,7458044
2024-10-16,55.918270111083984,56.90655728673092,55.918270111083984,56.29476217347063,4297202
2024-10-17,56.26652145385742,56.774784647551975,55.937093600811494,55.9653292480742,3102289
2024-10-18,56.15357971191406,56.934799525865934,56.040633523443226,56.29476514037355,3161920
2024-10-21,56.41712188720703,56.84067458113016,56.0029834700903,56.0029834700903,2818310
2024-10-22,56.70890426635742,56.8312647331835,56.17240537630531,56.4265369964081,2594467
2024-10-23,56.48300552368164,56.88773324059133,56.29476307995157,56.454769875221025,2983862
2024-10-24,56.54889678955078,57.405412866140104,56.36065074832898,56.77478916662126,2676298
2024-10-25,56.727725982666016,56.90655773894887,56.238287733871736,56.34182323137555,2461132
2024-10-28,56.21946334838867,56.21946334838867,55.287651042282455,56.1724027373571,3820320
2024-10-29,55.90886306762695,56.86891106731924,55.871213140836566,56.47359760750414,3257456
2024-10-30,55.66414260864258,56.068870348853785,55.46648587704957,55.53237145424724,3561327
2024-10-31,54.02640914916992,54.94881080121497,53.809923868036705,54.68526490742025,6129258
2024-11-01,54.49702072143555,55.250001271526465,54.14876429974173,54.14876429974173,3746239
2024-11-04,54.66644287109375,55.00528143243983,54.50643248139365,54.59114301935381,2756060
2024-11-05,54.86410140991211,54.93939767364671,54.3652488518799,54.59114482407303,2835429
2024-11-06,54.1864128112793,55.40059593627899,53.5840283869213,54.69467601576676,5487030
2024-11-07,54.3464241027832,54.76056250383362,54.3464241027832,54.39348471350572,3786884
2024-11-08,53.49931716918945,54.55348989834502,53.43343159802313,54.468779365346265,3327420
2024-11-11,53.80051040649414,54.082877658392356,53.68756422383373,53.791099720645114,3669304
2024-11-12,52.44514846801758,53.696978006817325,52.18160257261662,53.67815304353907,5104044
2024-11-13,52.55809020996094,52.96281790996063,51.94629152191647,52.623975780612575,4171178
2024-11-14,53.79110336303711,54.07347063405544,53.16989393059891,53.41461127468289,4959955
2024-11-15,54.129940032958984,54.675853182851064,53.358134510383266,53.54638054794931,3875740
2024-11-18,54.68526077270508,54.80762122876909,54.05464071163349,54.242886738540975,2868832
2024-11-19,54.09229278564453,54.89233394369041,53.584029569935765,54.31818515451879,3912361
2024-11-20,53.998165130615234,54.374657179578875,53.89462963762551,54.10170062360495,3083203
2024-11-21,53.8193359375,54.1393531171654,53.480493795443174,53.734625401985795,3143357
2024-11-22,53.73462677001953,54.252300682232764,53.18871361825299,53.90404784536125,4700961
2024-11-25,52.595741271972656,54.01699180029073,52.595741271972656,53.69697462570002,7524531
2024-11-26,51.701576232910156,52.46397105390602,51.701576232910156,51.96511852587415,4757200
2024-11-27,50.92035675048828,51.503919817635904,50.52504330870552,51.48509485509942,5264130
2024-11-28,51.03330612182617,51.17448795399078,50.77917451533655,50.77917451533655,3278989
2024-11-29,51.739227294921875,51.748637981094085,50.73211512125219,50.807411382113486,4550048
2024-12-02,50.63798904418945,51.57921561969667,50.52504286046703,51.023891796527636,6001028
2024-12-03,50.9580078125,51.485096003798176,50.713290475054684,50.85447231148656,5489271
2024-12-04,50.76976013183594,51.19331280842549,50.51562852588221,51.08977731075977,5472383
2024-12-05,50.88270950317383,51.72981125915347,50.84505957877622,50.967420037821235,5524197
2024-12-06,51.04271697998047,51.6262764539841,50.76034972420416,51.05213125645321,4636178
2024-12-09,51.72980880737305,52.068650929902944,51.07094952361983,51.080363799520235,4923269
2024-12-10,51.15566635131836,51.71099021149076,51.10860573750606,51.29685178324995,5329581
2024-12-11,50.336795806884766,51.14625121989153,50.15796405374151,50.58151672223277,5966852
2024-12-12,50.23326110839844,50.89212042645265,50.176789812032986,50.797999205513946,4771486
2024-12-13,50.22385025024414,50.74152414462035,49.98854360821001,50.270910860552085,4275545
2024-12-16,49.216739654541016,50.129727012756845,49.10378987766305,50.02619510302716,4393180
2024-12-17,48.6425895690918,48.90613186051513,47.81430917969705,48.09667643343554,5796575
2024-12-18,49.13202667236328,49.14143735805425,48.54846721617595,48.633174158877694,3934904
2024-12-19,48.87789535522461,49.1508519182665,48.72729924983846,48.94378092692515,4861317
2024-12-20,48.840248107910156,48.85907307092691,48.15315311502419,48.41669541626961,10645228
2024-12-23,48.80259323120117,48.97201429067083,48.56728660310378,48.86847879982891,2821732
2024-12-24,48.95319366455078,49.254389478442114,48.877897403948836,48.94378297841098,1155606
2024-12-27,49.64970016479492,49.64970016479492,49.01908010414855,49.04731575149262,3494132
2024-12-30,49.50851821899414,49.67793929592828,49.20732599122113,49.23556523103987,3167621
2024-12-31,50.23326110839844,50.23326110839844,49.48028056940552,49.527341179874874,1503880
